"Time","%_BWD - I45","%_BWD - I49","%_BWD - I50","%_BWD - I52","%_BWD - I53","%_BWD - I54","%_BWD - I55","%_BWD - I56","%_BWD - I57","%_BWD - I58"
2026-06-16 10:00:00,5.84%,2.53%,4.61%,,2.32%,0.760%,0.934%,0%,4.74%,
2026-06-16 13:00:00,2.01%,3.90%,6.28%,0%,3.15%,5.87%,2.99%,2.37%,2.32%,
2026-06-16 16:00:00,3.79%,2.39%,3.52%,1.81%,3.16%,6.78%,2.56%,2.70%,2.78%,
2026-06-16 19:00:00,2.32%,1.66%,4.27%,2.62%,5.94%,9.49%,3.08%,1.95%,1.69%,
2026-06-16 22:00:00,2.79%,2.61%,3.04%,1.82%,6.80%,5.08%,3.94%,1.76%,11.6%,
2026-06-17 01:00:00,0.776%,1.58%,0.780%,3.09%,10.3%,8.63%,3.77%,1.71%,2.45%,
2026-06-17 04:00:00,1.54%,3.33%,3.03%,3.19%,6.59%,4.22%,5.58%,4.04%,4.46%,
2026-06-17 07:00:00,1.78%,1.41%,1.92%,4.05%,2.24%,4.14%,4.86%,3.48%,3.44%,
2026-06-17 10:00:00,2.15%,2.45%,3.03%,1.95%,2.34%,12.3%,3.70%,4.85%,5.78%,
2026-06-17 13:00:00,3.51%,1.37%,3.07%,1.39%,2.10%,10.4%,2.46%,3.36%,7.47%,
2026-06-17 16:00:00,2.46%,3.09%,2.11%,2.47%,2.77%,3.98%,2.79%,2.76%,7.47%,
2026-06-17 19:00:00,2.46%,4.59%,1.32%,4.92%,4.25%,6.08%,2.39%,3.83%,7.16%,
2026-06-17 22:00:00,5.39%,4.98%,2.23%,2.38%,4.21%,6.33%,3.02%,2.43%,4.05%,
2026-06-18 01:00:00,6.88%,4.18%,5.30%,1.50%,3.91%,4.71%,2.99%,8.18%,2.15%,
2026-06-18 04:00:00,4.61%,2.94%,2.48%,1.45%,3.12%,2.45%,3.63%,4.28%,3.79%,
2026-06-18 07:00:00,4.48%,1.95%,2.97%,3.26%,5.33%,7.24%,4.79%,2.98%,2.74%,
2026-06-18 10:00:00,2.71%,3.10%,1.28%,2.86%,4.37%,8.65%,2.33%,0.843%,1.15%,
2026-06-18 13:00:00,2.41%,4.18%,4.09%,1.22%,5.17%,2.11%,7.53%,2.97%,2.97%,
2026-06-18 16:00:00,4.00%,1.67%,2.29%,4.63%,3.77%,2.74%,,2.02%,2.85%,
2026-06-18 19:00:00,1.87%,1.24%,3.77%,3.47%,3.83%,9.95%,,2.74%,0.984%,
2026-06-18 22:00:00,4.85%,2.04%,1.86%,3.13%,6.36%,7.87%,3.23%,5.22%,4.30%,
2026-06-19 01:00:00,4.42%,2.79%,3.30%,1.48%,4.06%,3.65%,,5.99%,5.23%,
2026-06-19 04:00:00,2.80%,1.56%,2.29%,2.27%,3.49%,1.78%,,4.27%,4.37%,
2026-06-19 07:00:00,3.59%,1.98%,3.19%,3.37%,4.44%,2.70%,,2.67%,2.04%,
2026-06-19 10:00:00,2.63%,4.29%,3.07%,1.78%,3.87%,2.18%,,3.07%,3.32%,
2026-06-19 13:00:00,2.47%,3.55%,1.59%,3.26%,2.54%,1.91%,,4.90%,3.00%,
2026-06-19 16:00:00,3.73%,5.85%,5.12%,2.64%,3.69%,4.09%,0%,1.41%,1.87%,
2026-06-19 19:00:00,4.34%,1.95%,1.30%,2.76%,4.57%,2.74%,0%,2.25%,,
2026-06-19 22:00:00,2.00%,3.08%,1.03%,2.07%,2.82%,6.38%,4.18%,3.97%,0%,
2026-06-20 01:00:00,5.50%,3.76%,0.0438%,1.14%,2.77%,2.96%,3.69%,2.46%,2.14%,
2026-06-20 04:00:00,6.97%,5.17%,2.43%,1.86%,3.16%,5.65%,6.60%,1.71%,5.54%,
2026-06-20 07:00:00,4.61%,6.08%,4.39%,0.573%,5.73%,3.07%,7.86%,3.43%,3.70%,
2026-06-20 10:00:00,3.09%,5.44%,8.79%,11.6%,3.44%,3.49%,7.53%,2.95%,1.30%,
2026-06-20 13:00:00,3.28%,5.39%,5.02%,1.79%,5.86%,1.39%,5.38%,4.52%,2.92%,
2026-06-20 16:00:00,2.65%,1.94%,5.48%,4.53%,6.73%,3.26%,6.14%,5.98%,2.85%,
2026-06-20 19:00:00,3.40%,3.12%,1.88%,0.722%,3.65%,2.70%,9.50%,5.25%,2.07%,
2026-06-20 22:00:00,4.18%,5.81%,1.04%,2.49%,3.06%,2.76%,5.31%,2.77%,3.68%,
2026-06-21 01:00:00,0%,3.53%,2.88%,0.641%,3.25%,2.86%,5.10%,4.33%,2.91%,
2026-06-21 04:00:00,2.61%,7.13%,1.74%,1.84%,3.79%,3.80%,3.84%,5.63%,2.35%,
2026-06-21 07:00:00,3.88%,6.88%,5.66%,1.55%,3.97%,3.38%,7.01%,3.21%,1.44%,
2026-06-21 10:00:00,3.94%,4.99%,2.65%,4.30%,1.62%,6.96%,6.23%,1.80%,2.84%,
2026-06-21 13:00:00,4.83%,2.88%,,,0%,18.1%,,1.63%,2.78%,
2026-06-21 16:00:00,7.38%,5.51%,,1.66%,1.73%,2.75%,5.94%,2.38%,5.89%,
2026-06-21 19:00:00,3.91%,2.38%,,1.38%,3.20%,2.01%,13.9%,2.42%,1.89%,
2026-06-21 22:00:00,4.68%,3.21%,0%,1.40%,5.85%,2.70%,8.15%,3.54%,3.13%,
2026-06-22 01:00:00,2.07%,3.98%,4.50%,1.54%,0.368%,3.59%,3.33%,0.739%,2.16%,
2026-06-22 04:00:00,5.40%,3.84%,6.32%,2.79%,4.34%,1.94%,4.39%,4.66%,2.79%,
2026-06-22 07:00:00,3.71%,7.97%,2.36%,2.86%,11.8%,3.16%,3.05%,4.61%,1.69%,
2026-06-22 10:00:00,30.9%,4.23%,6.07%,5.30%,5.19%,3.09%,3.87%,5.51%,3.08%,
2026-06-22 13:00:00,10.9%,4.78%,2.31%,2.05%,3.07%,2.70%,1.89%,7.84%,5.18%,
2026-06-22 16:00:00,5.60%,4.97%,4.05%,2.02%,2.87%,3.93%,3.61%,6.03%,3.78%,
2026-06-22 19:00:00,9.16%,2.94%,6.78%,3.02%,3.52%,1.36%,1.49%,3.61%,1.56%,
2026-06-22 22:00:00,9.25%,4.88%,2.97%,2.13%,7.56%,0%,4.28%,2.30%,3.60%,
2026-06-23 01:00:00,0.125%,0%,1.65%,2.74%,3.51%,1.98%,3.92%,3.88%,3.44%,
2026-06-23 04:00:00,4.06%,12.5%,1.10%,2.02%,2.54%,3.15%,3.61%,2.86%,2.07%,
2026-06-23 07:00:00,5.92%,3.61%,3.00%,2.79%,2.38%,1.96%,2.56%,3.30%,4.40%,
2026-06-23 10:00:00,4.45%,6.15%,5.46%,2.96%,3.35%,1.66%,3.64%,3.94%,4.82%,
2026-06-23 13:00:00,3.98%,6.95%,1.88%,1.64%,2.75%,3.42%,2.25%,1.79%,3.66%,
2026-06-23 16:00:00,3.11%,2.19%,3.66%,2.00%,2.60%,3.42%,1.91%,4.81%,3.50%,
2026-06-23 19:00:00,2.87%,3.73%,5.39%,2.27%,3.13%,3.75%,4.57%,6.52%,1.84%,
2026-06-23 22:00:00,4.68%,5.93%,4.55%,4.01%,3.40%,5.37%,3.11%,2.84%,4.22%,
2026-06-24 01:00:00,4.03%,3.72%,4.38%,1.47%,3.06%,8.04%,3.60%,1.10%,8.12%,
2026-06-24 04:00:00,6.06%,2.29%,3.85%,2.30%,7.09%,2.09%,1.52%,3.31%,4.31%,
2026-06-24 07:00:00,4.14%,5.65%,1.69%,4.42%,4.22%,4.32%,6.30%,2.44%,4.32%,
2026-06-24 10:00:00,6.57%,6.69%,2.51%,4.11%,3.38%,1.51%,2.56%,3.94%,2.61%,
2026-06-24 13:00:00,7.09%,2.18%,1.87%,6.24%,6.42%,2.02%,5.39%,1.16%,2.07%,
2026-06-24 16:00:00,3.67%,4.01%,3.33%,4.04%,6.68%,1.54%,4.80%,3.88%,2.60%,
2026-06-24 19:00:00,3.61%,3.28%,1.22%,1.84%,0.704%,4.59%,2.65%,1.75%,1.72%,
2026-06-24 22:00:00,3.59%,4.55%,4.96%,3.87%,3.14%,2.35%,5.12%,2.54%,2.59%,
2026-06-25 01:00:00,3.49%,2.35%,3.21%,0.452%,3.77%,2.38%,3.44%,4.69%,2.21%,
2026-06-25 04:00:00,4.48%,3.36%,2.57%,1.05%,4.12%,2.59%,4.17%,5.63%,3.87%,
2026-06-25 07:00:00,2.09%,2.63%,0%,3.78%,3.26%,3.10%,3.77%,2.17%,2.13%,
2026-06-25 10:00:00,3.29%,3.63%,1.60%,1.77%,4.08%,2.18%,2.37%,3.28%,2.48%,
2026-06-25 13:00:00,3.36%,3.17%,5.81%,1.32%,3.63%,11.0%,3.88%,3.30%,4.32%,
2026-06-25 16:00:00,1.56%,4.67%,3.21%,1.68%,4.75%,12.0%,5.76%,3.09%,3.62%,
2026-06-25 19:00:00,4.17%,3.83%,2.17%,3.24%,4.49%,6.02%,5.12%,3.24%,3.81%,
2026-06-25 22:00:00,3.80%,8.91%,4.15%,4.84%,1.56%,3.11%,3.64%,4.40%,2.86%,
2026-06-26 01:00:00,4.07%,4.31%,4.07%,1.74%,2.14%,2.79%,2.16%,3.04%,2.52%,
2026-06-26 04:00:00,4.40%,4.32%,4.30%,3.49%,2.76%,3.05%,4.45%,3.79%,2.72%,
2026-06-26 07:00:00,5.27%,1.21%,0.382%,4.52%,5.12%,5.85%,2.56%,2.75%,3.65%,
2026-06-26 10:00:00,3.06%,,3.20%,1.65%,4.09%,8.40%,5.47%,3.46%,2.77%,
2026-06-26 13:00:00,4.02%,,4.38%,0.879%,5.94%,8.86%,2.90%,3.09%,3.86%,
2026-06-26 16:00:00,3.14%,0.632%,5.41%,2.26%,2.27%,3.71%,4.13%,5.55%,2.93%,
2026-06-26 19:00:00,3.24%,1.78%,1.42%,2.83%,4.97%,3.77%,4.04%,2.01%,3.30%,
2026-06-26 22:00:00,5.92%,3.09%,3.75%,3.32%,7.82%,1.57%,4.69%,1.47%,2.40%,
2026-06-27 01:00:00,1.39%,4.78%,0%,2.19%,6.27%,4.74%,4.31%,1.10%,6.29%,
2026-06-27 04:00:00,1.76%,3.67%,0.719%,2.54%,2.15%,1.88%,4.23%,3.03%,4.78%,
2026-06-27 07:00:00,1.60%,1.98%,1.64%,3.36%,4.56%,3.49%,4.56%,1.88%,3.94%,
2026-06-27 10:00:00,2.11%,1.29%,4.56%,2.15%,4.65%,2.84%,10.0%,2.31%,1.55%,
2026-06-27 13:00:00,3.10%,2.92%,3.14%,3.92%,4.01%,5.05%,3.21%,3.61%,3.31%,
2026-06-27 16:00:00,2.74%,0.442%,2.62%,,4.27%,3.37%,0.922%,6.61%,5.76%,
2026-06-27 19:00:00,2.37%,,4.61%,,1.70%,3.61%,2.68%,2.54%,1.71%,
2026-06-27 22:00:00,2.86%,1.78%,2.53%,2.16%,2.46%,2.91%,3.17%,3.61%,3.28%,
2026-06-28 01:00:00,1.43%,0.668%,1.45%,,2.88%,2.23%,5.38%,6.08%,1.86%,
2026-06-28 04:00:00,2.60%,3.79%,1.28%,,3.02%,4.30%,2.04%,4.34%,3.52%,
2026-06-28 07:00:00,2.45%,2.47%,4.46%,,7.29%,5.79%,2.84%,3.32%,2.80%,
2026-06-28 10:00:00,1.98%,4.97%,1.96%,,4.84%,5.35%,1.36%,3.96%,1.69%,
2026-06-28 13:00:00,2.11%,0.754%,3.36%,,2.15%,2.24%,4.46%,11.0%,1.57%,
2026-06-28 16:00:00,6.27%,4.09%,3.47%,,2.17%,2.22%,7.06%,3.01%,2.41%,
2026-06-28 19:00:00,5.95%,4.36%,2.20%,,7.41%,6.99%,2.22%,4.60%,2.22%,
2026-06-28 22:00:00,3.25%,10.1%,1.29%,,4.40%,4.32%,1.86%,4.02%,1.27%,
2026-06-29 01:00:00,6.53%,3.66%,5.64%,0.609%,3.31%,2.75%,3.08%,3.74%,3.20%,
2026-06-29 04:00:00,3.97%,3.13%,0.774%,1.52%,3.72%,2.71%,2.16%,2.97%,4.13%,
2026-06-29 07:00:00,3.50%,3.14%,3.02%,1.19%,3.13%,3.42%,2.06%,5.81%,5.48%,
2026-06-29 10:00:00,3.14%,9.91%,2.23%,2.10%,3.45%,12.0%,1.12%,7.60%,2.46%,
2026-06-29 13:00:00,2.81%,2.36%,2.68%,0.974%,5.64%,0.563%,3.62%,4.11%,5.61%,
2026-06-29 16:00:00,3.19%,6.03%,13.8%,1.83%,2.78%,3.63%,5.82%,3.10%,3.75%,
2026-06-29 19:00:00,4.22%,5.84%,3.79%,0.708%,9.82%,4.37%,4.26%,2.65%,3.74%,
2026-06-29 22:00:00,4.55%,2.34%,4.89%,2.75%,10.0%,2.85%,3.49%,3.28%,5.25%,
2026-06-30 01:00:00,4.54%,3.54%,2.24%,3.80%,9.13%,1.18%,3.61%,2.07%,2.38%,
2026-06-30 04:00:00,2.73%,2.59%,1.34%,3.85%,6.42%,,2.63%,4.11%,1.66%,
2026-06-30 07:00:00,2.42%,10.2%,2.20%,2.43%,6.86%,2.57%,1.92%,6.46%,3.55%,
2026-06-30 10:00:00,2.49%,8.03%,2.74%,1.93%,3.95%,0%,1.01%,3.07%,1.67%,
2026-06-30 13:00:00,3.66%,5.13%,3.31%,3.03%,3.14%,,5.74%,9.71%,5.37%,
2026-06-30 16:00:00,3.16%,8.02%,0.308%,1.61%,6.05%,,2.21%,6.40%,3.75%,
2026-06-30 19:00:00,2.16%,5.14%,1.17%,2.13%,2.22%,,2.79%,4.59%,3.43%,
2026-06-30 22:00:00,4.42%,3.51%,2.16%,5.03%,11.5%,,5.52%,6.40%,2.29%,
2026-07-01 01:00:00,4.69%,24.0%,5.30%,1.39%,7.51%,0%,5.39%,2.78%,2.71%,
2026-07-01 04:00:00,1.87%,5.78%,1.57%,1.31%,6.72%,0.556%,8.71%,2.18%,3.07%,
2026-07-01 07:00:00,2.30%,14.8%,1.50%,1.92%,1.73%,3.37%,0.948%,1.51%,5.09%,
2026-07-01 10:00:00,2.74%,3.43%,1.67%,2.42%,3.74%,3.72%,2.45%,2.02%,2.26%,
2026-07-01 13:00:00,3.44%,,6.77%,3.34%,2.66%,5.83%,5.04%,3.81%,3.91%,
2026-07-01 16:00:00,2.94%,5.11%,5.47%,2.34%,3.45%,0.480%,7.61%,3.95%,5.57%,
2026-07-01 19:00:00,3.21%,,1.10%,1.27%,3.16%,3.60%,1.74%,4.71%,1.49%,
2026-07-01 22:00:00,2.16%,,4.21%,1.14%,3.23%,9.75%,2.89%,3.42%,2.23%,
2026-07-02 01:00:00,2.40%,,2.16%,3.16%,6.95%,8.14%,8.79%,9.30%,1.97%,
2026-07-02 04:00:00,2.67%,,2.53%,2.84%,2.47%,3.13%,2.46%,3.69%,2.72%,
2026-07-02 07:00:00,1.41%,,1.45%,3.05%,3.81%,8.33%,2.17%,4.47%,2.57%,
2026-07-02 10:00:00,1.57%,0.00371%,1.94%,3.41%,1.49%,12.8%,1.88%,2.30%,1.91%,
2026-07-02 13:00:00,2.17%,1.90%,6.15%,6.03%,6.87%,11.3%,1.58%,6.06%,3.67%,1.93%
2026-07-02 16:00:00,3.76%,3.48%,5.03%,2.92%,2.43%,4.47%,2.89%,,4.10%,1.99%
2026-07-02 19:00:00,4.69%,7.81%,2.12%,2.79%,7.16%,16.7%,3.27%,,,0%
2026-07-02 22:00:00,2.89%,10.6%,8.25%,2.99%,5.10%,1.87%,5.79%,,0.338%,0%
2026-07-03 01:00:00,2.72%,2.11%,4.13%,2.30%,5.46%,4.97%,5.79%,,4.44%,
2026-07-03 04:00:00,,6.97%,3.93%,2.72%,6.14%,4.08%,2.61%,,2.14%,
2026-07-03 07:00:00,,2.88%,3.52%,3.11%,2.01%,2.20%,1.52%,,2.71%,2.07%
2026-07-03 10:00:00,0%,2.63%,5.65%,1.52%,6.31%,3.81%,2.59%,,1.82%,0.0229%
2026-07-03 13:00:00,0.00554%,3.30%,5.40%,2.04%,6.51%,2.84%,1.88%,0%,2.72%,1.08%
2026-07-03 16:00:00,0.701%,3.85%,4.88%,3.15%,2.68%,1.83%,5.43%,1.50%,1.81%,3.66%
2026-07-03 19:00:00,7.89%,3.53%,3.07%,0.844%,1.42%,1.24%,4.80%,1.96%,1.82%,0.0580%
2026-07-03 22:00:00,6.65%,2.71%,3.03%,4.20%,8.49%,2.28%,3.53%,3.25%,2.09%,0.210%
2026-07-04 01:00:00,3.22%,5.06%,3.49%,1.23%,1.92%,2.87%,1.96%,3.19%,1.29%,0.146%
2026-07-04 04:00:00,1.81%,2.68%,1.59%,3.58%,,1.14%,8.89%,2.80%,2.36%,1.12%
2026-07-04 07:00:00,3.78%,0%,3.81%,3.85%,,3.87%,2.60%,1.66%,4.22%,1.90%
2026-07-04 10:00:00,5.53%,,1.42%,4.42%,11.9%,3.26%,3.87%,3.11%,4.97%,1.40%
2026-07-04 13:00:00,,,3.26%,2.21%,,4.74%,5.44%,3.86%,,0.0152%
2026-07-04 16:00:00,6.03%,,4.35%,3.76%,,3.70%,3.84%,4.90%,2.07%,1.33%
2026-07-04 19:00:00,4.73%,,3.08%,4.56%,,1.93%,4.42%,2.90%,1.59%,2.50%
2026-07-04 22:00:00,3.39%,,4.83%,3.79%,,2.37%,3.36%,3.76%,1.73%,4.29%
2026-07-05 01:00:00,2.09%,,13%,2.74%,,2.18%,1.42%,1.38%,2.22%,1.79%
2026-07-05 04:00:00,2.13%,3.65%,,3.36%,5.17%,2.04%,2.80%,2.34%,5.25%,3.67%
2026-07-05 07:00:00,4.12%,5.22%,8.34%,1.12%,,3.34%,2.50%,2.96%,4.11%,0.901%
2026-07-05 10:00:00,4.46%,3.21%,,2.36%,3.63%,4.75%,2.46%,2.94%,5.16%,1.91%
2026-07-05 13:00:00,4.09%,1.71%,,2.64%,8.28%,3.18%,1.29%,4.81%,3.95%,5.04%
2026-07-05 16:00:00,4.37%,5.61%,,2.97%,6.23%,1.82%,2.25%,3.54%,2.55%,1.86%
2026-07-05 19:00:00,7.36%,4.66%,0%,2.87%,6.19%,5.29%,2.91%,3.34%,6.22%,4.38%
2026-07-05 22:00:00,3.25%,1.46%,5.63%,2.61%,3.23%,2.32%,3.74%,2.65%,2.78%,2.58%
2026-07-06 01:00:00,3.93%,2.27%,1.47%,2.76%,5.34%,0.249%,3.03%,2.01%,6.13%,3.93%
2026-07-06 04:00:00,4.26%,2.26%,5.71%,2.93%,3.96%,1.74%,3.42%,2.74%,,2.46%
2026-07-06 07:00:00,5.57%,4.05%,3.89%,2.52%,4.09%,2.99%,3.15%,1.95%,3.63%,2.34%
2026-07-06 10:00:00,4.96%,7.79%,3.66%,2.14%,4.03%,1.58%,2.59%,4.82%,,2.80%
2026-07-06 13:00:00,3.47%,6.86%,3.10%,2.29%,5.71%,4.56%,2.57%,3.18%,,2.89%
2026-07-06 16:00:00,3.09%,4.13%,3.26%,3.10%,4.18%,2.86%,2.44%,2.13%,,3.26%
2026-07-06 19:00:00,2.63%,2.21%,4.46%,2.08%,6.91%,6.38%,3.01%,1.73%,,4.13%
2026-07-06 22:00:00,3.45%,1.83%,3.98%,1.58%,4.80%,4.76%,3.95%,1.75%,1.62%,3.22%
2026-07-07 01:00:00,0%,2.72%,6.97%,0%,2.39%,1.02%,3.03%,2.37%,2.33%,5.20%
2026-07-07 04:00:00,2.90%,1.18%,3.22%,3.12%,2.49%,2.78%,3.42%,3.44%,2.59%,3.07%
2026-07-07 07:00:00,4.63%,3.85%,2.06%,3.42%,3.47%,3.38%,1.88%,2.43%,3.29%,3.10%
2026-07-07 10:00:00,4.03%,0.975%,1.56%,1.95%,5.46%,2.85%,6.76%,4.33%,0.808%,2.24%
2026-07-07 13:00:00,4.29%,4.96%,2.56%,1.85%,27.5%,7.44%,4.13%,3.54%,2.23%,0.373%
2026-07-07 16:00:00,6.28%,6.06%,1.89%,3.53%,,2.76%,3.54%,5.34%,0.948%,2.69%
2026-07-07 19:00:00,2.66%,3.74%,0.259%,1.56%,13.4%,4.90%,1.97%,3.48%,3.78%,2.44%
2026-07-07 22:00:00,5.00%,2.73%,0.343%,3.24%,5.77%,7.23%,3.53%,2.58%,9.26%,3.06%
2026-07-08 01:00:00,4.28%,4.38%,0.00333%,0.942%,3.72%,8.20%,4.31%,3.04%,4.10%,5.59%
2026-07-08 04:00:00,4.11%,4.06%,0.952%,1.36%,2.00%,6.69%,1.22%,3.97%,3.10%,2.02%
2026-07-08 07:00:00,3.86%,0.198%,0.180%,2.34%,2.56%,4.12%,7.92%,3.82%,1.94%,3.27%
2026-07-08 10:00:00,5.63%,2.67%,1.08%,12.1%,3.74%,2.44%,1.59%,3.12%,4.38%,1.24%
2026-07-08 13:00:00,1.16%,1.51%,0.454%,2.09%,3.64%,2.52%,2.97%,4.85%,2.38%,4.28%
2026-07-08 16:00:00,2.86%,1.82%,2.48%,7.06%,6.29%,3.91%,3.33%,2.38%,1.97%,2.36%
2026-07-08 19:00:00,2.49%,1.83%,1.53%,5.46%,6.85%,0%,4.50%,1.48%,3.49%,1.47%
2026-07-08 22:00:00,2.94%,3.11%,2.62%,1.24%,4.20%,2.60%,2.04%,3.09%,3.28%,1.59%
2026-07-09 01:00:00,5.15%,2.65%,3.94%,3.23%,5.59%,3.51%,6.41%,1.44%,0.153%,2.16%
2026-07-09 04:00:00,4.22%,4.40%,1.38%,3.32%,2.70%,2.66%,3.53%,2.89%,3.17%,4.28%
2026-07-09 07:00:00,5.01%,4.50%,3.65%,4.05%,5.27%,2.78%,1.23%,2.62%,4.21%,3.20%
2026-07-09 10:00:00,4.36%,2.02%,4.61%,6.01%,4.95%,2.55%,1.61%,3.10%,3.62%,1.19%
2026-07-09 13:00:00,7.65%,2.41%,3.38%,3.60%,3.73%,2.07%,7.42%,4.24%,3.49%,2.27%
2026-07-09 16:00:00,1.91%,2.73%,1.94%,7.37%,4.03%,4.40%,1.28%,6.64%,2.81%,2.88%
2026-07-09 19:00:00,1.77%,1.75%,4.58%,4.14%,4.59%,2.91%,8.92%,4.38%,3.41%,2.06%
2026-07-09 22:00:00,3.47%,4.25%,4.19%,4.16%,3.37%,5.25%,4.97%,4.35%,3.89%,2.02%
2026-07-10 01:00:00,1.75%,8.33%,2.23%,2.13%,5.75%,3.93%,4.65%,3.37%,2.29%,2.96%
2026-07-10 04:00:00,2.72%,4.81%,3.71%,3.94%,5.39%,3.89%,3.23%,1.83%,2.24%,1.86%
2026-07-10 07:00:00,5.94%,4.34%,5.02%,5.96%,4.16%,4.69%,3.47%,2.40%,4.87%,2.82%
2026-07-10 10:00:00,5.15%,3.82%,4.95%,2.35%,3.73%,2.79%,1.54%,1.97%,1.66%,7.60%
2026-07-10 13:00:00,3.89%,3.46%,1.97%,8.21%,19.2%,8.11%,5.27%,5.51%,3.42%,1.53%
2026-07-10 16:00:00,2.07%,3.04%,2.98%,3.79%,4.54%,5.31%,3.69%,3.93%,1.67%,2.20%
2026-07-10 19:00:00,1.51%,18.9%,2.77%,3.84%,3.94%,5.00%,0.259%,1.63%,1.08%,2.16%
2026-07-10 22:00:00,2.92%,1.47%,2.06%,2.79%,2.74%,5.54%,4.83%,4.68%,2.30%,2.22%
2026-07-11 01:00:00,1.18%,2.50%,2.73%,1.99%,3.82%,6.67%,2.58%,2.17%,1.05%,1.65%
2026-07-11 04:00:00,3.43%,4.79%,3.64%,5.03%,2.66%,6.03%,2.59%,2.99%,1.69%,3.24%
2026-07-11 07:00:00,3.84%,2.49%,3.88%,9.02%,1.95%,3.77%,1.50%,5.68%,2.47%,3.53%
2026-07-11 10:00:00,4.01%,2.12%,6.35%,6.27%,2.77%,3.39%,3.52%,2.04%,3.58%,2.57%
2026-07-11 13:00:00,5.14%,1.71%,0%,6.50%,7.89%,1.10%,3.10%,4.30%,2.68%,3.66%
2026-07-11 16:00:00,11.9%,2.40%,1.04%,7.00%,4.03%,4.95%,1.84%,1.83%,3.90%,5.11%
2026-07-11 19:00:00,,4.02%,6.31%,1.91%,2.49%,3.95%,3.05%,5.25%,0%,3.67%
2026-07-11 22:00:00,0.342%,6.29%,1.44%,4.84%,3.38%,2.85%,3.68%,3.99%,5.67%,4.55%
2026-07-12 01:00:00,,7.44%,2.54%,1.64%,4.23%,2.93%,2.00%,4.02%,2.25%,0.427%
2026-07-12 04:00:00,,7.32%,4.20%,1.76%,3.56%,14.9%,5.95%,2.62%,2.72%,2.81%
2026-07-12 07:00:00,,2.29%,0.0108%,2.90%,9.89%,2.28%,2.42%,1.32%,1.84%,3.46%
2026-07-12 10:00:00,,2.95%,0%,3.29%,6.35%,2.02%,1.91%,2.44%,3.23%,4.43%
2026-07-12 13:00:00,,1.42%,5.67%,1.49%,8.54%,6.57%,1.98%,1.72%,2.24%,3.03%
2026-07-12 16:00:00,,7.15%,3.36%,2.09%,8.32%,5.01%,2.31%,2.68%,2.04%,5.09%
2026-07-12 19:00:00,,8.02%,2.79%,3.24%,2.93%,3.56%,2.10%,1.78%,3.13%,2.87%
2026-07-12 22:00:00,,4.25%,5.46%,3.86%,2.63%,5.03%,7.18%,2.27%,2.39%,2.22%
2026-07-13 01:00:00,,3.24%,3.40%,2.49%,4.11%,3.63%,2.52%,2.10%,2.27%,2.90%
2026-07-13 04:00:00,0%,4.97%,3.08%,2.75%,3.04%,4.13%,2.58%,2.75%,5.81%,1.97%
2026-07-13 07:00:00,0.624%,3.87%,5.04%,5.05%,5.42%,1.45%,2.27%,2.86%,4.58%,3.67%
2026-07-13 10:00:00,1.29%,8.66%,5.15%,4.99%,4.00%,2.01%,1.72%,3.36%,2.98%,7.85%
2026-07-13 13:00:00,2.39%,2.53%,4.61%,3.18%,5.00%,2.13%,4.37%,5.18%,2.70%,3.87%
2026-07-13 16:00:00,3.26%,6.49%,1.45%,2.23%,1.58%,4.97%,1.98%,5.31%,3.74%,5.56%
2026-07-13 19:00:00,1.21%,5.86%,2.98%,4.82%,3.50%,5.56%,2.32%,2.46%,4.37%,3.51%
2026-07-13 22:00:00,5.56%,4.56%,9.11%,2.92%,3.57%,3.51%,3.08%,0.961%,4.60%,3.87%
2026-07-14 01:00:00,1.47%,5.26%,1.81%,3.90%,1.90%,1.87%,2.44%,3.81%,6.94%,2.69%
2026-07-14 04:00:00,2.71%,2.32%,4.15%,1.80%,3.29%,3.76%,2.53%,3.38%,5.84%,2.03%
2026-07-14 07:00:00,5.11%,3.23%,3.13%,1.41%,4.85%,12.1%,4.01%,3.34%,0.967%,2.27%
2026-07-14 10:00:00,7.42%,3.77%,2.10%,1.82%,2.72%,5.90%,1.70%,1.99%,8.84%,2.33%
2026-07-14 13:00:00,5.03%,2.03%,1.88%,4.03%,5.78%,4.82%,3.62%,3.15%,4.75%,1.27%
2026-07-14 16:00:00,3.21%,5.20%,6.84%,3.43%,6.79%,7.98%,4.63%,3.85%,1.80%,1.94%
2026-07-14 19:00:00,1.09%,2.49%,3.19%,1.92%,4.02%,7.25%,1.96%,1.19%,6.07%,2.46%
2026-07-14 22:00:00,2.44%,2.90%,4.03%,3.08%,4.75%,1.42%,0.993%,2.53%,1.85%,1.98%
2026-07-15 01:00:00,1.89%,3.36%,3.99%,1.51%,7.13%,4.68%,1.66%,2.47%,5.05%,3.10%
2026-07-15 04:00:00,1.81%,3.62%,1.42%,3.67%,11.2%,2.14%,2.57%,3.20%,2.12%,6.86%
2026-07-15 07:00:00,2.38%,2.10%,2.25%,4.03%,15.1%,4.84%,2.18%,2.97%,3.00%,2.87%
2026-07-15 10:00:00,4.86%,1.85%,4.92%,3.22%,11.2%,10.3%,2.15%,2.67%,1.17%,4.23%
2026-07-15 13:00:00,1.93%,8.65%,3.89%,2.18%,11.5%,13.6%,3.33%,5.17%,0.729%,2.62%
2026-07-15 16:00:00,2.29%,2.57%,2.74%,2.94%,9.44%,3.76%,1.72%,2.05%,1.86%,3.90%
2026-07-15 19:00:00,2.39%,3.44%,6.49%,2.11%,4.61%,5.69%,1.82%,1.92%,2.28%,3.33%
2026-07-15 22:00:00,4.09%,2.00%,1.76%,3.07%,3.03%,8.17%,3.67%,1.30%,2.56%,4.18%
2026-07-16 01:00:00,2.21%,1.86%,9.95%,4.17%,2.64%,2.44%,3.16%,2.29%,2.54%,1.84%
2026-07-16 04:00:00,2.24%,3.37%,11.4%,2.02%,5.89%,9.21%,2.67%,2.01%,2.69%,2.30%
2026-07-16 07:00:00,1.84%,3.02%,1.74%,3.06%,5.98%,7.35%,2.40%,4.90%,5.17%,2.63%
2026-07-16 10:00:00,3.86%,2.97%,1.62%,1.99%,4.75%,3.81%,2.11%,4.79%,6.79%,3.32%
2026-07-16 13:00:00,5.87%,3.54%,3.56%,3.95%,4.51%,2.70%,3.03%,4.46%,7.71%,6.64%
2026-07-16 16:00:00,4.45%,2.53%,4.89%,2.01%,7.88%,4.21%,3.20%,3.20%,6.54%,3.15%
2026-07-16 19:00:00,3.34%,5.02%,3.80%,2.31%,11.2%,1.43%,1.81%,4.65%,4.26%,1.86%
2026-07-16 22:00:00,7.78%,4.54%,3.88%,2.76%,12.3%,10.4%,3.74%,4.95%,4.02%,1.48%
2026-07-17 01:00:00,2.36%,7.94%,11.8%,1.34%,6.05%,7.06%,5.34%,4.10%,4.70%,1.23%
2026-07-17 04:00:00,2.24%,3.30%,,1.78%,6.97%,2.97%,4.42%,0.858%,3.98%,2.83%
2026-07-17 07:00:00,2.87%,3.12%,,3.63%,10.7%,1.91%,4.80%,0.702%,5.77%,2.96%
2026-07-17 10:00:00,3.51%,3.56%,,2.54%,11.1%,5.05%,2.11%,2.60%,4.68%,3.74%
2026-07-17 13:00:00,11.1%,3.31%,,1.85%,10.4%,3.35%,2.08%,6.68%,4.57%,3.38%
2026-07-17 16:00:00,2.26%,2.74%,0%,3.07%,8.31%,2.43%,3.26%,4.14%,4.59%,3.29%
2026-07-17 19:00:00,3.12%,6.74%,0%,1.73%,6.92%,7.96%,2.66%,2.54%,3.88%,2.36%
2026-07-17 22:00:00,5.62%,3.96%,0%,1.74%,4.73%,7.02%,3.84%,2.52%,4.25%,2.35%
2026-07-18 01:00:00,2.61%,4.72%,6.05%,4.92%,2.43%,5.67%,2.48%,1.46%,4.52%,2.32%
2026-07-18 04:00:00,3.41%,4.97%,6.72%,3.50%,8.92%,4.39%,,2.02%,4.50%,2.29%
2026-07-18 07:00:00,3.39%,7.32%,4.73%,4.64%,8.10%,3.27%,,5.48%,2.84%,2.65%
2026-07-18 10:00:00,5.23%,2.91%,3.34%,3.73%,9.75%,2.77%,5.32%,2.82%,2.19%,2.58%
2026-07-18 13:00:00,4.77%,3.29%,1.90%,2.85%,3.35%,3.89%,,4.60%,3.21%,1.09%
2026-07-18 16:00:00,4.32%,5.66%,2.02%,3.23%,3.31%,3.65%,,2.45%,3.49%,2.37%
2026-07-18 19:00:00,3.61%,1.38%,2.66%,2.06%,4.41%,9.07%,,1.96%,4.55%,2.28%
2026-07-18 22:00:00,1.91%,3.26%,5.77%,2.70%,3.54%,2.86%,,3.79%,4.70%,2.52%
2026-07-19 01:00:00,2.59%,4.24%,,1.13%,3.05%,1.35%,0.795%,2.98%,3.81%,2.78%
2026-07-19 04:00:00,2.96%,3.49%,2.15%,3.26%,2.42%,3.72%,2.72%,1.83%,3.09%,2.89%
2026-07-19 07:00:00,3.64%,3.52%,15.0%,0.742%,2.20%,2.88%,3.09%,1.62%,3.18%,3.77%
2026-07-19 10:00:00,3.23%,2.40%,17.0%,0.904%,2.42%,3.26%,4.56%,5.94%,2.44%,4.99%
2026-07-19 13:00:00,4.10%,1.15%,2.86%,2.59%,2.34%,2.42%,3.80%,4.81%,3.31%,3.58%
2026-07-19 16:00:00,4.52%,1.82%,6.13%,2.38%,3.83%,2.54%,3.11%,3.38%,8.04%,1.69%
2026-07-19 19:00:00,3.60%,4.85%,5.91%,2.36%,4.18%,3.31%,2.85%,3.79%,6.77%,3.32%
2026-07-19 22:00:00,3.93%,3.02%,1.71%,2.32%,4.99%,4.05%,4.19%,1.76%,5.39%,2.42%
2026-07-20 01:00:00,1.69%,3.61%,2.70%,1.66%,4.52%,4.52%,2.31%,4.60%,6.58%,2.57%
2026-07-20 04:00:00,4.51%,5.36%,3.30%,2.53%,2.83%,4.00%,1.68%,,5.56%,3.00%
2026-07-20 07:00:00,3.62%,4.73%,4.43%,2.07%,2.49%,3.92%,1.78%,10.8%,3.67%,2.49%
2026-07-20 10:00:00,3.42%,3.20%,4.04%,4.57%,3.32%,8.65%,3.06%,3.45%,5.60%,3.59%
2026-07-20 13:00:00,8.20%,1.90%,4.79%,0.912%,3.98%,3.63%,2.94%,1.83%,3.54%,3.88%
2026-07-20 16:00:00,3.53%,2.86%,11.0%,0.0967%,6.02%,6.84%,0.842%,3.27%,5.09%,2.12%
2026-07-20 19:00:00,3.56%,1.99%,10.4%,2.62%,6.20%,4.38%,2.40%,0.587%,5.53%,2.28%
2026-07-20 22:00:00,4.92%,0.986%,1.61%,1.17%,1.81%,6.91%,10.1%,5.16%,1.62%,2.82%
2026-07-21 01:00:00,4.50%,3.67%,2.15%,2.52%,6.06%,3.48%,2.94%,3.14%,2.95%,2.03%
2026-07-21 04:00:00,2.92%,1.54%,2.22%,2.27%,4.22%,1.72%,1.19%,3.37%,3.78%,3.46%
2026-07-21 07:00:00,4.67%,1.65%,2.56%,1.42%,1.46%,2.17%,3.24%,1.46%,2.96%,1.92%
2026-07-21 10:00:00,6.15%,2.70%,2.57%,1.91%,5.40%,2.48%,7.38%,1.70%,3.11%,4.30%
2026-07-21 13:00:00,2.97%,2.95%,1.83%,1.98%,4.19%,3.42%,4.17%,2.63%,4.36%,1.57%
2026-07-21 16:00:00,2.49%,4.56%,1.30%,2.30%,2.52%,3.00%,3.51%,2.03%,3.07%,2.21%
2026-07-21 19:00:00,2.02%,9.27%,2.62%,1.41%,4.11%,2.59%,4.39%,1.76%,2.04%,3.16%
2026-07-21 22:00:00,1.89%,11.1%,10.6%,,0.648%,2.55%,4.02%,2.85%,2.22%,3.18%
2026-07-22 01:00:00,2.53%,5.97%,2.17%,2.49%,2.09%,3.19%,3.66%,0.725%,3.91%,2.61%
2026-07-22 04:00:00,1.29%,7.25%,2.45%,3.27%,1.69%,3.93%,3.25%,1.45%,2.33%,5.55%
2026-07-22 07:00:00,3.06%,1.31%,3.94%,3.33%,2.31%,2.73%,3.22%,1.74%,3.49%,7.04%
2026-07-22 10:00:00,5.72%,6.01%,3.64%,2.28%,4.56%,2.92%,5.47%,1.63%,4.12%,3.75%
2026-07-22 13:00:00,7.08%,1.72%,3.01%,1.99%,4.06%,24.3%,3.30%,2.85%,2.41%,0.965%
2026-07-22 16:00:00,4.38%,5.05%,4.36%,3.38%,5.71%,1.92%,2.00%,2.70%,4.65%,5.52%
2026-07-22 19:00:00,2.80%,12.0%,3.48%,1.70%,3.39%,2.92%,4.54%,1.30%,2.41%,3.78%
2026-07-22 22:00:00,6.49%,6.98%,6.49%,3.14%,2.21%,3.59%,4.10%,3.52%,4.34%,3.74%
2026-07-23 01:00:00,4.27%,4.98%,4.15%,2.93%,2.36%,5.70%,4.85%,2.25%,2.24%,1.20%
2026-07-23 04:00:00,2.38%,2.79%,2.34%,2.67%,2.33%,5.43%,3.19%,2.09%,1.99%,1.59%
2026-07-23 07:00:00,4.45%,1.43%,1.25%,2.10%,6.05%,4.02%,7.25%,1.37%,1.79%,2.22%
2026-07-23 10:00:00,2.96%,1.53%,1.08%,6.16%,6.38%,3.75%,3.93%,1.96%,1.49%,2.80%
2026-07-23 13:00:00,7.66%,2.90%,3.06%,3.58%,3.50%,2.05%,12.8%,2.63%,2.53%,2.64%
2026-07-23 16:00:00,1.27%,2.86%,5.65%,,2.47%,2.71%,4.14%,2.94%,2.10%,3.06%
2026-07-23 19:00:00,0.160%,1.43%,0.306%,2.27%,2.19%,0.327%,11.3%,1.79%,3.51%,3.53%
2026-07-23 22:00:00,1.48%,1.58%,0%,4.97%,2.57%,1.67%,4.70%,2.33%,2.11%,3.08%
2026-07-24 01:00:00,3.92%,3.59%,2.90%,2.07%,5.29%,6.13%,3.55%,2.12%,2.48%,2.70%
2026-07-24 04:00:00,1.88%,6.14%,1.39%,0.871%,7.62%,3.92%,2.51%,2.21%,3.00%,2.66%
2026-07-24 07:00:00,3.75%,1.97%,1.28%,0.878%,5.76%,2.97%,2.34%,6.08%,2.17%,1.87%
2026-07-24 10:00:00,5.03%,4.11%,2.20%,4.30%,5.47%,5.68%,3.57%,3.53%,2.51%,1.36%
2026-07-24 13:00:00,3.72%,3.09%,5.10%,3.89%,4.87%,4.92%,6.58%,5.48%,1.39%,3.74%
2026-07-24 16:00:00,3.96%,3.64%,1.12%,5.15%,4.02%,2.49%,8.15%,3.21%,2.76%,
2026-07-24 19:00:00,6.02%,1.59%,1.69%,3.91%,5.65%,6.24%,7.90%,2.52%,,
2026-07-24 22:00:00,3.43%,2.97%,2.14%,2.13%,2.12%,3.09%,3.74%,2.50%,0%,
2026-07-25 01:00:00,2.33%,3.26%,2.00%,0%,5.58%,3.64%,2.84%,2.82%,2.00%,1.89%
2026-07-25 04:00:00,1.50%,4.21%,2.26%,,3.38%,3.15%,3.71%,3.59%,2.42%,3.46%
2026-07-25 07:00:00,3.62%,3.89%,2.23%,12.3%,1.94%,1.67%,4.61%,1.57%,2.63%,3.13%
2026-07-25 10:00:00,6.05%,0.939%,3.06%,,5.05%,7.88%,7.96%,1.69%,2.86%,0.512%
2026-07-25 13:00:00,4.65%,2.50%,2.79%,,4.50%,2.82%,3.56%,5.83%,5.00%,1.68%
2026-07-25 16:00:00,2.84%,2.04%,1.64%,0.122%,4.37%,3.57%,15.1%,1.03%,4.46%,1.75%
2026-07-25 19:00:00,3.95%,2.30%,2.02%,,0.693%,5.24%,2.39%,1.07%,2.99%,2.69%
2026-07-25 22:00:00,4.27%,3.57%,2.81%,0.0320%,3.99%,4.10%,7.83%,4.66%,2.29%,3.56%
2026-07-26 01:00:00,2.28%,3.80%,2.39%,10.3%,8.64%,7.11%,3.38%,3.01%,2.35%,1.30%
2026-07-26 04:00:00,4.55%,4.50%,3.64%,2.22%,3.34%,,2.62%,3.34%,2.53%,3.03%
2026-07-26 07:00:00,3.20%,5.43%,3.62%,2.16%,5.05%,,3.71%,2.22%,3.97%,3.05%
2026-07-26 10:00:00,3.64%,2.80%,4.27%,2.48%,7.44%,0.813%,3.06%,2.20%,5.27%,3.71%
2026-07-26 13:00:00,2.19%,2.52%,11.4%,,4.50%,,2.87%,2.91%,6.76%,4.44%
2026-07-26 16:00:00,2.59%,3.70%,2.99%,,5.39%,,4.09%,3.84%,3.89%,3.21%
2026-07-26 19:00:00,4.21%,2.93%,4.83%,,17.3%,,2.33%,3.90%,1.35%,2.66%
2026-07-26 22:00:00,2.21%,7.20%,2.06%,,9.16%,,3.41%,3.67%,2.44%,1.74%
2026-07-27 01:00:00,2.82%,1.75%,5.26%,19.8%,5.79%,,2.76%,6.34%,0.602%,0%
2026-07-27 04:00:00,3.50%,6.16%,2.50%,3.86%,5.04%,0%,2.32%,4.76%,3.49%,2.23%
2026-07-27 07:00:00,3.86%,2.50%,3.92%,2.99%,6.66%,,6.27%,3.49%,2.91%,2.47%
2026-07-27 10:00:00,2.54%,3.44%,3.11%,3.09%,4.48%,4.31%,3.30%,2.36%,2.31%,4.36%
2026-07-27 13:00:00,5.31%,4.38%,2.45%,3.05%,1.77%,3.88%,3.85%,2.37%,4.29%,2.99%
2026-07-27 16:00:00,2.57%,2.56%,0%,3.35%,0.601%,4.55%,6.35%,2.62%,5.76%,3.19%
2026-07-27 19:00:00,3.82%,3.67%,0%,4.11%,4.72%,4.43%,5.44%,2.61%,3.65%,2.71%
2026-07-27 22:00:00,2.71%,3.71%,1.39%,4.99%,9.32%,4.54%,4.20%,1.93%,2.98%,1.05%
2026-07-28 01:00:00,5.93%,2.96%,0.684%,2.63%,4.30%,2.88%,6.49%,2.28%,3.45%,3.06%
2026-07-28 04:00:00,3.49%,5.34%,9.10%,6.58%,1.56%,7.51%,4.27%,3.22%,3.68%,17.4%
2026-07-28 07:00:00,6.13%,16.8%,1.84%,0.547%,2.10%,6.20%,3.40%,2.05%,1.58%,4.54%
2026-07-28 10:00:00,6.81%,8.11%,2.52%,1.32%,5.01%,10.4%,2.11%,1.79%,3.60%,4.26%
2026-07-28 13:00:00,12.0%,1.86%,2.74%,2.28%,0.510%,8.00%,2.12%,2.35%,11.7%,3.16%
2026-07-28 16:00:00,6.43%,2.70%,91.4%,1.48%,0.105%,4.73%,3.31%,4.76%,11.5%,5.41%
2026-07-28 19:00:00,13.8%,3.48%,8.38%,2.50%,1.94%,3.90%,2.57%,3.06%,10.9%,2.55%
2026-07-28 22:00:00,,2.10%,9.68%,1.46%,3.30%,2.75%,3.35%,4.37%,4.13%,3.35%
2026-07-29 01:00:00,,7.30%,1.66%,1.10%,7.13%,5.54%,4.62%,3.93%,9.16%,2.41%
2026-07-29 04:00:00,,9.58%,6.13%,2.21%,3.49%,5.69%,4.55%,0.962%,11.2%,2.23%
2026-07-29 07:00:00,,7.13%,4.78%,4.12%,3.97%,5.12%,4.39%,2.04%,8.61%,2.81%
2026-07-29 10:00:00,,6.16%,5.17%,0%,1.65%,5.44%,3.37%,5.78%,2.96%,6.08%
2026-07-29 13:00:00,8.03%,2.29%,57.7%,0.343%,5.35%,5.18%,4.15%,5.12%,5.66%,
2026-07-29 16:00:00,8.82%,4.33%,0%,2.78%,6.85%,2.66%,3.24%,3.60%,6.43%,1.89%
2026-07-29 19:00:00,4.04%,2.48%,,1.88%,3.41%,2.68%,2.25%,2.13%,1.59%,1.74%
2026-07-29 22:00:00,2.11%,1.87%,,1.89%,2.51%,3.12%,4.29%,6.50%,2.64%,1.30%
2026-07-30 01:00:00,0.704%,2.58%,,1.98%,4.35%,2.94%,3.31%,1.93%,4.51%,2.72%
2026-07-30 04:00:00,1.65%,3.80%,,2.62%,5.30%,2.52%,1.11%,2.14%,5.69%,2.19%
2026-07-30 07:00:00,4.05%,1.37%,2.10%,2.09%,2.00%,0.915%,3.04%,3.27%,7.73%,3.60%
2026-07-30 10:00:00,2.23%,2.11%,3.10%,2.23%,4.49%,2.83%,5.94%,3.01%,0.429%,2.50%
2026-07-30 13:00:00,0.839%,4.05%,3.19%,3.78%,2.36%,3.52%,4.16%,4.89%,,3.36%
2026-07-30 16:00:00,4.05%,2.04%,4.31%,2.86%,5.38%,4.12%,1.45%,5.88%,,3.85%
2026-07-30 19:00:00,2.74%,,2.25%,3.56%,1.54%,3.53%,3.68%,2.04%,,3.79%
2026-07-30 22:00:00,3.05%,,3.48%,5.39%,3.79%,3.14%,4.97%,1.24%,5.59%,2.58%
2026-07-31 01:00:00,2.90%,0%,5.78%,5.45%,0.841%,1.12%,5.36%,2.01%,8.19%,1.84%
2026-07-31 04:00:00,1.34%,3.37%,3.96%,4.17%,2.20%,,5.12%,1.21%,5.98%,2.89%
2026-07-31 07:00:00,10.5%,2.64%,3.70%,3.13%,4.53%,,2.62%,1.75%,2.86%,3.96%
2026-07-31 10:00:00,3.78%,2.32%,4.19%,2.03%,1.56%,2.32%,2.86%,2.11%,1.21%,2.31%
2026-07-31 13:00:00,8.92%,13.0%,3.87%,2.63%,3.35%,5.31%,3.62%,7.94%,2.55%,5.54%
2026-07-31 16:00:00,2.93%,3.24%,3.81%,2.33%,3.01%,1.91%,3.48%,3.41%,3.08%,3.45%
2026-07-31 19:00:00,1.18%,3.52%,2.11%,1.52%,3.65%,4.41%,3.55%,3.85%,4.60%,1.83%
2026-07-31 22:00:00,3.08%,4.64%,4.75%,4.53%,2.07%,3.16%,4.42%,3.71%,9.96%,1.70%
2026-08-01 01:00:00,1.54%,5.29%,2.10%,1.42%,2.77%,6.46%,3.79%,3.05%,2.85%,2.38%
2026-08-01 04:00:00,2.30%,5.40%,0.728%,1.05%,5.14%,3.88%,4.30%,2.65%,5.83%,4.10%
2026-08-01 07:00:00,2.03%,4.94%,2.68%,2.12%,2.37%,2.61%,4.47%,3.33%,2.57%,2.11%
2026-08-01 10:00:00,2.23%,4.99%,2.19%,1.65%,3.47%,5.15%,1.74%,3.93%,1.31%,2.95%
2026-08-01 13:00:00,2.61%,3.88%,7.51%,3.59%,6.59%,3.24%,3.89%,2.32%,2.95%,1.25%
2026-08-01 16:00:00,2.04%,7.51%,4.01%,4.38%,1.25%,4.03%,3.51%,8.88%,3.13%,3.21%
2026-08-01 19:00:00,2.87%,2.49%,3.13%,2.35%,1.80%,4.07%,3.75%,7.81%,5.36%,2.20%
2026-08-01 22:00:00,2.24%,2.59%,3.96%,2.15%,0.421%,4.72%,4.01%,2.21%,7.81%,3.18%
2026-08-02 01:00:00,6.12%,5.75%,1.56%,3.46%,2.49%,3.54%,3.84%,2.37%,2.23%,1.90%
2026-08-02 04:00:00,4.52%,5.76%,3.90%,,,2.90%,1.51%,2.19%,1.15%,3.40%
2026-08-02 07:00:00,5.44%,4.95%,2.12%,,11.4%,5.10%,8.27%,3.21%,0.739%,1.72%
2026-08-02 10:00:00,3.80%,2.25%,3.41%,,0%,3.12%,4.38%,3.16%,1.14%,2.61%
2026-08-02 13:00:00,2.98%,2.20%,1.27%,,,4.94%,2.57%,1.77%,3.44%,1.24%
2026-08-02 16:00:00,2.91%,2.11%,5.04%,,,3.10%,3.67%,3.81%,3.18%,2.33%
2026-08-02 19:00:00,3.75%,4.41%,3.56%,,,2.18%,6.18%,2.32%,1.24%,1.91%
2026-08-02 22:00:00,5.52%,2.18%,1.59%,0%,,3.18%,3.57%,2.46%,2.58%,2.29%
2026-08-03 01:00:00,3.21%,4.48%,3.64%,2.26%,,4.51%,4.31%,2.80%,5.26%,3.41%
2026-08-03 04:00:00,3.16%,2.94%,1.99%,2.56%,,3.96%,3.53%,3.44%,1.27%,2.43%
2026-08-03 07:00:00,8.08%,5.68%,2.46%,1.89%,0%,4.23%,2.95%,1.28%,2.52%,2.44%
2026-08-03 10:00:00,2.55%,5.96%,1.90%,2.07%,0.231%,5.45%,3.77%,2.25%,4.06%,4.17%
2026-08-03 13:00:00,3.61%,4.75%,0.524%,2.24%,2.17%,4.26%,5.15%,1.87%,3.62%,2.44%
2026-08-03 16:00:00,1.67%,4.00%,0.917%,1.02%,3.70%,4.88%,4.09%,6.27%,3.11%,2.57%
2026-08-03 19:00:00,2.76%,2.39%,1.76%,1.77%,4.94%,2.30%,2.95%,4.72%,2.18%,3.19%
2026-08-03 22:00:00,3.75%,0.810%,2.15%,1.54%,7.19%,3.87%,4.03%,3.74%,2.00%,4.56%
2026-08-04 01:00:00,0.962%,0%,3.10%,0.715%,5.73%,3.49%,1.77%,2.20%,3.89%,4.67%
2026-08-04 04:00:00,2.30%,,2.66%,1.76%,2.99%,4.34%,,3.02%,3.16%,4.25%
2026-08-04 07:00:00,5.78%,,4.02%,2.31%,3.18%,1.77%,0%,2.71%,1.43%,4.24%
2026-08-04 10:00:00,3.85%,,2.36%,1.49%,7.73%,4.07%,4.98%,2.08%,3.43%,4.46%
2026-08-04 13:00:00,2.35%,,4.03%,1.58%,3.61%,2.41%,4.64%,3.62%,5.06%,2.07%
2026-08-04 16:00:00,1.96%,,7.24%,1.38%,3.06%,3.74%,9.24%,6.24%,2.23%,2.72%
2026-08-04 19:00:00,2.03%,,1.83%,5.04%,4.47%,5.04%,8.49%,2.66%,1.92%,2.46%
2026-08-04 22:00:00,6.49%,,1.90%,6.04%,4.03%,4.92%,8.47%,7.38%,2.07%,2.30%
2026-08-05 01:00:00,1.96%,0%,2.35%,2.78%,8.81%,2.72%,10.8%,4.73%,1.15%,1.80%
2026-08-05 04:00:00,5.27%,3.20%,2.77%,2.77%,5.16%,2.23%,4.53%,2.79%,2.24%,1.34%
2026-08-05 07:00:00,5.05%,3.69%,5.57%,1.75%,4.07%,1.01%,4.80%,3.07%,1.53%,2.51%
2026-08-05 10:00:00,2.89%,5.86%,,0.980%,3.77%,3.02%,5.33%,2.74%,1.73%,2.48%
2026-08-05 13:00:00,3.47%,5.65%,1.22%,3.69%,4.87%,2.39%,11.4%,3.22%,2.77%,2.51%
2026-08-05 16:00:00,2.87%,3.06%,5.98%,1.77%,6.05%,1.98%,2.98%,3.43%,2.21%,2.90%
2026-08-05 19:00:00,5.95%,2.21%,4.66%,4.11%,2.16%,1.48%,8.27%,1.41%,1.94%,2.12%
2026-08-05 22:00:00,6.69%,3.33%,2.74%,2.27%,5.69%,3.51%,4.09%,1.70%,1.18%,2.71%
2026-08-06 01:00:00,3.85%,6.68%,2.22%,3.71%,4.96%,2.24%,4.19%,,5.23%,2.24%
2026-08-06 04:00:00,4.65%,4.07%,4.16%,3.45%,6.08%,2.46%,6.77%,10.0%,1.19%,2.34%
2026-08-06 07:00:00,3.15%,4.08%,2.85%,1.19%,5.00%,3.31%,5.35%,,1.51%,4.07%
2026-08-06 10:00:00,3.10%,6.09%,3.02%,3.58%,15.3%,3.66%,11.7%,6.44%,4.56%,2.58%
2026-08-06 13:00:00,4.30%,3.61%,4.48%,3.40%,3.56%,5.92%,8.02%,,4.70%,4.05%
2026-08-06 16:00:00,4.00%,4.58%,3.65%,0.508%,3.86%,4.89%,6.45%,,4.75%,4.08%
2026-08-06 19:00:00,2.26%,1.63%,2.62%,3.53%,2.83%,5.72%,9.08%,,1.70%,1.64%
2026-08-06 22:00:00,7.80%,3.40%,3.82%,1.75%,3.37%,2.83%,6.24%,4.55%,3.49%,3.27%
2026-08-07 01:00:00,2.85%,6.98%,1.70%,2.41%,4.14%,1.58%,8.35%,0.671%,1.35%,4.03%
2026-08-07 04:00:00,2.43%,5.15%,4.68%,2.42%,3.14%,2.88%,8.20%,1.43%,5.46%,3.60%
2026-08-07 07:00:00,2.41%,6.47%,1.36%,2.72%,3.06%,1.75%,5.34%,3.15%,9.30%,3.56%
2026-08-07 10:00:00,4.72%,5.69%,3.49%,3.48%,6.01%,4.63%,6.47%,1.67%,0.728%,3.91%
2026-08-07 13:00:00,2.50%,4.15%,13.8%,1.86%,0.824%,2.19%,2.43%,3.64%,7.60%,1.36%
2026-08-07 16:00:00,2.03%,3.13%,2.18%,2.54%,8.24%,3.12%,11.5%,4.21%,,3.24%
2026-08-07 19:00:00,2.20%,4.82%,4.59%,0.679%,1.10%,1.52%,5.77%,2.91%,0.00639%,0.410%
2026-08-07 22:00:00,6.88%,3.38%,10.9%,2.24%,3.09%,4.98%,4.99%,3.28%,2.51%,1.93%
2026-08-08 01:00:00,1.65%,5.29%,1.39%,3.69%,2.82%,3.37%,5.09%,5.32%,,3.27%
2026-08-08 04:00:00,3.96%,2.15%,3.16%,1.33%,2.80%,4.78%,4.10%,3.56%,,1.83%
2026-08-08 07:00:00,0.949%,2.28%,2.89%,0.723%,3.36%,3.03%,2.95%,3.53%,,2.83%
2026-08-08 10:00:00,3.39%,5.06%,2.54%,2.01%,5.16%,5.60%,1.67%,3.33%,,0.878%
2026-08-08 13:00:00,1.65%,8.96%,1.12%,2.52%,5.62%,3.43%,10.8%,2.30%,,2.80%
2026-08-08 16:00:00,2.37%,0.787%,0.666%,2.05%,3.21%,2.84%,11.9%,1.94%,3.12%,3.40%
2026-08-08 19:00:00,2.15%,3.39%,1.04%,4.19%,2.57%,2.74%,6.32%,4.14%,2.69%,1.85%
2026-08-08 22:00:00,2.99%,4.07%,0.516%,3.38%,2.31%,3.35%,9.27%,1.22%,2.95%,2.70%
2026-08-09 01:00:00,3.77%,1.48%,4.65%,1.51%,2.12%,1.64%,6.49%,3.95%,2.09%,4.07%
2026-08-09 04:00:00,3.80%,2.12%,1.72%,2.03%,3.05%,1.52%,9.05%,2.86%,3.45%,0.0362%
2026-08-09 07:00:00,2.54%,1.47%,1.82%,2.43%,3.69%,2.00%,4.22%,5.44%,2.74%,
2026-08-09 10:00:00,3.04%,2.43%,2.05%,2.12%,3.40%,4.97%,10.1%,3.48%,4.52%,
2026-08-09 13:00:00,3.01%,5.25%,5.23%,1.99%,2.28%,1.30%,9.00%,4.03%,3.41%,0%
2026-08-09 16:00:00,3.09%,1.65%,3.11%,3.58%,2.48%,2.14%,7.01%,3.18%,2.48%,3.21%
2026-08-09 19:00:00,6.39%,4.06%,2.62%,1.01%,3.85%,1.75%,5.85%,3.38%,3.32%,3.69%
2026-08-09 22:00:00,4.81%,2.97%,4.19%,1.55%,3.83%,3.87%,2.98%,3.38%,4.27%,1.94%
2026-08-10 01:00:00,1.58%,5.54%,5.29%,0%,2.82%,3.86%,6.20%,2.25%,4.78%,2.33%
2026-08-10 04:00:00,1.84%,5.48%,4.50%,,3.26%,4.21%,3.97%,2.14%,3.27%,2.38%
2026-08-10 07:00:00,2.78%,2.74%,3.84%,,3.64%,2.91%,2.02%,0.756%,5.16%,5.78%
2026-08-10 10:00:00,2.61%,2.00%,3.25%,,5.24%,3.56%,7.18%,1.92%,2.71%,6.30%
2026-08-10 13:00:00,4.01%,3.58%,1.77%,,10.8%,2.11%,9.11%,1.95%,4.44%,3.89%
2026-08-10 16:00:00,2.36%,4.51%,0%,,2.70%,2.65%,2.97%,5.01%,9.27%,4.48%
2026-08-10 19:00:00,1.60%,3.65%,0.0271%,,2.96%,4.81%,3.16%,5.41%,1.57%,2.80%
2026-08-10 22:00:00,4.73%,3.44%,0%,,1.88%,2.12%,9.28%,2.70%,8.11%,2.70%
2026-08-11 01:00:00,8.06%,4.45%,0%,,1.08%,3.31%,4.93%,2.11%,7.13%,2.70%
2026-08-11 04:00:00,5.85%,1.61%,,,2.52%,4.81%,7.62%,1.87%,4.00%,1.80%
2026-08-11 07:00:00,1.01%,2.93%,,,,2.90%,5.84%,7.58%,6.35%,1.91%
2026-08-11 10:00:00,4.43%,5.14%,,,0%,2.86%,2.99%,5.24%,2.27%,2.16%
2026-08-11 13:00:00,4.07%,2.48%,,,2.25%,3.43%,2.06%,4.30%,1.20%,2.92%
2026-08-11 16:00:00,1.45%,2.60%,,,2.20%,2.69%,4.10%,5.80%,1.79%,2.69%
2026-08-11 19:00:00,2.45%,2.20%,,,3.53%,4.05%,3.67%,2.11%,1.52%,2.74%
2026-08-11 22:00:00,4.80%,3.70%,0%,,6.16%,4.25%,5.11%,3.13%,3.13%,4.91%
2026-08-12 01:00:00,4.27%,4.54%,0.779%,,4.65%,4.54%,3.92%,2.46%,1.37%,1.33%
2026-08-12 04:00:00,2.73%,4.70%,5.12%,,6.05%,3.43%,6.71%,3.98%,1.72%,2.75%
2026-08-12 07:00:00,2.12%,3.95%,1.11%,,2.54%,5.14%,7.89%,4.52%,1.36%,1.46%
2026-08-12 10:00:00,2.64%,3.28%,0.884%,,5.40%,8.87%,3.44%,7.47%,2.27%,2.20%
2026-08-12 13:00:00,2.50%,4.81%,1.75%,0%,2.69%,7.12%,1.61%,5.48%,3.31%,1.90%
2026-08-12 16:00:00,4.59%,6.60%,0%,0%,2.83%,4.96%,3.04%,6.34%,2.49%,2.67%
2026-08-12 19:00:00,3.97%,2.33%,5.86%,1.47%,3.58%,3.96%,1.33%,5.59%,1.63%,2.21%
2026-08-12 22:00:00,2.82%,2.32%,3.15%,7.67%,4.37%,2.35%,4.92%,0.795%,2.89%,0%
2026-08-13 01:00:00,4.11%,5.35%,3.46%,1.42%,4.65%,2.02%,2.08%,1.69%,1.30%,1.23%
2026-08-13 04:00:00,4.56%,7.70%,1.51%,3.31%,7.69%,2.77%,2.77%,2.19%,1.87%,0.520%
2026-08-13 07:00:00,8.71%,4.51%,1.25%,2.40%,2.95%,1.65%,2.70%,1.81%,2.15%,1.85%
2026-08-13 10:00:00,8.21%,3.09%,2.33%,2.43%,3.37%,2.52%,4.09%,0.419%,2.92%,1.77%
2026-08-13 13:00:00,3.06%,8.96%,11.0%,0%,1.57%,6.62%,1.64%,4.18%,2.99%,3.34%
2026-08-13 16:00:00,4.55%,3.56%,4.44%,1.08%,2.53%,3.87%,2.72%,3.14%,2.35%,2.38%
2026-08-13 19:00:00,2.76%,0%,1.58%,4.46%,3.24%,3.16%,7.62%,1.92%,3.74%,4.44%
2026-08-13 22:00:00,5.05%,,2.22%,2.83%,2.91%,2.16%,5.30%,0.995%,4.39%,3.34%
2026-08-14 01:00:00,2.62%,0%,1.30%,3.33%,2.52%,7.10%,4.14%,2.85%,2.51%,3.15%
2026-08-14 04:00:00,1.59%,3.66%,1.33%,15.6%,2.22%,3.56%,2.35%,2.40%,2.10%,3.29%
2026-08-14 07:00:00,8.75%,2.84%,0.577%,2.46%,4.01%,2.36%,3.71%,4.50%,2.44%,2.31%
2026-08-14 10:00:00,4.27%,4.35%,1.77%,2.89%,2.61%,1.20%,6.55%,3.56%,3.59%,2.50%
2026-08-14 13:00:00,5.54%,4.11%,1.47%,0%,4.92%,1.76%,3.37%,11.7%,2.25%,2.97%
2026-08-14 16:00:00,4.83%,4.69%,4.65%,2.32%,5.53%,3.93%,5.15%,7.24%,2.94%,1.68%
2026-08-14 19:00:00,5.28%,3.06%,,1.80%,2.99%,5.07%,3.90%,3.12%,4.98%,1.66%
2026-08-14 22:00:00,5.32%,3.17%,,1.16%,3.50%,8.21%,4.31%,1.21%,5.01%,1.76%
2026-08-15 01:00:00,4.05%,5.40%,,2.08%,2.61%,3.14%,2.37%,1.66%,2.11%,3.07%
2026-08-15 04:00:00,2.61%,9.48%,0%,2.82%,2.04%,5.62%,1.87%,1.62%,2.47%,2.40%
2026-08-15 07:00:00,1.76%,6.37%,1.76%,2.08%,2.56%,4.52%,2.00%,1.76%,2.90%,2.92%
2026-08-15 10:00:00,3.22%,4.39%,2.28%,1.89%,2.41%,2.99%,4.15%,4.14%,2.71%,2.18%
2026-08-15 13:00:00,1.72%,2.87%,3.24%,2.10%,9.08%,2.58%,3.91%,7.41%,3.03%,3.49%
2026-08-15 16:00:00,3.80%,2.18%,6.15%,3.27%,4.41%,5.44%,3.19%,,2.92%,4.79%
2026-08-15 19:00:00,1.77%,2.50%,14.8%,2.24%,4.88%,5.38%,4.15%,,1.92%,3.72%
2026-08-15 22:00:00,3.94%,2.95%,0.705%,2.19%,3.15%,2.11%,5.11%,0.0333%,3.10%,6.28%
2026-08-16 01:00:00,4.80%,6.64%,2.89%,0.0782%,2.49%,5.57%,2.58%,,2.76%,4.21%
2026-08-16 04:00:00,1.85%,3.89%,3.31%,2.62%,4.00%,3.46%,4.42%,0.783%,3.96%,2.72%
2026-08-16 07:00:00,4.35%,5.48%,2.26%,1.60%,2.61%,2.39%,3.19%,1.50%,4.40%,1.94%
2026-08-16 10:00:00,4.36%,5.26%,3.27%,2.12%,2.38%,3.44%,6.12%,1.77%,5.48%,2.28%
2026-08-16 13:00:00,2.94%,2.69%,4.15%,2.16%,4.32%,,9.32%,6.86%,2.94%,5.24%
2026-08-16 16:00:00,2.62%,2.69%,4.14%,2.72%,2.85%,,2.96%,3.43%,2.98%,4.67%
2026-08-16 19:00:00,2.83%,1.72%,5.00%,1.66%,5.75%,,2.81%,5.08%,6.00%,1.72%
2026-08-16 22:00:00,7.81%,4.06%,2.45%,1.51%,0.258%,,6.31%,3.34%,6.77%,1.70%
2026-08-17 01:00:00,2.71%,4.94%,0.944%,1.38%,4.84%,,1.83%,4.80%,1.99%,3.68%
2026-08-17 04:00:00,3.40%,2.93%,4.06%,1.88%,4.55%,,,0.0801%,3.30%,2.59%
2026-08-17 07:00:00,1.68%,3.10%,2.63%,4.62%,4.35%,,0.0264%,12.4%,3.00%,3.60%
2026-08-17 10:00:00,2.08%,4.51%,1.46%,2.59%,9.08%,5.35%,,7.29%,3.92%,2.28%
2026-08-17 13:00:00,3.29%,1.49%,2.88%,2.94%,3.34%,2.47%,,4.94%,4.55%,3.68%
2026-08-17 16:00:00,6.69%,1.71%,8.08%,2.26%,4.25%,2.30%,,8.29%,6.46%,8.27%
2026-08-17 19:00:00,6.24%,2.34%,3.88%,2.68%,2.00%,2.43%,,8.07%,3.49%,
2026-08-17 22:00:00,3.90%,11.4%,3.52%,2.73%,3.97%,2.68%,,8.99%,2.38%,
2026-08-18 01:00:00,6.27%,5.64%,1.63%,2.15%,6.24%,1.38%,0.191%,,2.57%,3.60%
2026-08-18 04:00:00,4.14%,2.23%,2.51%,4.64%,5.13%,2.32%,2.38%,4.98%,2.59%,3.22%
2026-08-18 07:00:00,4.95%,5.77%,4.08%,5.11%,3.22%,2.06%,7.54%,4.30%,1.53%,1.90%
2026-08-18 10:00:00,3.48%,4.58%,4.82%,2.18%,3.70%,2.63%,3.18%,3.39%,4.80%,1.57%
2026-08-18 13:00:00,2.57%,4.90%,4.60%,2.22%,4.42%,3.50%,2.34%,4.42%,12.8%,3.25%
2026-08-18 16:00:00,3.57%,3.02%,0.589%,2.42%,3.03%,2.86%,2.84%,2.61%,7.29%,5.99%
2026-08-18 19:00:00,2.39%,3.87%,3.61%,2.59%,2.52%,1.27%,4.61%,1.37%,6.72%,4.90%
2026-08-18 22:00:00,2.68%,4.82%,4.32%,6.91%,4.12%,1.18%,6.99%,2.63%,4.13%,6.77%
2026-08-19 01:00:00,2.09%,5.15%,4.40%,3.87%,2.68%,1.66%,2.12%,0.623%,2.31%,2.50%
2026-08-19 04:00:00,2.56%,5.64%,2.33%,2.08%,3.35%,3.04%,4.48%,,5.96%,1.76%
2026-08-19 07:00:00,3.25%,6.27%,2.40%,0.862%,6.69%,4.03%,3.99%,,3.39%,2.45%
2026-08-19 10:00:00,2.59%,4.68%,2.65%,0.961%,5.36%,7.74%,3.47%,,4.06%,2.29%
2026-08-19 13:00:00,1.17%,2.98%,2.41%,2.58%,0%,5.96%,3.72%,0%,2.72%,2.43%
2026-08-19 16:00:00,2.33%,3.11%,6.91%,5.21%,,8.35%,3.10%,0.423%,1.86%,2.99%
2026-08-19 19:00:00,8.52%,2.87%,2.03%,4.97%,,5.42%,3.88%,1.06%,1.86%,1.75%
2026-08-19 22:00:00,3.05%,2.62%,7.60%,4.66%,,4.67%,4.29%,5.18%,8.17%,2.54%
2026-08-20 01:00:00,4.15%,3.89%,1.97%,1.85%,1.23%,4.62%,3.03%,4.09%,6.60%,1.98%
2026-08-20 04:00:00,1.23%,3.41%,3.69%,1.78%,3.36%,4.44%,7.02%,3.70%,3.72%,3.15%
2026-08-20 07:00:00,4.68%,2.38%,1.64%,2.24%,2.36%,1.99%,3.92%,0.936%,2.30%,1.84%
2026-08-20 10:00:00,3.27%,2.32%,0.964%,4.77%,3.70%,1.16%,6.82%,2.01%,2.93%,2.04%
2026-08-20 13:00:00,3.03%,4.61%,1.32%,2.59%,3.83%,2.49%,2.86%,2.09%,2.76%,1.58%
2026-08-20 16:00:00,10.0%,1.75%,1.83%,3.58%,2.74%,3.02%,4.08%,4.16%,1.94%,2.32%
2026-08-20 19:00:00,,4.96%,1.69%,1.08%,4.38%,2.15%,3.30%,2.70%,2.55%,3.93%
2026-08-20 22:00:00,0.555%,3.71%,3.22%,2.32%,3.03%,1.42%,2.91%,1.57%,3.22%,5.20%
2026-08-21 01:00:00,,3.47%,15.6%,2.69%,10.6%,1.52%,3.99%,4.01%,3.46%,3.18%
2026-08-21 04:00:00,,6.36%,2.42%,1.15%,6.97%,3.87%,1.64%,1.72%,5.26%,2.11%
2026-08-21 07:00:00,,5.53%,1.82%,1.82%,3.98%,2.99%,3.80%,2.70%,5.11%,4.51%
2026-08-21 10:00:00,,6.13%,2.09%,5.41%,3.82%,5.40%,5.71%,8.91%,2.25%,3.82%
2026-08-21 13:00:00,0%,4.95%,1.93%,4.14%,7.10%,3.63%,3.49%,5.21%,2.42%,5.96%
2026-08-21 16:00:00,,5.02%,2.45%,2.56%,5.25%,2.37%,3.04%,2.08%,4.08%,1.72%
2026-08-21 19:00:00,,6.87%,7.83%,2.97%,1.99%,2.67%,3.81%,1.41%,1.54%,1.38%
2026-08-21 22:00:00,1.15%,4.85%,2.12%,5.05%,2.49%,2.04%,3.47%,3.82%,7.40%,2.62%
2026-08-22 01:00:00,5.49%,12.5%,2.82%,1.28%,2.66%,3.99%,3.11%,1.56%,5.28%,4.56%
2026-08-22 04:00:00,3.12%,3.62%,8.73%,1.55%,2.08%,1.97%,2.25%,1.70%,4.58%,2.46%
2026-08-22 07:00:00,1.49%,4.98%,1.57%,3.97%,3.95%,3.03%,6.54%,2.53%,1.55%,1.97%
2026-08-22 10:00:00,1.05%,2.49%,2.74%,4.06%,1.24%,3.47%,2.76%,0.833%,1.39%,1.62%
2026-08-22 13:00:00,1.22%,2.95%,3.53%,0.931%,2.85%,11.1%,3.76%,3.35%,3.94%,2.01%
2026-08-22 16:00:00,2.11%,1.82%,2.49%,2.78%,3.45%,2.03%,3.49%,3.39%,1.83%,2.81%
2026-08-22 19:00:00,2.25%,4.51%,3.09%,3.32%,5.15%,7.44%,3.76%,2.34%,5.84%,1.36%
2026-08-22 22:00:00,4.00%,6.49%,2.42%,2.32%,1.64%,6.18%,6.16%,3.75%,1.74%,1.35%
2026-08-23 01:00:00,5.36%,5.00%,6.95%,2.32%,3.53%,3.93%,1.80%,4.64%,3.57%,3.12%
2026-08-23 04:00:00,2.57%,4.95%,1.60%,3.33%,3.56%,3.65%,6.34%,4.32%,2.28%,2.08%
2026-08-23 07:00:00,7.14%,2.11%,0.618%,3.26%,3.72%,2.60%,4.34%,5.70%,2.23%,2.20%
2026-08-23 10:00:00,6.01%,2.11%,2.28%,2.18%,9.78%,3.46%,5.59%,2.70%,3.41%,2.69%
2026-08-23 13:00:00,2.21%,9.56%,7.17%,3.16%,2.16%,2.38%,4.47%,5.76%,3.38%,2.75%
2026-08-23 16:00:00,5.35%,0%,9.08%,3.72%,5.27%,2.86%,5.50%,4.28%,1.25%,0.347%
2026-08-23 19:00:00,2.87%,5.08%,15.2%,0.241%,11.3%,9.30%,5.83%,10.1%,5.26%,0%
2026-08-23 22:00:00,8.24%,8.29%,10.7%,0.809%,6.82%,2.78%,2.65%,1.10%,3.68%,1.76%
2026-08-24 01:00:00,2.91%,1.45%,1.52%,1.61%,2.43%,2.95%,2.51%,1.57%,2.56%,2.97%
2026-08-24 04:00:00,1.67%,2.72%,5.27%,3.06%,4.45%,3.38%,5.08%,4.64%,3.41%,2.27%
2026-08-24 07:00:00,1.53%,3.41%,5.00%,2.25%,4.44%,1.52%,4.56%,3.92%,0%,2.21%
2026-08-24 10:00:00,2.89%,2.33%,2.70%,3.59%,2.39%,8.44%,3.69%,9.56%,,2.16%
2026-08-24 13:00:00,3.17%,0.889%,1.92%,2.88%,5.79%,1.00%,7.09%,2.37%,,1.26%
2026-08-24 16:00:00,2.73%,3.70%,5.33%,2.17%,7.24%,3.27%,2.94%,14.1%,3.44%,1.43%
2026-08-24 19:00:00,4.25%,5.89%,2.48%,3.43%,7.33%,1.41%,5.77%,3.92%,2.74%,1.77%
2026-08-24 22:00:00,4.36%,3.45%,1.71%,2.17%,4.63%,2.32%,5.49%,3.40%,2.50%,1.22%
2026-08-25 01:00:00,1.51%,4.71%,1.37%,2.54%,6.52%,2.44%,2.73%,2.61%,2.31%,2.96%
2026-08-25 04:00:00,0.993%,7.21%,8.20%,0.917%,6.90%,50.6%,4.91%,3.65%,3.64%,2.73%
2026-08-25 07:00:00,3.89%,5.42%,7.94%,1.43%,8.91%,,2.35%,2.76%,3.60%,1.50%
2026-08-25 10:00:00,8.21%,7.29%,5.43%,1.62%,7.96%,9.43%,2.15%,3.86%,4.54%,1.60%
2026-08-25 13:00:00,2.56%,3.56%,,1.64%,5.62%,,3.36%,4.09%,1.86%,2.30%
2026-08-25 16:00:00,5.74%,4.88%,6.44%,3.60%,4.46%,,7.21%,2.00%,2.32%,2.30%
2026-08-25 19:00:00,3.72%,1.33%,2.66%,3.23%,7.90%,,8.48%,2.03%,1.29%,0.912%
2026-08-25 22:00:00,6.01%,2.12%,3.01%,2.66%,8.95%,,8.75%,3.36%,3.09%,2.47%
2026-08-26 01:00:00,3.07%,2.80%,1.03%,3.90%,9.62%,,2.98%,3.56%,5.37%,5.87%
2026-08-26 04:00:00,1.99%,2.15%,2.31%,1.74%,5.37%,,5.81%,1.55%,2.12%,4.11%
2026-08-26 07:00:00,1.66%,6.87%,3.94%,1.52%,5.53%,,2.20%,2.76%,1.93%,3.62%
2026-08-26 10:00:00,2.55%,6.32%,8.48%,2.00%,3.11%,,4.92%,2.19%,4.16%,2.71%
2026-08-26 13:00:00,2.72%,7.35%,6.52%,1.49%,3.57%,,0.998%,3.13%,2.85%,2.24%
2026-08-26 16:00:00,4.54%,5.38%,0%,2.59%,2.77%,,2.03%,3.03%,3.35%,2.03%
2026-08-26 19:00:00,0.785%,2.78%,2.87%,3.77%,1.76%,,4.17%,4.12%,0.788%,2.21%
2026-08-26 22:00:00,6.07%,3.01%,2.04%,1.77%,2.46%,0.667%,3.42%,3.16%,5.47%,1.41%
2026-08-27 01:00:00,0.654%,2.85%,1.03%,2.14%,2.65%,3.40%,8.64%,2.16%,1.77%,2.66%
2026-08-27 04:00:00,2.44%,5.75%,2.67%,2.64%,4.06%,2.24%,0.456%,3.56%,1.85%,4.90%
2026-08-27 07:00:00,0.180%,3.12%,5.45%,1.77%,3.92%,3.83%,8.36%,1.45%,1.69%,2.15%
2026-08-27 10:00:00,1.75%,6.07%,1.87%,4.59%,4.91%,2.61%,3.26%,1.74%,1.20%,1.87%
2026-08-27 13:00:00,2.71%,8.02%,3.58%,1.47%,3.24%,,2.85%,4.00%,3.92%,3.23%
2026-08-27 16:00:00,1.36%,4.75%,0.728%,2.07%,5.18%,5.90%,4.01%,3.52%,2.94%,3.10%
2026-08-27 19:00:00,2.85%,6.54%,1.27%,0.843%,3.15%,5.99%,2.18%,2.01%,2.90%,2.85%
2026-08-27 22:00:00,4.43%,3.65%,4.68%,2.06%,2.72%,4.21%,4.29%,2.75%,4.90%,5.03%
2026-08-28 01:00:00,2.09%,8.30%,1.41%,1.45%,2.71%,7.77%,2.14%,4.00%,3.00%,3.63%
2026-08-28 04:00:00,4.59%,5.01%,4.66%,2.51%,2.52%,4.14%,5.58%,3.95%,6.99%,4.90%
2026-08-28 07:00:00,1.02%,3.00%,3.50%,1.38%,0%,5.71%,1.80%,4.18%,6.05%,
2026-08-28 10:00:00,1.38%,5.52%,3.02%,1.67%,13.8%,6.14%,4.84%,5.75%,3.07%,
2026-08-28 13:00:00,1.12%,7.90%,2.65%,1.98%,13.5%,7.89%,5.08%,3.19%,1.94%,
2026-08-28 16:00:00,1.96%,10.00%,0.190%,2.11%,5.29%,3.41%,3.74%,3.46%,2.98%,
2026-08-28 19:00:00,0.574%,6.46%,1.52%,3.25%,5.00%,3.54%,2.64%,1.96%,3.38%,3.16%
2026-08-28 22:00:00,2.31%,6.43%,15.8%,2.20%,3.60%,2.49%,2.98%,3.02%,4.74%,2.05%
2026-08-29 01:00:00,2.91%,5.21%,2.79%,1.37%,1.51%,6.44%,4.87%,1.48%,4.33%,2.52%
2026-08-29 04:00:00,3.85%,3.13%,3.43%,0.646%,2.98%,1.20%,1.12%,3.70%,4.42%,3.45%
2026-08-29 07:00:00,2.46%,5.68%,2.60%,3.13%,3.86%,6.70%,5.67%,4.08%,1.67%,2.05%
2026-08-29 10:00:00,2.54%,4.51%,2.81%,3.04%,7.20%,6.49%,14.5%,2.00%,3.93%,1.68%
2026-08-29 13:00:00,2.50%,4.95%,2.93%,5.01%,10.5%,2.13%,2.40%,2.32%,5.92%,1.83%
2026-08-29 16:00:00,1.59%,0%,2.34%,4.62%,5.77%,2.51%,1.70%,7.79%,2.29%,2.68%
2026-08-29 19:00:00,2.15%,0%,13.8%,9.07%,4.37%,4.01%,0.966%,6.33%,3.06%,3.79%
2026-08-29 22:00:00,2.54%,5.84%,5.24%,5.97%,9.28%,5.83%,4.64%,5.38%,1.15%,1.97%
2026-08-30 01:00:00,0.466%,2.56%,3.54%,3.39%,7.96%,2.41%,1.58%,1.93%,2.81%,6.16%
2026-08-30 04:00:00,0.704%,3.48%,3.24%,2.29%,16.7%,4.46%,2.50%,4.18%,4.53%,2.39%
2026-08-30 07:00:00,0.214%,6.08%,8.95%,1.86%,13.7%,3.85%,4.31%,2.47%,2.42%,2.46%
2026-08-30 10:00:00,0.0896%,2.65%,1.82%,1.18%,11.2%,4.10%,2.66%,2.48%,3.13%,3.15%
2026-08-30 13:00:00,4.83%,0.386%,2.78%,1.43%,3.15%,17.9%,3.48%,2.82%,0.369%,1.11%
2026-08-30 16:00:00,1.82%,,9.30%,2.05%,2.84%,5.91%,0.845%,3.84%,2.23%,2.77%
2026-08-30 19:00:00,2.56%,,2.42%,3.76%,3.02%,0.837%,1.49%,8.84%,6.44%,3.18%
2026-08-30 22:00:00,3.19%,2.12%,5.07%,4.31%,3.16%,1.80%,1.76%,5.80%,1.74%,3.13%
2026-08-31 01:00:00,2.92%,4.56%,3.76%,2.34%,1.41%,3.96%,2.46%,3.18%,6.59%,3.49%
2026-08-31 04:00:00,0.862%,,2.35%,3.74%,9.20%,4.18%,6.14%,5.11%,9.39%,7.95%
2026-08-31 07:00:00,1.53%,0%,2.42%,2.84%,10.6%,4.39%,4.96%,4.77%,8.90%,2.18%
2026-08-31 10:00:00,2.50%,0%,0.989%,2.48%,6.89%,2.81%,2.47%,2.50%,8.09%,1.13%
2026-08-31 13:00:00,4.92%,,2.29%,0.743%,7.64%,3.08%,3.26%,6.05%,6.17%,2.31%
2026-08-31 16:00:00,4.63%,,2.79%,1.10%,6.90%,3.66%,3.65%,4.93%,1.64%,1.53%
2026-08-31 19:00:00,2.82%,0%,2.03%,5.55%,6.54%,1.86%,2.52%,2.62%,3.15%,1.34%
2026-08-31 22:00:00,7.19%,,10.9%,3.47%,2.04%,5.13%,6.84%,1.44%,9.22%,4.32%
2026-09-01 01:00:00,2.93%,,,0%,,6.44%,7.83%,2.28%,5.74%,0.443%
2026-09-01 04:00:00,1.92%,,3.64%,0.0329%,2.06%,0.303%,13.5%,3.37%,7.10%,1.76%
2026-09-01 07:00:00,3.77%,,4.87%,2.51%,0.881%,2.87%,18.4%,3.50%,6.85%,2.63%
2026-09-01 10:00:00,2.66%,,2.50%,6.90%,0%,4.48%,13.8%,3.43%,3.36%,2.35%
2026-09-01 13:00:00,2.87%,,7.26%,6.16%,,3.62%,8.13%,2.84%,1.66%,3.79%
2026-09-01 16:00:00,3.42%,,6.88%,5.92%,,4.23%,4.34%,4.22%,8.90%,13.1%
2026-09-01 19:00:00,0.345%,,4.87%,2.68%,,,0%,0%,,3.47%
2026-09-01 22:00:00,3.29%,,0%,0.899%,,,4.50%,0.147%,,0.559%
2026-09-02 01:00:00,5.81%,,0.515%,1.80%,,,3.23%,6.16%,5.34%,7.28%
2026-09-02 04:00:00,2.92%,,5.12%,1.35%,0%,,6.19%,2.02%,11.3%,3.65%
2026-09-02 07:00:00,10.00%,,1.66%,5.97%,,,3.56%,2.39%,2.68%,1.30%
2026-09-02 10:00:00,6.78%,,9.27%,3.76%,2.03%,19.3%,3.43%,3.89%,1.53%,1.35%
2026-09-02 13:00:00,16.2%,0%,0.380%,5.08%,3.30%,0.612%,11.8%,3.45%,2.26%,3.10%
2026-09-02 16:00:00,8.13%,0%,1.97%,3.94%,4.30%,3.34%,9.10%,3.95%,1.78%,2.36%
2026-09-02 19:00:00,3.18%,,0.934%,3.45%,4.17%,3.51%,,4.09%,1.74%,2.63%
2026-09-02 22:00:00,2.72%,3.14%,5.73%,4.26%,5.07%,3.78%,6.20%,6.18%,2.80%,1.80%
2026-09-03 01:00:00,3.70%,0.0563%,9.98%,3.29%,4.86%,3.83%,4.41%,2.23%,5.03%,2.43%
2026-09-03 04:00:00,3.22%,2.48%,4.02%,5.08%,3.75%,4.32%,3.40%,2.16%,2.03%,3.36%
2026-09-03 07:00:00,3.06%,6.04%,0.558%,2.95%,5.88%,7.77%,2.49%,3.42%,2.81%,2.10%
2026-09-03 10:00:00,8.31%,7.87%,1.67%,4.98%,4.26%,3.30%,2.05%,6.07%,5.76%,3.41%
2026-09-03 13:00:00,4.57%,4.63%,3.28%,2.42%,6.98%,4.54%,2.81%,2.01%,3.76%,2.31%
2026-09-03 16:00:00,2.64%,3.13%,2.86%,1.21%,1.99%,4.20%,3.21%,,4.54%,2.07%
2026-09-03 19:00:00,5.77%,2.60%,0.493%,4.82%,2.33%,7.53%,3.14%,,3.22%,3.82%
2026-09-03 22:00:00,4.79%,1.35%,1.67%,1.27%,2.09%,2.45%,4.30%,5.33%,2.66%,1.45%
2026-09-04 01:00:00,8.88%,4.58%,0.793%,6.77%,6.14%,4.26%,2.39%,0%,2.64%,2.00%
2026-09-04 04:00:00,2.56%,3.46%,0.326%,3.41%,2.87%,4.80%,3.64%,,2.51%,6.64%
2026-09-04 07:00:00,1.49%,4.14%,5.31%,6.50%,3.11%,3.57%,2.88%,,2.14%,4.85%
2026-09-04 10:00:00,3.95%,4.62%,3.41%,1.70%,5.83%,1.90%,4.37%,,1.75%,3.12%
2026-09-04 13:00:00,1.87%,3.33%,3.41%,0.790%,3.62%,2.27%,1.74%,,1.69%,3.18%
2026-09-04 16:00:00,2.82%,4.71%,2.23%,0.828%,3.23%,3.54%,5.96%,1.84%,2.70%,5.80%
2026-09-04 19:00:00,3.19%,3.52%,0.902%,0%,3.38%,2.48%,7.00%,2.85%,2.29%,2.53%
2026-09-04 22:00:00,4.13%,7.89%,2.44%,2.18%,0.596%,2.99%,4.81%,4.95%,3.09%,1.61%
2026-09-05 01:00:00,0.510%,1.67%,1.48%,4.93%,3.01%,2.13%,1.69%,2.29%,1.46%,6.56%
2026-09-05 04:00:00,5.01%,3.20%,1.63%,3.78%,1.75%,2.11%,2.68%,1.55%,6.17%,
2026-09-05 07:00:00,5.04%,4.67%,3.53%,2.57%,2.45%,1.85%,2.77%,1.44%,3.33%,
2026-09-05 10:00:00,5.29%,3.68%,0.778%,2.63%,6.33%,3.30%,4.75%,2.90%,9.94%,2.41%
2026-09-05 13:00:00,8.24%,1.87%,2.78%,2.82%,3.11%,0.809%,5.27%,2.89%,8.15%,
2026-09-05 16:00:00,4.44%,1.11%,2.70%,2.66%,2.26%,1.70%,3.08%,3.89%,7.18%,
2026-09-05 19:00:00,4.02%,4.28%,0.865%,2.71%,2.90%,4.43%,5.05%,3.52%,3.91%,
2026-09-05 22:00:00,3.36%,3.99%,3.54%,2.24%,2.87%,3.96%,6.22%,2.26%,6.46%,
2026-09-06 01:00:00,4.26%,1.12%,15.6%,4.32%,1.96%,3.24%,2.57%,2.63%,3.92%,3.66%
2026-09-06 04:00:00,4.80%,3.71%,5.91%,1.85%,2.89%,2.48%,4.47%,4.85%,3.81%,3.04%
2026-09-06 07:00:00,2.22%,2.43%,9.85%,2.06%,2.89%,3.20%,1.90%,2.63%,10.5%,3.00%
2026-09-06 10:00:00,2.46%,6.28%,7.77%,2.57%,3.40%,3.70%,4.93%,4.15%,6.05%,2.41%
2026-09-06 13:00:00,5.18%,3.59%,4.27%,6.49%,4.12%,10.7%,4.08%,3.67%,8.38%,6.61%
2026-09-06 16:00:00,6.51%,2.01%,7.28%,4.22%,4.80%,3.06%,3.92%,2.88%,9.46%,5.50%
2026-09-06 19:00:00,3.82%,4.29%,1.23%,2.13%,3.36%,2.15%,2.70%,3.49%,1.80%,2.59%
2026-09-06 22:00:00,3.74%,1.72%,3.73%,3.13%,4.88%,3.75%,4.52%,1.76%,10.4%,3.04%
2026-09-07 01:00:00,5.39%,5.28%,10.6%,8.71%,3.86%,1.84%,5.54%,2.50%,6.83%,4.70%
2026-09-07 04:00:00,4.64%,2.95%,6.74%,2.07%,4.23%,2.82%,4.34%,5.75%,3.23%,3.61%
2026-09-07 07:00:00,2.86%,1.81%,1.28%,7.38%,2.63%,3.55%,3.62%,4.34%,4.10%,0.737%
2026-09-07 10:00:00,6.93%,1.61%,5.64%,4.02%,6.88%,3.69%,1.89%,4.04%,11.4%,3.08%
2026-09-07 13:00:00,5.38%,3.48%,5.14%,2.87%,3.48%,1.35%,1.26%,3.28%,4.01%,1.82%
2026-09-07 16:00:00,3.03%,2.13%,1.46%,3.10%,7.34%,1.67%,1.44%,5.42%,9.79%,2.67%
2026-09-07 19:00:00,3.19%,6.43%,3.50%,1.82%,7.00%,1.51%,2.69%,2.79%,,2.12%
2026-09-07 22:00:00,4.81%,6.57%,6.48%,2.46%,4.75%,5.03%,1.24%,2.43%,6.95%,1.87%
2026-09-08 01:00:00,4.18%,8.40%,6.83%,3.37%,2.53%,2.12%,1.58%,4.26%,3.83%,4.97%
2026-09-08 04:00:00,4.43%,3.98%,,0.758%,3.40%,4.53%,3.28%,2.14%,7.38%,2.62%
2026-09-08 07:00:00,2.82%,2.38%,,2.27%,3.69%,1.87%,3.81%,1.32%,2.12%,2.33%
2026-09-08 10:00:00,5.16%,2.12%,,4.18%,5.85%,6.03%,2.71%,1.98%,3.92%,3.02%
2026-09-08 13:00:00,5.12%,3.13%,,1.90%,3.37%,2.85%,5.20%,2.45%,2.56%,2.07%
2026-09-08 16:00:00,4.67%,3.77%,,3.56%,2.05%,2.43%,3.51%,1.77%,3.35%,2.13%
2026-09-08 19:00:00,6.22%,2.82%,,2.25%,4.32%,5.47%,2.06%,6.38%,6.34%,2.33%
2026-09-08 22:00:00,6.24%,2.29%,,10.3%,5.81%,6.07%,3.23%,9.91%,4.12%,3.95%
2026-09-09 01:00:00,5.14%,3.02%,,19.9%,2.28%,3.71%,3.74%,3.75%,2.55%,4.07%
2026-09-09 04:00:00,4.05%,1.91%,0.358%,3.66%,3.48%,5.57%,1.32%,4.76%,2.81%,1.69%
2026-09-09 07:00:00,5.78%,0.871%,,3.59%,4.20%,2.91%,4.20%,3.38%,2.69%,1.94%
2026-09-09 10:00:00,6.24%,2.50%,3.62%,2.13%,5.72%,6.36%,3.16%,1.93%,1.98%,3.38%
2026-09-09 13:00:00,8.56%,3.43%,4.88%,2.05%,6.26%,2.67%,2.33%,2.28%,3.80%,1.10%
2026-09-09 16:00:00,6.46%,9.88%,14.9%,3.83%,4.08%,2.18%,2.44%,3.58%,1.91%,3.38%
2026-09-09 19:00:00,4.33%,8.24%,6.22%,4.30%,1.73%,5.04%,1.80%,2.59%,3.24%,2.34%
2026-09-09 22:00:00,14.0%,10.3%,6.84%,5.05%,4.52%,3.08%,4.16%,1.73%,2.67%,3.50%
2026-09-10 01:00:00,,1.82%,3.74%,2.32%,2.79%,0.730%,2.53%,1.54%,6.80%,4.09%
2026-09-10 04:00:00,,2.27%,2.61%,3.52%,3.48%,2.19%,4.30%,2.18%,6.71%,3.16%
2026-09-10 07:00:00,15.2%,2.68%,0.804%,3.37%,4.64%,3.81%,5.40%,3.06%,3.74%,1.73%
2026-09-10 10:00:00,,2.70%,4.55%,1.55%,2.77%,2.67%,8.69%,3.44%,4.94%,1.50%
2026-09-10 13:00:00,,2.84%,1.03%,1.58%,2.44%,2.41%,4.01%,5.15%,2.73%,1.64%
2026-09-10 16:00:00,,2.40%,1.80%,2.77%,2.16%,5.15%,2.76%,4.22%,2.67%,1.30%
2026-09-10 19:00:00,,7.13%,2.09%,10.2%,3.46%,3.93%,5.24%,3.04%,2.36%,2.84%
2026-09-10 22:00:00,,1.48%,1.45%,10.5%,3.33%,3.57%,4.61%,2.28%,3.79%,0.951%
2026-09-11 01:00:00,1.12%,5.12%,4.67%,3.91%,3.47%,2.49%,2.84%,3.91%,6.79%,2.28%
2026-09-11 04:00:00,6.67%,7.61%,3.57%,3.72%,4.13%,4.16%,2.35%,4.03%,4.56%,1.84%
2026-09-11 07:00:00,6.29%,8.77%,3.41%,8.50%,2.04%,5.18%,6.93%,1.20%,4.32%,3.08%
2026-09-11 10:00:00,6.24%,5.03%,1.67%,3.56%,2.86%,5.35%,14.8%,2.96%,2.85%,4.42%
2026-09-11 13:00:00,15.9%,0.751%,1.95%,7.03%,3.04%,6.62%,4.83%,2.86%,2.76%,1.14%
2026-09-11 16:00:00,6.02%,2.73%,1.78%,3.02%,3.55%,4.58%,3.26%,3.11%,3.67%,1.91%
2026-09-11 19:00:00,16.4%,3.95%,2.30%,3.48%,1.72%,5.27%,4.63%,4.33%,2.14%,19.0%
2026-09-11 22:00:00,6.79%,6.76%,0.892%,2.95%,1.95%,5.46%,4.33%,4.81%,3.72%,4.10%
2026-09-12 01:00:00,,8.29%,3.26%,3.03%,3.31%,3.98%,2.82%,5.96%,5.31%,11.0%
2026-09-12 04:00:00,,2.89%,2.34%,2.72%,4.57%,4.76%,2.54%,3.15%,2.34%,3.06%
2026-09-12 07:00:00,,4.18%,3.40%,3.64%,3.35%,1.95%,2.39%,4.33%,2.63%,2.23%
2026-09-12 10:00:00,4.82%,4.29%,2.80%,3.34%,5.86%,11.6%,4.56%,3.80%,2.38%,2.53%
2026-09-12 13:00:00,1.94%,4.21%,3.40%,2.01%,3.00%,2.30%,3.65%,6.54%,2.52%,2.08%
2026-09-12 16:00:00,6.18%,3.09%,2.55%,4.77%,,7.61%,3.62%,3.10%,3.12%,1.51%
2026-09-12 19:00:00,6.73%,3.93%,2.47%,3.20%,,6.13%,3.39%,3.11%,1.62%,2.28%
2026-09-12 22:00:00,8.49%,6.00%,2.39%,1.90%,,7.88%,2.43%,1.89%,3.13%,2.35%
2026-09-13 01:00:00,10.3%,7.36%,9.13%,5.06%,,0.858%,7.85%,3.84%,1.68%,5.97%
2026-09-13 04:00:00,8.97%,1.72%,3.28%,1.97%,,2.85%,3.16%,3.39%,2.22%,2.45%
2026-09-13 07:00:00,6.78%,5.70%,2.62%,2.22%,,3.26%,2.97%,3.41%,2.83%,0.565%
2026-09-13 10:00:00,6.72%,7.12%,2.30%,4.30%,,3.69%,4.33%,5.32%,1.92%,2.53%
2026-09-13 13:00:00,7.50%,3.89%,2.86%,2.77%,4.82%,3.36%,4.75%,4.74%,1.48%,1.67%
2026-09-13 16:00:00,8.51%,5.09%,2.45%,4.79%,3.38%,4.40%,5.45%,2.92%,3.43%,1.26%
2026-09-13 19:00:00,8.80%,6.35%,1.33%,3.28%,2.32%,3.04%,5.51%,2.53%,4.34%,2.11%
2026-09-13 22:00:00,5.64%,3.35%,1.72%,4.30%,9.95%,1.98%,1.92%,2.09%,6.46%,2.29%
2026-09-14 01:00:00,3.57%,3.36%,1.97%,2.60%,12.0%,3.88%,7.11%,3.33%,0.379%,1.78%
2026-09-14 04:00:00,4.07%,3.28%,2.43%,2.54%,6.02%,6.19%,3.58%,2.57%,0.800%,3.50%
2026-09-14 07:00:00,3.48%,3.76%,2.50%,3.59%,12.4%,7.77%,2.50%,4.40%,,3.85%
2026-09-14 10:00:00,2.32%,2.29%,2.05%,4.82%,8.59%,6.31%,2.49%,2.82%,,3.25%

