"Time","%_FW - I45","%_FW - I49","%_FW - I50","%_FW - I52","%_FW - I53","%_FW - I54","%_FW - I55","%_FW - I56","%_FW - I57","%_FW - I58"
2026-06-16 10:00:00,6.84%,0.232%,13.7%,,3.39%,79.1%,0.478%,1.60%,8.45%,
2026-06-16 13:00:00,6.45%,1.62%,11.6%,6.38%,5.33%,33.5%,2.45%,2.70%,2.22%,
2026-06-16 16:00:00,5.63%,2.48%,3.73%,8.89%,5.39%,10.5%,1.90%,3.73%,2.73%,
2026-06-16 19:00:00,5.01%,0.790%,9.09%,6.79%,11.9%,10.5%,2.65%,2.27%,1.98%,
2026-06-16 22:00:00,2.40%,11.7%,5.17%,8.15%,9.18%,6.82%,2.24%,3.22%,9.29%,
2026-06-17 01:00:00,5.20%,1.75%,7.68%,5.39%,14.4%,19.3%,1.10%,3.23%,4.28%,
2026-06-17 04:00:00,3.28%,17.7%,3.52%,11.6%,7.82%,8.29%,5.69%,2.69%,5.77%,
2026-06-17 07:00:00,3.60%,1.09%,4.60%,9.26%,2.50%,15.3%,10.7%,2.57%,4.44%,
2026-06-17 10:00:00,11.0%,7.08%,4.78%,7.23%,3.97%,24.3%,2.60%,5.47%,9.17%,
2026-06-17 13:00:00,27.8%,0.508%,6.76%,6.87%,3.89%,16.5%,8.50%,3.52%,7.84%,
2026-06-17 16:00:00,6.65%,1.25%,4.86%,7.22%,4.38%,10.3%,2.97%,3.74%,7.22%,
2026-06-17 19:00:00,5.53%,8.75%,3.70%,20.9%,5.92%,12.1%,1.51%,10.9%,9.27%,
2026-06-17 22:00:00,6.98%,3.22%,2.13%,13.2%,12.3%,12.3%,3.68%,7.29%,20.7%,
2026-06-18 01:00:00,11.0%,6.53%,2.04%,6.55%,15.7%,8.06%,1.40%,6.26%,2.80%,
2026-06-18 04:00:00,4.19%,7.75%,2.40%,6.93%,5.84%,6.08%,4.07%,8.52%,3.21%,
2026-06-18 07:00:00,26.0%,4.85%,4.28%,9.06%,6.93%,13.3%,4.19%,12.8%,2.44%,
2026-06-18 10:00:00,4.76%,3.84%,4.64%,8.23%,7.90%,18.1%,25.8%,2.84%,3.70%,
2026-06-18 13:00:00,3.22%,3.24%,9.31%,7.18%,3.24%,14.9%,28.3%,6.08%,4.37%,
2026-06-18 16:00:00,5.21%,1.18%,3.79%,11.5%,5.06%,3.28%,,4.19%,3.04%,
2026-06-18 19:00:00,3.99%,1.09%,3.21%,7.58%,5.95%,29.3%,,3.34%,0.792%,
2026-06-18 22:00:00,6.78%,2.02%,1.75%,9.21%,8.86%,29.1%,1.44%,15.6%,11.6%,
2026-06-19 01:00:00,11.6%,3.34%,6.96%,6.96%,11.7%,21.5%,,8.54%,9.66%,
2026-06-19 04:00:00,4.84%,3.28%,5.00%,7.06%,5.19%,45.7%,,6.03%,4.35%,
2026-06-19 07:00:00,6.80%,2.55%,3.87%,8.49%,7.45%,17.7%,,4.54%,3.42%,
2026-06-19 10:00:00,2.83%,5.42%,8.38%,6.38%,4.03%,3.20%,,3.88%,4.61%,
2026-06-19 13:00:00,22.4%,2.40%,2.54%,9.14%,11.4%,2.88%,,3.92%,3.52%,
2026-06-19 16:00:00,14.4%,7.24%,6.55%,9.05%,4.50%,3.98%,0%,2.49%,0.654%,
2026-06-19 19:00:00,12.9%,4.49%,1.06%,10.7%,6.19%,2.95%,0%,4.41%,,
2026-06-19 22:00:00,4.01%,4.29%,3.31%,6.81%,3.90%,11.4%,6.69%,4.69%,19.8%,
2026-06-20 01:00:00,8.83%,7.80%,2.34%,10.6%,3.37%,3.41%,4.95%,3.03%,1.78%,
2026-06-20 04:00:00,7.78%,6.49%,2.93%,9.56%,5.46%,5.01%,3.63%,2.56%,3.37%,
2026-06-20 07:00:00,25.8%,10.9%,10.9%,11.2%,7.77%,10.1%,8.38%,3.81%,16.3%,
2026-06-20 10:00:00,11.0%,7.77%,8.21%,11.0%,8.01%,18.5%,9.09%,4.02%,3.49%,
2026-06-20 13:00:00,15.8%,9.67%,9.84%,10.1%,13.7%,10.8%,4.98%,8.92%,3.40%,
2026-06-20 16:00:00,4.12%,12.0%,6.86%,12.8%,14.5%,6.93%,5.78%,18.6%,4.27%,
2026-06-20 19:00:00,5.62%,19.7%,3.51%,7.00%,5.91%,10.4%,12.6%,15.2%,2.45%,
2026-06-20 22:00:00,8.99%,10.5%,4.48%,9.81%,7.51%,4.12%,5.93%,4.11%,3.93%,
2026-06-21 01:00:00,4.17%,3.25%,4.07%,6.97%,5.16%,2.14%,3.97%,3.60%,4.94%,
2026-06-21 04:00:00,5.83%,4.46%,5.01%,6.81%,4.37%,8.26%,6.50%,7.06%,4.92%,
2026-06-21 07:00:00,13.7%,6.25%,6.41%,7.06%,4.52%,7.31%,8.67%,7.27%,6.36%,
2026-06-21 10:00:00,18.5%,4.44%,2.90%,27.8%,3.43%,16.1%,10.8%,4.40%,3.17%,
2026-06-21 13:00:00,15.5%,2.03%,,,0.935%,27.9%,,1.68%,3.33%,
2026-06-21 16:00:00,10.8%,2.70%,,7.57%,5.17%,3.60%,4.03%,3.15%,6.59%,
2026-06-21 19:00:00,7.10%,2.76%,,6.66%,23.6%,5.81%,17.7%,3.12%,2.20%,
2026-06-21 22:00:00,8.25%,5.28%,2.62%,6.72%,11.9%,2.88%,23.1%,3.91%,12.7%,
2026-06-22 01:00:00,7.88%,2.35%,5.92%,7.10%,4.19%,7.15%,3.98%,2.64%,8.28%,
2026-06-22 04:00:00,10.0%,3.30%,5.12%,10.6%,11.4%,2.88%,1.81%,9.26%,2.32%,
2026-06-22 07:00:00,11.8%,6.62%,4.49%,6.75%,17.6%,4.66%,4.19%,4.87%,1.67%,
2026-06-22 10:00:00,29.9%,4.39%,8.33%,11.9%,19.0%,8.30%,4.61%,5.52%,3.27%,
2026-06-22 13:00:00,16.6%,3.20%,11.2%,7.67%,23.7%,5.80%,2.11%,13.8%,5.43%,
2026-06-22 16:00:00,7.88%,2.79%,12.5%,7.10%,12.6%,9.07%,2.91%,9.38%,4.10%,
2026-06-22 19:00:00,15.0%,4.37%,6.91%,7.82%,25.3%,0.910%,0.410%,10.7%,1.98%,
2026-06-22 22:00:00,12.0%,1.90%,4.93%,9.57%,17.1%,0.800%,3.27%,3.98%,16.8%,
2026-06-23 01:00:00,2.09%,0.381%,4.20%,8.85%,25.0%,1.93%,2.93%,5.45%,3.23%,
2026-06-23 04:00:00,6.63%,6.20%,2.19%,8.01%,6.45%,11.9%,3.03%,3.75%,2.16%,
2026-06-23 07:00:00,15.5%,2.58%,2.79%,6.72%,17.6%,6.17%,4.75%,11.1%,7.23%,
2026-06-23 10:00:00,7.88%,2.89%,5.48%,7.81%,15.9%,4.77%,5.98%,5.35%,6.99%,
2026-06-23 13:00:00,3.31%,8.22%,4.59%,7.65%,4.53%,3.63%,9.87%,11.1%,3.98%,
2026-06-23 16:00:00,6.69%,1.95%,6.55%,7.63%,4.86%,28.5%,2.64%,10.9%,7.59%,
2026-06-23 19:00:00,23.0%,3.31%,7.07%,7.96%,4.59%,21.9%,1.58%,10.5%,0.914%,
2026-06-23 22:00:00,6.78%,4.51%,6.98%,14.4%,4.58%,9.44%,2.91%,13.3%,2.87%,
2026-06-24 01:00:00,13.4%,8.28%,5.70%,7.60%,4.93%,14.0%,6.27%,2.47%,6.06%,
2026-06-24 04:00:00,12.7%,8.27%,6.92%,5.68%,10.4%,8.81%,3.95%,5.56%,11.8%,
2026-06-24 07:00:00,12.7%,9.03%,5.81%,26.1%,12.8%,6.37%,4.37%,3.10%,3.88%,
2026-06-24 10:00:00,9.67%,4.06%,4.31%,16.4%,6.21%,2.42%,1.88%,5.07%,7.76%,
2026-06-24 13:00:00,18.8%,2.46%,3.61%,11.5%,7.99%,7.79%,5.11%,4.55%,1.68%,
2026-06-24 16:00:00,4.31%,4.62%,6.49%,9.76%,7.87%,4.02%,4.05%,15.0%,6.37%,
2026-06-24 19:00:00,5.39%,3.09%,3.83%,7.21%,31.8%,9.68%,3.03%,4.28%,1.65%,
2026-06-24 22:00:00,4.03%,7.06%,4.80%,6.94%,17.3%,4.09%,4.52%,3.68%,7.19%,
2026-06-25 01:00:00,4.41%,2.96%,2.66%,9.94%,6.40%,8.12%,4.87%,8.75%,2.48%,
2026-06-25 04:00:00,5.36%,4.21%,4.46%,6.21%,16.8%,7.81%,6.58%,6.46%,3.61%,
2026-06-25 07:00:00,4.92%,2.12%,1.67%,10.2%,4.62%,7.45%,2.96%,4.23%,4.58%,
2026-06-25 10:00:00,8.17%,3.22%,19.2%,10.3%,4.53%,5.78%,2.51%,6.64%,3.36%,
2026-06-25 13:00:00,6.33%,2.45%,3.36%,8.08%,4.06%,30.1%,15.4%,12.3%,4.72%,
2026-06-25 16:00:00,7.43%,3.18%,5.12%,7.23%,4.47%,19.8%,10.8%,4.21%,3.83%,
2026-06-25 19:00:00,7.50%,3.63%,3.05%,7.52%,7.01%,13.2%,13.4%,6.19%,3.13%,
2026-06-25 22:00:00,6.49%,10.6%,4.52%,11.0%,11.9%,4.08%,18.8%,6.90%,2.48%,
2026-06-26 01:00:00,7.22%,14.3%,5.45%,8.72%,4.48%,13.3%,8.78%,6.46%,3.06%,
2026-06-26 04:00:00,9.08%,4.70%,3.41%,8.75%,5.12%,12.1%,4.70%,3.99%,6.20%,
2026-06-26 07:00:00,7.86%,3.27%,1.65%,15.9%,8.15%,10.4%,2.84%,3.80%,3.26%,
2026-06-26 10:00:00,8.43%,,8.86%,6.38%,5.95%,5.31%,25.0%,3.67%,5.38%,
2026-06-26 13:00:00,5.48%,,6.53%,7.31%,9.91%,8.58%,2.41%,4.44%,6.93%,
2026-06-26 16:00:00,3.75%,2.25%,3.80%,6.54%,4.78%,8.52%,4.08%,4.94%,7.27%,
2026-06-26 19:00:00,4.58%,10.2%,1.02%,9.28%,23.0%,6.19%,2.88%,4.21%,2.98%,
2026-06-26 22:00:00,4.02%,4.63%,3.79%,8.97%,16.7%,3.46%,9.08%,3.83%,6.64%,
2026-06-27 01:00:00,20.1%,4.39%,0%,7.79%,19.0%,8.16%,7.80%,4.11%,15.7%,
2026-06-27 04:00:00,3.96%,5.44%,3.79%,8.10%,4.78%,3.41%,8.86%,2.79%,5.40%,
2026-06-27 07:00:00,4.72%,1.36%,2.30%,10.5%,5.20%,10.3%,6.10%,7.82%,5.60%,
2026-06-27 10:00:00,4.52%,0.989%,5.55%,8.48%,16.7%,14.5%,15.7%,2.24%,3.74%,
2026-06-27 13:00:00,5.50%,6.05%,3.48%,35.5%,7.64%,9.55%,11.3%,9.37%,3.66%,
2026-06-27 16:00:00,5.29%,12.3%,2.64%,,5.16%,4.09%,0.817%,18.1%,5.99%,
2026-06-27 19:00:00,4.82%,,4.90%,,3.02%,5.82%,8.01%,5.33%,1.45%,
2026-06-27 22:00:00,5.67%,4.00%,12.3%,6.14%,3.93%,2.96%,2.28%,4.11%,6.64%,
2026-06-28 01:00:00,4.35%,0.706%,2.73%,,4.94%,4.76%,11.4%,10.6%,3.26%,
2026-06-28 04:00:00,4.44%,16.0%,2.79%,,5.29%,6.52%,4.89%,14.8%,8.84%,
2026-06-28 07:00:00,6.10%,17.1%,6.07%,,10.2%,4.66%,8.88%,3.03%,9.07%,
2026-06-28 10:00:00,4.75%,6.76%,5.86%,,5.45%,11.3%,1.67%,12.8%,4.27%,
2026-06-28 13:00:00,2.71%,1.45%,4.08%,,4.52%,3.69%,5.97%,19.3%,1.73%,
2026-06-28 16:00:00,13.7%,17.5%,5.35%,,4.57%,4.50%,10.0%,11.3%,3.14%,
2026-06-28 19:00:00,9.96%,7.66%,2.87%,,9.31%,6.58%,3.64%,18.2%,2.45%,
2026-06-28 22:00:00,7.09%,6.32%,2.77%,,7.24%,5.24%,4.53%,4.42%,0.498%,
2026-06-29 01:00:00,8.44%,10.3%,8.92%,12.6%,8.01%,6.31%,2.98%,9.26%,4.87%,
2026-06-29 04:00:00,8.55%,2.83%,2.44%,23.7%,4.50%,6.38%,1.64%,15.4%,3.65%,
2026-06-29 07:00:00,17.1%,4.40%,4.64%,8.06%,2.13%,3.89%,1.50%,9.27%,7.71%,
2026-06-29 10:00:00,17.8%,18.1%,4.68%,8.75%,7.38%,12.1%,1.45%,14.7%,2.55%,
2026-06-29 13:00:00,12.1%,1.84%,6.63%,6.81%,30.8%,4.21%,6.91%,8.37%,8.81%,
2026-06-29 16:00:00,5.93%,6.34%,9.18%,7.60%,17.1%,7.08%,11.2%,13.1%,9.90%,
2026-06-29 19:00:00,7.10%,3.16%,4.01%,30.7%,27.3%,4.28%,8.12%,4.66%,6.59%,
2026-06-29 22:00:00,15.6%,2.21%,3.53%,10.7%,20.9%,3.22%,3.11%,3.28%,3.47%,
2026-06-30 01:00:00,7.86%,12.5%,4.81%,11.0%,29.0%,44.8%,8.26%,3.24%,7.46%,
2026-06-30 04:00:00,6.53%,4.07%,4.92%,9.59%,13.6%,,4.21%,7.30%,1.95%,
2026-06-30 07:00:00,5.22%,9.77%,5.01%,7.64%,13.2%,3.51%,3.32%,11.1%,6.55%,
2026-06-30 10:00:00,3.28%,7.86%,2.55%,7.29%,13.3%,2.40%,1.68%,9.22%,3.06%,
2026-06-30 13:00:00,7.27%,15.7%,2.79%,10.7%,7.87%,,5.93%,15.3%,14.3%,
2026-06-30 16:00:00,4.74%,5.41%,4.18%,6.18%,3.40%,,1.17%,10.3%,3.90%,
2026-06-30 19:00:00,10.3%,6.54%,2.89%,8.93%,39.4%,,4.99%,7.74%,3.86%,
2026-06-30 22:00:00,9.17%,4.02%,3.59%,8.58%,14.1%,,6.09%,7.54%,4.35%,
2026-07-01 01:00:00,26.6%,11.5%,5.90%,9.98%,9.29%,2.11%,4.06%,4.90%,3.66%,
2026-07-01 04:00:00,44.3%,7.47%,2.36%,5.68%,14.3%,10.4%,16.0%,20.4%,3.67%,
2026-07-01 07:00:00,33.5%,11.7%,2.49%,7.19%,37.8%,48.1%,3.83%,3.23%,3.18%,
2026-07-01 10:00:00,6.69%,2.44%,4.13%,7.23%,8.52%,7.91%,3.68%,2.98%,4.34%,
2026-07-01 13:00:00,4.84%,,4.70%,7.57%,9.14%,8.06%,9.84%,4.44%,7.26%,
2026-07-01 16:00:00,3.76%,0.288%,6.82%,10.4%,4.75%,49.7%,5.25%,6.50%,8.00%,
2026-07-01 19:00:00,6.01%,,8.41%,10.9%,4.31%,34.7%,2.39%,2.96%,1.87%,
2026-07-01 22:00:00,6.32%,,5.85%,6.90%,5.45%,14.1%,8.82%,18.9%,7.53%,
2026-07-02 01:00:00,3.35%,,2.90%,12.2%,9.16%,18.8%,17.3%,25.3%,3.41%,
2026-07-02 04:00:00,4.93%,,4.84%,7.79%,3.50%,21.4%,7.06%,4.42%,2.09%,
2026-07-02 07:00:00,4.49%,,5.31%,7.61%,5.83%,23.4%,1.28%,4.52%,4.26%,
2026-07-02 10:00:00,3.04%,1.60%,3.21%,8.53%,2.86%,27.6%,0.915%,3.87%,1.11%,
2026-07-02 13:00:00,13.6%,17.5%,9.90%,11.7%,6.69%,4.95%,2.30%,12.5%,5.90%,8.07%
2026-07-02 16:00:00,9.29%,4.53%,7.38%,10.3%,5.19%,16.1%,3.87%,,4.18%,7.06%
2026-07-02 19:00:00,19.5%,25.0%,1.69%,10.1%,7.85%,12.0%,5.28%,,,5.60%
2026-07-02 22:00:00,3.27%,11.8%,14.0%,8.29%,5.34%,4.20%,5.50%,,5.07%,3.73%
2026-07-03 01:00:00,23.0%,4.68%,5.95%,6.59%,14.3%,7.18%,6.14%,,3.58%,
2026-07-03 04:00:00,,19.8%,4.88%,8.68%,7.92%,5.30%,3.06%,,3.01%,
2026-07-03 07:00:00,,5.96%,3.80%,30.6%,8.79%,4.84%,1.10%,,3.84%,5.73%
2026-07-03 10:00:00,1.20%,1.76%,2.92%,9.60%,8.43%,13.7%,2.33%,,3.06%,5.51%
2026-07-03 13:00:00,1.19%,7.81%,2.61%,7.91%,8.27%,3.52%,3.44%,1.20%,4.47%,12.6%
2026-07-03 16:00:00,17.7%,2.54%,8.21%,9.25%,12.0%,11.4%,4.75%,16.1%,2.65%,66.4%
2026-07-03 19:00:00,8.37%,2.41%,7.63%,5.96%,4.95%,4.54%,7.51%,12.4%,4.47%,25.5%
2026-07-03 22:00:00,8.50%,3.62%,8.64%,9.33%,19.1%,12.2%,3.32%,17.4%,1.01%,45.4%
2026-07-04 01:00:00,29.7%,7.03%,3.88%,8.11%,18.2%,12.2%,4.66%,4.95%,2.37%,62.6%
2026-07-04 04:00:00,3.73%,1.46%,3.83%,25.9%,,13.3%,4.95%,7.31%,2.69%,45.9%
2026-07-04 07:00:00,5.49%,13.0%,3.79%,10.2%,,9.46%,2.12%,2.46%,2.96%,9.59%
2026-07-04 10:00:00,7.05%,,2.49%,15.9%,6.53%,28.2%,7.04%,4.14%,3.85%,7.33%
2026-07-04 13:00:00,,,3.39%,8.30%,,5.59%,2.57%,4.16%,,16.3%
2026-07-04 16:00:00,12.1%,,5.11%,10.1%,,10.2%,1.81%,4.69%,4.15%,15.7%
2026-07-04 19:00:00,11.9%,,5.64%,7.94%,,14.8%,4.25%,4.49%,11.9%,12.5%
2026-07-04 22:00:00,3.55%,,4.91%,8.84%,,27.8%,7.87%,5.26%,5.00%,7.79%
2026-07-05 01:00:00,9.50%,,12.5%,7.18%,,7.22%,1.31%,2.89%,2.14%,7.47%
2026-07-05 04:00:00,4.50%,7.18%,,8.64%,0.717%,2.00%,2.85%,3.49%,15.7%,8.73%
2026-07-05 07:00:00,5.96%,3.10%,21.4%,6.45%,,4.41%,2.16%,4.15%,16.9%,5.05%
2026-07-05 10:00:00,7.20%,1.90%,,8.07%,10.3%,20.8%,16.4%,3.74%,22.9%,7.72%
2026-07-05 13:00:00,5.06%,22.0%,,10.2%,28.5%,3.65%,1.56%,3.25%,3.60%,9.71%
2026-07-05 16:00:00,7.68%,28.9%,,7.64%,10.8%,8.63%,5.31%,3.81%,1.96%,6.23%
2026-07-05 19:00:00,4.94%,6.37%,1.28%,9.37%,7.74%,15.5%,2.43%,4.19%,4.38%,7.95%
2026-07-05 22:00:00,5.82%,5.60%,1.29%,7.15%,11.1%,14.4%,8.92%,14.2%,3.89%,6.88%
2026-07-06 01:00:00,5.89%,7.82%,2.08%,24.5%,6.09%,1.55%,6.35%,5.09%,8.05%,7.71%
2026-07-06 04:00:00,6.45%,3.25%,7.93%,8.95%,7.16%,6.40%,7.21%,3.83%,,10.7%
2026-07-06 07:00:00,3.05%,4.70%,6.23%,8.80%,5.23%,12.1%,5.04%,3.01%,10.00%,7.46%
2026-07-06 10:00:00,9.01%,4.91%,5.08%,10.1%,9.84%,26.4%,16.9%,4.97%,,7.55%
2026-07-06 13:00:00,5.23%,5.38%,4.93%,5.70%,12.1%,13.1%,1.25%,3.88%,,5.99%
2026-07-06 16:00:00,3.78%,3.24%,2.48%,14.9%,3.43%,10.4%,2.26%,3.70%,,10.6%
2026-07-06 19:00:00,4.13%,2.69%,8.23%,8.96%,10.0%,13.1%,3.34%,10.2%,,8.52%
2026-07-06 22:00:00,5.32%,6.61%,4.48%,6.85%,12.7%,20.9%,5.41%,8.57%,1.46%,7.16%
2026-07-07 01:00:00,5.43%,2.44%,3.95%,6.04%,4.14%,11.9%,2.22%,13.0%,8.98%,6.96%
2026-07-07 04:00:00,7.19%,4.44%,3.68%,11.4%,4.12%,9.82%,3.70%,18.7%,12.8%,6.20%
2026-07-07 07:00:00,19.3%,2.41%,2.69%,9.37%,2.85%,13.0%,1.38%,4.33%,10.9%,8.06%
2026-07-07 10:00:00,6.39%,2.73%,2.65%,7.23%,2.68%,9.49%,18.9%,9.55%,12.2%,7.84%
2026-07-07 13:00:00,6.37%,2.41%,5.03%,6.63%,45.8%,5.01%,1.92%,8.18%,6.88%,9.63%
2026-07-07 16:00:00,7.39%,15.3%,3.91%,8.46%,,13.5%,2.56%,7.31%,1.17%,17.2%
2026-07-07 19:00:00,5.66%,5.54%,42.5%,8.36%,8.69%,12.0%,2.55%,5.67%,13.3%,5.46%
2026-07-07 22:00:00,5.86%,2.44%,46.7%,7.57%,15.0%,14.3%,3.77%,4.22%,9.43%,7.12%
2026-07-08 01:00:00,8.51%,2.55%,27.3%,7.52%,6.20%,31.3%,9.34%,3.28%,6.86%,8.78%
2026-07-08 04:00:00,5.42%,4.31%,51.8%,6.51%,4.55%,4.65%,2.25%,10.3%,17.0%,5.53%
2026-07-08 07:00:00,4.33%,1.58%,47.1%,7.69%,2.97%,13.2%,3.27%,13.2%,4.61%,8.63%
2026-07-08 10:00:00,7.98%,1.85%,56.8%,19.2%,4.55%,9.32%,1.10%,4.94%,5.79%,5.15%
2026-07-08 13:00:00,12.0%,2.72%,25.7%,9.16%,10.9%,8.13%,4.80%,5.44%,4.14%,10.1%
2026-07-08 16:00:00,6.54%,1.95%,4.13%,15.7%,10.5%,5.75%,2.32%,3.64%,2.97%,6.35%
2026-07-08 19:00:00,5.31%,1.55%,2.72%,17.6%,18.0%,1.72%,9.57%,3.96%,2.19%,14.1%
2026-07-08 22:00:00,13.0%,0.703%,4.47%,6.21%,6.44%,8.32%,2.05%,4.63%,3.01%,6.33%
2026-07-09 01:00:00,6.05%,8.98%,5.92%,9.17%,8.14%,3.90%,14.1%,3.68%,1.61%,6.67%
2026-07-09 04:00:00,6.89%,9.28%,5.47%,9.92%,4.95%,3.80%,2.72%,12.7%,3.35%,6.02%
2026-07-09 07:00:00,12.7%,3.85%,6.22%,11.6%,9.14%,7.73%,1.09%,5.80%,4.63%,8.28%
2026-07-09 10:00:00,16.0%,2.01%,5.86%,6.06%,4.73%,10.0%,1.49%,4.94%,3.93%,6.17%
2026-07-09 13:00:00,21.5%,3.40%,6.32%,15.3%,9.30%,16.0%,3.54%,16.9%,4.52%,5.63%
2026-07-09 16:00:00,6.31%,3.44%,2.55%,14.5%,3.62%,12.9%,3.37%,21.0%,3.31%,7.82%
2026-07-09 19:00:00,4.77%,3.45%,3.77%,16.7%,9.95%,8.73%,4.53%,6.49%,9.32%,5.63%
2026-07-09 22:00:00,7.73%,7.22%,6.55%,8.70%,17.7%,19.6%,4.94%,4.23%,12.0%,7.28%
2026-07-10 01:00:00,3.44%,7.64%,4.71%,8.08%,11.8%,17.9%,13.2%,4.81%,4.12%,6.82%
2026-07-10 04:00:00,5.78%,6.12%,6.99%,15.0%,6.69%,18.7%,9.68%,3.45%,3.76%,7.78%
2026-07-10 07:00:00,9.90%,5.26%,6.28%,20.7%,6.95%,8.00%,6.35%,2.46%,4.65%,5.82%
2026-07-10 10:00:00,7.87%,2.91%,10.1%,8.12%,4.14%,6.36%,1.50%,3.24%,2.36%,6.97%
2026-07-10 13:00:00,7.72%,2.62%,3.17%,8.58%,15.8%,7.90%,16.5%,4.71%,5.99%,8.31%
2026-07-10 16:00:00,14.4%,1.07%,3.70%,9.33%,5.55%,31.9%,11.3%,7.03%,2.84%,7.42%
2026-07-10 19:00:00,4.51%,64.7%,5.44%,18.4%,3.59%,5.79%,50.6%,6.72%,2.08%,4.92%
2026-07-10 22:00:00,5.30%,2.61%,8.10%,7.85%,5.82%,11.2%,5.04%,3.88%,2.69%,8.04%
2026-07-11 01:00:00,4.93%,1.00%,11.0%,17.7%,13.6%,9.20%,4.94%,3.31%,2.84%,6.63%
2026-07-11 04:00:00,6.58%,7.02%,8.03%,12.7%,11.2%,17.2%,1.79%,4.97%,3.03%,10.1%
2026-07-11 07:00:00,6.90%,3.75%,4.46%,16.3%,5.78%,24.5%,1.64%,8.47%,9.54%,6.68%
2026-07-11 10:00:00,10.2%,2.02%,3.22%,17.9%,2.96%,35.4%,1.78%,4.62%,3.56%,7.97%
2026-07-11 13:00:00,20.2%,3.76%,0.118%,22.7%,13.2%,36.8%,9.44%,6.42%,2.36%,6.65%
2026-07-11 16:00:00,3.61%,2.27%,14.8%,20.3%,4.17%,21.9%,1.29%,7.23%,2.90%,8.06%
2026-07-11 19:00:00,,2.52%,4.39%,15.7%,3.17%,7.99%,2.16%,7.94%,1.20%,7.71%
2026-07-11 22:00:00,3.82%,12.4%,22.7%,7.53%,2.91%,28.2%,1.53%,8.70%,3.45%,9.21%
2026-07-12 01:00:00,,26.4%,4.08%,18.6%,5.67%,11.4%,1.84%,6.72%,2.65%,6.69%
2026-07-12 04:00:00,,5.19%,3.21%,7.47%,7.78%,15.4%,4.27%,3.83%,2.62%,6.05%
2026-07-12 07:00:00,,15.2%,0.773%,9.20%,9.01%,33.9%,5.56%,2.51%,4.14%,7.22%
2026-07-12 10:00:00,,24.9%,0.0127%,9.90%,5.71%,11.6%,1.99%,5.94%,4.47%,7.45%
2026-07-12 13:00:00,,1.85%,4.62%,7.95%,10.0%,8.19%,1.37%,2.84%,4.93%,7.33%
2026-07-12 16:00:00,,4.41%,2.83%,6.58%,10.2%,10.9%,1.94%,3.60%,3.42%,10.2%
2026-07-12 19:00:00,,3.61%,7.57%,24.3%,22.1%,15.5%,1.15%,2.62%,3.88%,7.45%
2026-07-12 22:00:00,,8.96%,9.86%,13.2%,9.00%,7.45%,4.25%,3.18%,3.66%,6.93%
2026-07-13 01:00:00,,11.6%,8.07%,8.68%,6.76%,14.5%,5.06%,3.37%,4.99%,6.54%
2026-07-13 04:00:00,1.34%,11.2%,7.78%,7.26%,7.28%,14.9%,3.35%,4.17%,13.0%,4.71%
2026-07-13 07:00:00,2.91%,4.95%,5.14%,25.1%,8.69%,10.4%,1.36%,6.04%,12.9%,8.40%
2026-07-13 10:00:00,30.5%,11.1%,7.70%,23.8%,5.16%,15.9%,0.708%,5.45%,3.76%,10.8%
2026-07-13 13:00:00,42.7%,4.09%,4.49%,7.78%,15.6%,10.1%,2.70%,13.0%,8.68%,8.45%
2026-07-13 16:00:00,6.55%,3.71%,6.54%,7.06%,2.70%,29.2%,1.80%,7.74%,2.19%,9.30%
2026-07-13 19:00:00,3.32%,7.65%,10.8%,16.2%,7.20%,13.4%,5.56%,15.3%,5.64%,8.00%
2026-07-13 22:00:00,6.86%,7.17%,14.0%,9.15%,3.15%,11.9%,5.95%,2.38%,7.10%,7.99%
2026-07-14 01:00:00,2.31%,6.86%,8.43%,13.2%,2.16%,30.8%,1.98%,4.67%,11.0%,4.95%
2026-07-14 04:00:00,3.95%,5.59%,5.78%,6.60%,4.20%,19.7%,1.67%,7.44%,5.41%,4.04%
2026-07-14 07:00:00,35.7%,3.41%,13.4%,8.18%,4.72%,17.4%,6.20%,9.38%,0.955%,5.33%
2026-07-14 10:00:00,9.28%,4.49%,3.06%,7.83%,8.38%,9.37%,0.975%,3.05%,12.5%,8.66%
2026-07-14 13:00:00,18.3%,4.95%,2.92%,10.6%,2.17%,18.1%,2.67%,4.86%,7.65%,4.72%
2026-07-14 16:00:00,4.71%,3.99%,2.75%,11.6%,26.9%,6.10%,5.54%,5.69%,6.08%,5.30%
2026-07-14 19:00:00,5.65%,9.18%,3.62%,8.22%,17.7%,9.29%,5.31%,2.90%,10.2%,5.88%
2026-07-14 22:00:00,4.69%,9.43%,6.18%,8.28%,17.3%,25.7%,1.78%,11.2%,2.70%,5.48%
2026-07-15 01:00:00,5.53%,4.02%,4.63%,7.12%,13.4%,36.2%,2.26%,4.84%,6.23%,6.39%
2026-07-15 04:00:00,4.02%,3.20%,2.98%,8.64%,19.4%,12.9%,5.97%,3.91%,3.15%,16.3%
2026-07-15 07:00:00,19.0%,0.113%,4.91%,12.5%,22.8%,25.5%,2.11%,3.41%,5.43%,7.80%
2026-07-15 10:00:00,6.10%,2.38%,7.65%,12.3%,15.7%,14.4%,2.75%,3.07%,3.89%,8.76%
2026-07-15 13:00:00,6.75%,3.94%,6.54%,6.51%,13.4%,20.1%,2.70%,6.06%,1.08%,5.61%
2026-07-15 16:00:00,3.15%,1.84%,3.85%,43.2%,9.31%,13.5%,1.21%,3.39%,7.67%,7.67%
2026-07-15 19:00:00,2.65%,2.81%,1.91%,9.04%,5.90%,19.6%,2.81%,3.44%,8.86%,20.5%
2026-07-15 22:00:00,5.78%,1.47%,3.23%,7.10%,18.3%,28.8%,2.24%,3.14%,8.15%,10.9%
2026-07-16 01:00:00,4.72%,0.855%,5.90%,9.19%,5.42%,11.9%,3.89%,10.3%,3.11%,10.9%
2026-07-16 04:00:00,3.17%,2.39%,7.95%,7.53%,6.47%,7.95%,2.04%,4.09%,2.36%,6.84%
2026-07-16 07:00:00,2.95%,3.68%,2.32%,9.29%,33.3%,17.0%,1.15%,4.18%,6.63%,6.57%
2026-07-16 10:00:00,6.44%,3.96%,2.78%,9.30%,5.80%,5.29%,1.38%,11.5%,6.47%,11.2%
2026-07-16 13:00:00,10.8%,3.80%,4.52%,15.0%,39.1%,9.27%,4.04%,8.23%,3.72%,22.5%
2026-07-16 16:00:00,6.11%,0.749%,19.3%,8.39%,10.2%,13.3%,2.98%,2.45%,2.92%,8.02%
2026-07-16 19:00:00,3.87%,2.92%,5.07%,8.33%,15.7%,4.50%,1.05%,5.39%,3.00%,6.56%
2026-07-16 22:00:00,12.8%,3.18%,4.15%,8.89%,12.9%,19.6%,3.39%,16.7%,5.82%,7.08%
2026-07-17 01:00:00,4.64%,4.90%,1.74%,7.93%,18.5%,10.9%,3.93%,16.2%,4.19%,5.53%
2026-07-17 04:00:00,3.25%,2.53%,,6.93%,10.8%,10.7%,5.58%,2.12%,3.62%,7.29%
2026-07-17 07:00:00,3.89%,3.68%,,9.10%,23.4%,4.68%,4.17%,1.78%,5.45%,6.92%
2026-07-17 10:00:00,8.03%,3.57%,,8.55%,14.0%,10.4%,2.16%,4.76%,3.95%,7.94%
2026-07-17 13:00:00,8.97%,1.80%,,6.87%,13.3%,1.78%,1.48%,5.72%,3.98%,7.41%
2026-07-17 16:00:00,3.58%,2.82%,3.90%,8.44%,5.36%,7.85%,4.13%,4.58%,3.63%,7.39%
2026-07-17 19:00:00,5.49%,9.54%,4%,7.91%,28.9%,6.11%,4.26%,6.37%,3.46%,6.14%
2026-07-17 22:00:00,9.33%,2.29%,3.78%,6.24%,37.7%,16.2%,4.63%,3.93%,3.83%,5.72%
2026-07-18 01:00:00,3.90%,3.42%,18.4%,8.22%,23.1%,7.94%,4.46%,3.40%,6.96%,8.29%
2026-07-18 04:00:00,5.76%,3.30%,13.2%,12.5%,8.60%,11.6%,,3.55%,5.52%,6.14%
2026-07-18 07:00:00,4.96%,7.94%,10.4%,10.5%,14.5%,6.52%,,10.7%,7.14%,6.85%
2026-07-18 10:00:00,5.24%,10.1%,3.86%,8.62%,15.3%,3.53%,3.58%,3.85%,2.46%,6.66%
2026-07-18 13:00:00,3.27%,4.25%,6.24%,9.00%,3.97%,4.69%,,4.39%,2.92%,6.81%
2026-07-18 16:00:00,10.7%,5.66%,7.66%,9.49%,21.6%,4.95%,,6.88%,5.44%,5.92%
2026-07-18 19:00:00,30.6%,1.06%,4.58%,6.92%,4.26%,7.20%,,2.87%,9.61%,7.09%
2026-07-18 22:00:00,31.6%,2.09%,14.1%,6.95%,2.95%,3.79%,,8.30%,3.74%,5.97%
2026-07-19 01:00:00,4.70%,3.18%,,7.73%,7.71%,2.93%,2.96%,3.51%,5.92%,6.46%
2026-07-19 04:00:00,4.60%,4.92%,25.4%,16.2%,3.72%,3.10%,4.10%,2.65%,4.26%,6.76%
2026-07-19 07:00:00,4.21%,3.40%,18.4%,6.69%,3.74%,3.86%,3.32%,1.54%,3.79%,7.79%
2026-07-19 10:00:00,4.57%,3.83%,22.8%,6.48%,9.81%,4.15%,3.99%,6.13%,4.16%,7.10%
2026-07-19 13:00:00,5.68%,1.63%,7.59%,9.90%,28.6%,3.32%,2.36%,4.45%,9.80%,6.85%
2026-07-19 16:00:00,12.3%,3.46%,17.3%,13.8%,4.62%,3.05%,2.40%,3.81%,13.7%,4.93%
2026-07-19 19:00:00,3.99%,4.70%,5.44%,7.55%,5.88%,7.24%,0.349%,5.57%,11.9%,12.3%
2026-07-19 22:00:00,3.63%,4.05%,6.61%,8.86%,8.10%,8.96%,2.75%,2.51%,7.26%,7.91%
2026-07-20 01:00:00,4.89%,4.98%,4.66%,9.57%,11.2%,8.85%,9.02%,8.54%,7.78%,9.25%
2026-07-20 04:00:00,5.67%,6.76%,7.90%,6.92%,2.62%,10.4%,1.43%,,8.74%,11.0%
2026-07-20 07:00:00,7.98%,7.63%,4.27%,7.71%,12.7%,14.1%,1.27%,55.4%,2.69%,5.13%
2026-07-20 10:00:00,10.1%,2.89%,5.54%,10.1%,6.87%,12.2%,2.46%,5.74%,15.7%,6.02%
2026-07-20 13:00:00,6.73%,4.58%,17.5%,13.7%,8.75%,5.48%,2.89%,3.73%,3.99%,9.50%
2026-07-20 16:00:00,18.6%,5.91%,24.7%,9.29%,34.3%,17.1%,28.0%,4.33%,8.84%,9.81%
2026-07-20 19:00:00,5.47%,2.47%,16.9%,8.29%,25.5%,4.49%,15.7%,1.89%,14.1%,6.37%
2026-07-20 22:00:00,11.1%,1.54%,6.70%,7.46%,7.26%,8.90%,7.08%,16.0%,15.4%,6.06%
2026-07-21 01:00:00,13.4%,2.95%,1.87%,7.47%,7.35%,5.11%,7.56%,4.10%,5.96%,5.96%
2026-07-21 04:00:00,4.17%,6.09%,6.12%,6.67%,6.01%,4.44%,0.487%,3.88%,3.79%,8.70%
2026-07-21 07:00:00,4.94%,2.31%,6.50%,15.7%,3.81%,27.0%,3.29%,2.69%,2.00%,5.26%
2026-07-21 10:00:00,5.58%,2.91%,6.95%,6.67%,1.86%,4.46%,16.9%,2.49%,7.56%,7.05%
2026-07-21 13:00:00,4.73%,5.61%,7.32%,9.44%,15.0%,6.72%,10.5%,4.14%,6.62%,8.66%
2026-07-21 16:00:00,5.05%,4.86%,14.3%,6.60%,7.29%,17.6%,4.38%,2.86%,3.16%,7.29%
2026-07-21 19:00:00,3.39%,24.5%,11.7%,6.35%,35.4%,4.21%,8.46%,2.85%,4.31%,5.13%
2026-07-21 22:00:00,3.62%,14.5%,11.6%,,1.89%,3.94%,7.43%,2.67%,3.60%,8.65%
2026-07-22 01:00:00,4.47%,13.0%,17.8%,7.66%,2.91%,13.9%,3.00%,3.46%,4.30%,8.02%
2026-07-22 04:00:00,3.90%,8.76%,6.38%,7.64%,2.49%,13.7%,3.73%,2.36%,4.29%,7.44%
2026-07-22 07:00:00,3.67%,2.00%,4.67%,5.95%,13.4%,29.4%,5.08%,2.39%,7.73%,12.4%
2026-07-22 10:00:00,8.16%,15.4%,4.05%,6.73%,13.7%,18.5%,3.10%,2.62%,14.5%,8.62%
2026-07-22 13:00:00,7.96%,1.28%,4.60%,6.35%,19.3%,17.7%,4.30%,4.21%,3.27%,16.8%
2026-07-22 16:00:00,7.40%,1.92%,15.7%,18.9%,12.1%,11.3%,1.19%,3.97%,15.4%,8.05%
2026-07-22 19:00:00,5.40%,20.5%,4.00%,8.88%,8.16%,5.27%,7.47%,1.84%,2.24%,6.67%
2026-07-22 22:00:00,8.80%,5.17%,6.36%,7.30%,12.9%,5.31%,5.18%,4.12%,2.97%,8.76%
2026-07-23 01:00:00,14.1%,4.85%,6.99%,18.5%,9.18%,13.0%,8.06%,3.39%,2.61%,5.32%
2026-07-23 04:00:00,8.31%,0.926%,8.96%,10.9%,4.04%,7.93%,7.26%,3.56%,2.57%,5.68%
2026-07-23 07:00:00,8.40%,1.11%,3.58%,6.74%,7.55%,12.3%,13.8%,2.19%,1.44%,6.93%
2026-07-23 10:00:00,5.92%,0.329%,4.03%,17.8%,7.10%,8.70%,3.57%,2.59%,2.91%,6.90%
2026-07-23 13:00:00,10.6%,1.54%,13.5%,9.46%,14.6%,7.83%,30.5%,3.25%,2.84%,7.75%
2026-07-23 16:00:00,2.63%,2.92%,12.2%,,4.72%,7.92%,10.0%,3.94%,1.82%,6.09%
2026-07-23 19:00:00,1.82%,1.49%,2.14%,8.27%,5.30%,75.1%,11.4%,2.52%,9.22%,8.55%
2026-07-23 22:00:00,5.08%,1.34%,3.57%,8.38%,6.25%,2.39%,5.74%,2.37%,3.67%,7.14%
2026-07-24 01:00:00,5.48%,6.23%,4.32%,6.10%,17.8%,4.13%,4.97%,2.77%,3.71%,6.66%
2026-07-24 04:00:00,25.6%,2.61%,2.18%,12.4%,8.65%,9.71%,2.10%,2.92%,12.4%,8.04%
2026-07-24 07:00:00,6.09%,2.35%,1.28%,14.4%,5.99%,7.96%,1.98%,7.44%,1.80%,4.85%
2026-07-24 10:00:00,4.76%,1.73%,6.33%,9.54%,6.46%,8.44%,2.12%,6.09%,2.22%,7.63%
2026-07-24 13:00:00,8.38%,11.6%,3.23%,7.51%,13.9%,4.95%,12.5%,19.3%,1.93%,8.26%
2026-07-24 16:00:00,4.63%,5.42%,2.84%,9.89%,5.71%,4.09%,10.5%,8.53%,3.21%,
2026-07-24 19:00:00,9.06%,1.94%,3.50%,7.70%,8.62%,2.79%,16.4%,2.84%,,
2026-07-24 22:00:00,11.1%,18.0%,3.77%,24.3%,4.61%,6.46%,4.81%,4.03%,0%,
2026-07-25 01:00:00,24.7%,2.75%,2.71%,9.25%,7.73%,4.23%,3.76%,6.06%,5.36%,10.1%
2026-07-25 04:00:00,29.7%,2.64%,4.16%,,5.19%,5.60%,7.05%,5.67%,3.03%,6.99%
2026-07-25 07:00:00,19.5%,3.78%,4.27%,7.35%,3.76%,2.95%,2.30%,17.6%,2.34%,7.75%
2026-07-25 10:00:00,10.6%,0.450%,3.76%,,11.1%,9.42%,7.75%,3.69%,2.29%,9.13%
2026-07-25 13:00:00,20.1%,1.84%,5.20%,,30.9%,5.75%,7.48%,4.70%,16.4%,7.40%
2026-07-25 16:00:00,5.33%,1.31%,4.36%,7.14%,13.5%,7.12%,11.9%,5.82%,5.37%,5.58%
2026-07-25 19:00:00,8.69%,1.53%,3.25%,,12.8%,7.88%,5.97%,1.99%,9.76%,9.09%
2026-07-25 22:00:00,4.82%,2.14%,6.03%,7.65%,9.48%,15.7%,10.6%,10.6%,3.43%,6.27%
2026-07-26 01:00:00,6.18%,3.26%,2.49%,17.0%,2.74%,9.95%,7.10%,4.01%,2.59%,8.16%
2026-07-26 04:00:00,5.03%,6.81%,3.76%,32.3%,4.53%,,3.84%,4.87%,5.44%,6.17%
2026-07-26 07:00:00,6.67%,10.5%,4.99%,8.27%,7.36%,,5.51%,4.68%,5.47%,9.30%
2026-07-26 10:00:00,6.31%,5.08%,5.79%,9.36%,17.9%,7.11%,3.81%,3.68%,12.2%,6.26%
2026-07-26 13:00:00,2.69%,3.75%,6.15%,,5.34%,,10.1%,3.98%,5.58%,8.45%
2026-07-26 16:00:00,3.27%,2.09%,5.56%,,7.71%,,5.70%,6.18%,7.65%,7.07%
2026-07-26 19:00:00,5.02%,1.36%,6.89%,,9.27%,,3.19%,4.80%,2.36%,7.50%
2026-07-26 22:00:00,3.95%,10.9%,3.36%,,31.9%,,2.87%,4.89%,1.76%,7.10%
2026-07-27 01:00:00,11.5%,5.18%,6.06%,35.9%,11.8%,,3.39%,15.0%,2.54%,62.5%
2026-07-27 04:00:00,6.40%,7.04%,6.46%,27.8%,7.15%,1.95%,4.51%,6.97%,4.92%,7.25%
2026-07-27 07:00:00,7.63%,6.58%,4.22%,10.8%,8.66%,,4.94%,3.60%,12.0%,6.74%
2026-07-27 10:00:00,5.43%,7.73%,3.99%,12.3%,6.58%,7.69%,7.32%,13.2%,3.53%,8.01%
2026-07-27 13:00:00,12.3%,3.32%,10.8%,13.6%,3.83%,4.75%,10.1%,2.98%,5.34%,7.83%
2026-07-27 16:00:00,15.3%,1.83%,4.31%,10.0%,2.49%,5.32%,6.32%,12.8%,4.34%,5.16%
2026-07-27 19:00:00,6.93%,2.84%,55.3%,16.7%,7.80%,7.32%,16.9%,1.31%,3.76%,8.59%
2026-07-27 22:00:00,3.98%,2.33%,4.13%,13.3%,8.40%,3.52%,3.18%,1.86%,12.9%,4.20%
2026-07-28 01:00:00,20.9%,3.40%,2.10%,10.9%,14.1%,17.4%,10.4%,2.89%,7.24%,24.3%
2026-07-28 04:00:00,4.69%,4.38%,5.86%,13.9%,3.58%,12.6%,5.44%,3.84%,3.96%,23.1%
2026-07-28 07:00:00,14.7%,9.13%,3.56%,6.48%,4.08%,4.58%,4.22%,2.68%,2.67%,11.2%
2026-07-28 10:00:00,10.7%,12.3%,4.52%,5.92%,9.30%,13.0%,2.03%,2.48%,4.12%,8.07%
2026-07-28 13:00:00,18.5%,3.55%,78.7%,7.98%,6.31%,11.3%,0.709%,3.66%,23.6%,6.92%
2026-07-28 16:00:00,8.34%,5.11%,98.7%,8.52%,3.17%,6.74%,4.61%,9.30%,8.78%,9.99%
2026-07-28 19:00:00,16.6%,6.43%,10.0%,8.70%,3.18%,4.48%,8.54%,3.35%,12.3%,6.55%
2026-07-28 22:00:00,,32.3%,11.2%,12.6%,4.83%,4.13%,3.96%,7.31%,4.57%,6.92%
2026-07-29 01:00:00,,1.38%,0.372%,9.11%,10.3%,13.9%,4.45%,10.4%,9.68%,6.42%
2026-07-29 04:00:00,,8.79%,3.54%,11.3%,6.08%,10.5%,10.7%,4.14%,11.8%,9.27%
2026-07-29 07:00:00,,7.82%,4.99%,13.1%,9.94%,12.2%,3.55%,3.28%,12.2%,7.00%
2026-07-29 10:00:00,,7.07%,9.34%,7.40%,5.67%,27.0%,2.30%,6.63%,4.42%,11.4%
2026-07-29 13:00:00,17.7%,3.26%,2.13%,6.75%,6.12%,14.0%,9.79%,5.44%,8.04%,
2026-07-29 16:00:00,11.8%,8.21%,18.2%,8.80%,7.40%,17.3%,2.56%,8.00%,9.25%,9.41%
2026-07-29 19:00:00,10.7%,0.406%,,7.51%,9.84%,7.39%,14.0%,3.33%,3.11%,5.73%
2026-07-29 22:00:00,6.29%,1.03%,,7.14%,2.49%,4.35%,3.24%,6.64%,3.24%,16.6%
2026-07-30 01:00:00,3.88%,1.57%,,7.46%,9.20%,10.3%,7.61%,3.17%,16.2%,8.41%
2026-07-30 04:00:00,5.09%,6.42%,,6.68%,5.44%,11.1%,1.04%,3.42%,9.75%,6.96%
2026-07-30 07:00:00,4.87%,0.548%,2.87%,11.3%,3.12%,29.8%,5.13%,4.91%,13.4%,7.21%
2026-07-30 10:00:00,4.39%,1.99%,4.41%,7.46%,6.63%,24.1%,16.3%,4.62%,0.808%,6.00%
2026-07-30 13:00:00,3.07%,2.30%,2.32%,9.70%,3.77%,5.30%,11.3%,5.27%,,6.52%
2026-07-30 16:00:00,24.2%,3.19%,6.74%,8.15%,6.53%,12.6%,1.04%,6.47%,,7.72%
2026-07-30 19:00:00,6.72%,,6.84%,9.19%,10.7%,19.0%,10.5%,8.05%,,8.46%
2026-07-30 22:00:00,6.46%,,11.1%,6.83%,5.59%,5.29%,7.03%,1.64%,4.06%,9.99%
2026-07-31 01:00:00,6.22%,0%,4.84%,10.5%,14.1%,1.41%,3.90%,5.02%,13.5%,5.92%
2026-07-31 04:00:00,4.69%,3.98%,6.26%,31.3%,11.9%,,9.63%,1.87%,6.60%,8.17%
2026-07-31 07:00:00,16.7%,1.53%,3.25%,10.4%,6.63%,,1.36%,2.83%,8.91%,6.95%
2026-07-31 10:00:00,6.19%,3.47%,0.986%,6.68%,1.99%,13.3%,5.23%,2.96%,1.39%,5.47%
2026-07-31 13:00:00,4.46%,5.16%,4.16%,11.1%,4.83%,6.70%,3.98%,35.5%,4.28%,8.97%
2026-07-31 16:00:00,4.39%,0.491%,2.47%,11.1%,4.27%,3.39%,13.7%,16.2%,3.54%,17.6%
2026-07-31 19:00:00,3.48%,2.62%,4.90%,7.02%,10.1%,7.90%,7.47%,4.21%,5.98%,26.0%
2026-07-31 22:00:00,4.94%,5.49%,11.1%,8.95%,11.9%,13.7%,3.92%,9.25%,18.8%,6.12%
2026-08-01 01:00:00,3.39%,10.7%,4.06%,6.74%,5.92%,17.9%,5.97%,3.56%,5.92%,8.86%
2026-08-01 04:00:00,5.09%,3.95%,0%,7.69%,8.38%,8.75%,6.44%,4.25%,10.5%,6.46%
2026-08-01 07:00:00,3.85%,3.93%,14.4%,7.72%,7.03%,5.91%,0.855%,5.68%,4.07%,6.35%
2026-08-01 10:00:00,3.53%,11.9%,1.31%,5.91%,15.3%,13.4%,1.22%,13.1%,0.581%,9.11%
2026-08-01 13:00:00,5.52%,2.80%,7.48%,13.7%,21.0%,4.88%,7.30%,3.16%,1.11%,7.29%
2026-08-01 16:00:00,3.80%,5.96%,4.91%,6.05%,5.90%,4.27%,3.25%,6.83%,6.05%,8.30%
2026-08-01 19:00:00,5.86%,2.59%,3.15%,6.39%,14.9%,22.3%,3.45%,5.60%,5.37%,6.58%
2026-08-01 22:00:00,4.30%,7.38%,16.3%,9.18%,36.1%,11.3%,11.1%,6.28%,10.7%,7.45%
2026-08-02 01:00:00,7.43%,5.21%,1.05%,4.77%,9.65%,10.3%,2.32%,2.94%,1.92%,7.85%
2026-08-02 04:00:00,5.87%,4.25%,7.38%,,,3.79%,1.69%,4.41%,9.42%,8.43%
2026-08-02 07:00:00,9.30%,5.99%,2.67%,,2.87%,5.15%,6.47%,4.16%,0.998%,6.16%
2026-08-02 10:00:00,5.80%,2.24%,3.52%,,1.22%,5.68%,2.34%,5.84%,1.16%,5.07%
2026-08-02 13:00:00,3.32%,3.34%,1.22%,,,10.3%,4.86%,9.04%,5.29%,7.85%
2026-08-02 16:00:00,4.28%,1.21%,1.43%,,,15.3%,3.28%,7.78%,4.40%,7.32%
2026-08-02 19:00:00,4.92%,3.63%,1.44%,,,12.1%,5.22%,2.74%,4.53%,4.89%
2026-08-02 22:00:00,11.2%,2.72%,4.86%,6.64%,,7.13%,16.2%,4.51%,4.98%,7.34%
2026-08-03 01:00:00,9.70%,2.90%,4.56%,6.37%,,13.6%,10.4%,4.57%,5.13%,7.29%
2026-08-03 04:00:00,4.34%,2.35%,1.94%,7.46%,,8.75%,1.01%,16.8%,1.20%,13.2%
2026-08-03 07:00:00,8.97%,9.76%,3.06%,8.33%,1.93%,12.3%,5.20%,3.03%,3.34%,5.38%
2026-08-03 10:00:00,4.54%,6.98%,8.32%,7.19%,19.7%,4.82%,1.73%,3.35%,3.03%,7.31%
2026-08-03 13:00:00,3.46%,3.94%,5.17%,8.16%,36.5%,8.67%,22.4%,4.91%,3.80%,8.65%
2026-08-03 16:00:00,3.84%,2.64%,2.14%,7.26%,13.4%,23.6%,5.52%,8.94%,13.1%,5.78%
2026-08-03 19:00:00,7.31%,5.29%,3.19%,6.74%,9.81%,7.96%,4.26%,4.67%,5.85%,9.12%
2026-08-03 22:00:00,3.73%,15.3%,1.85%,8.79%,7.35%,11.0%,9.12%,5.00%,1.32%,6.84%
2026-08-04 01:00:00,11.0%,0.400%,6.12%,6.23%,19.8%,9.53%,6.25%,3.15%,5.65%,7.71%
2026-08-04 04:00:00,3.92%,,2.22%,7.37%,7.61%,11.3%,,4.94%,18.4%,8.83%
2026-08-04 07:00:00,10.5%,,1.84%,7.91%,6.65%,7.99%,55.2%,3.34%,2.43%,8.97%
2026-08-04 10:00:00,6.20%,,4.94%,7.34%,23.9%,15.7%,11.2%,2.35%,11.6%,10.3%
2026-08-04 13:00:00,25.5%,,1.81%,6.26%,11.0%,3.44%,14.9%,10.9%,7.62%,5.52%
2026-08-04 16:00:00,5.97%,,8.46%,6.84%,5.19%,3.32%,11.4%,4.11%,1.73%,7.35%
2026-08-04 19:00:00,2.87%,,1.64%,5.68%,7.85%,5.23%,9.24%,3.78%,1.64%,6.44%
2026-08-04 22:00:00,5.83%,,1.61%,10.5%,6.72%,9.77%,8.66%,5.50%,3.29%,6.40%
2026-08-05 01:00:00,5.77%,0.254%,1.45%,9.89%,12.8%,2.47%,10.0%,4.12%,0.336%,7.26%
2026-08-05 04:00:00,5.14%,13.0%,6.64%,5.85%,7.18%,4.01%,6.66%,5.71%,3.24%,5.52%
2026-08-05 07:00:00,4.91%,3.61%,11.9%,6.97%,7.13%,1.16%,6.08%,4.15%,2.02%,5.41%
2026-08-05 10:00:00,8.92%,2.90%,,6.22%,23.5%,7.00%,15.4%,3.73%,2.22%,6.13%
2026-08-05 13:00:00,16.5%,8.14%,1.77%,9.11%,4.30%,6.17%,14.3%,1.80%,2.73%,9.88%
2026-08-05 16:00:00,4.51%,3.10%,5.73%,7.62%,20.1%,12.4%,1.48%,10.1%,2.43%,7.40%
2026-08-05 19:00:00,6.73%,32.1%,9.57%,10.0%,5.85%,2.93%,3.58%,13.5%,1.76%,5.50%
2026-08-05 22:00:00,19.3%,0.689%,11.8%,7.64%,11.5%,5.39%,4.27%,20.9%,1.18%,6.75%
2026-08-06 01:00:00,8.18%,3.71%,2.47%,9.89%,9.18%,3.86%,14.9%,,5.91%,6.31%
2026-08-06 04:00:00,6.66%,5.16%,6.19%,8.46%,11.9%,4.40%,7.18%,33.1%,8.04%,5.51%
2026-08-06 07:00:00,5.36%,4.78%,3.33%,6.78%,9.87%,18.9%,8.45%,,5.49%,8.38%
2026-08-06 10:00:00,6.23%,2.49%,2.11%,7.45%,17.3%,11.4%,13.4%,81.8%,5.01%,7.22%
2026-08-06 13:00:00,5.93%,20.0%,5.28%,20.6%,16.8%,8.17%,12.2%,,10.2%,8.04%
2026-08-06 16:00:00,4.26%,3.40%,1.82%,8.57%,4.00%,5.35%,8.77%,,13.2%,8.62%
2026-08-06 19:00:00,3.10%,1.60%,2.39%,11.7%,1.91%,6.54%,11.5%,,3.67%,5.36%
2026-08-06 22:00:00,7.05%,3.05%,0.645%,6.51%,5.51%,5.38%,10.00%,2.62%,3.36%,6.38%
2026-08-07 01:00:00,5.80%,2.78%,2.14%,8.20%,4.78%,2.12%,9.44%,4.01%,6.58%,10.6%
2026-08-07 04:00:00,4.21%,5.30%,6.85%,8.24%,4.44%,4.25%,7.73%,43.3%,9.12%,9.02%
2026-08-07 07:00:00,3.69%,9.43%,18.3%,9.07%,8.48%,8.04%,11.9%,2.38%,17.9%,5.96%
2026-08-07 10:00:00,8.98%,20.0%,10.8%,8.97%,3.33%,21.6%,12.4%,3.04%,2.11%,26.2%
2026-08-07 13:00:00,5.34%,3.84%,5.99%,8.35%,5.82%,29.6%,8.80%,9.12%,3.54%,5.09%
2026-08-07 16:00:00,4.83%,17.1%,4.24%,8.84%,12.4%,5.60%,11.3%,13.5%,,8.01%
2026-08-07 19:00:00,4.43%,6.30%,4.69%,7.78%,10.9%,3.58%,8.82%,4.48%,1.29%,6.16%
2026-08-07 22:00:00,15.0%,3.22%,13.2%,7.15%,4.55%,5.05%,4.82%,4.70%,5.67%,5.14%
2026-08-08 01:00:00,8.46%,4.79%,0.923%,8.70%,4.59%,4.21%,4.51%,3.53%,,8.41%
2026-08-08 04:00:00,12.7%,2.03%,2.76%,6.38%,3.60%,4.75%,4.75%,4.45%,,8.47%
2026-08-08 07:00:00,4.10%,1.78%,2.91%,6.01%,4.85%,4.55%,2.10%,3.92%,,7.02%
2026-08-08 10:00:00,6.43%,16.6%,3.44%,7.28%,4.99%,6.63%,38.3%,3.75%,,12.7%
2026-08-08 13:00:00,3.33%,13.0%,1.37%,7.70%,5.96%,4.15%,17.0%,2.77%,,8.28%
2026-08-08 16:00:00,6.70%,1.37%,1.43%,7.94%,5.08%,5.21%,13.4%,3.43%,24.2%,7.64%
2026-08-08 19:00:00,12.2%,2.27%,6.83%,9.06%,4.75%,8.18%,7.54%,10.4%,13.7%,5.59%
2026-08-08 22:00:00,4.85%,5.26%,3.76%,9.18%,4.36%,13.2%,8.30%,2.92%,3.52%,10.5%
2026-08-09 01:00:00,13.1%,2.84%,11.6%,8.12%,2.68%,3.46%,5.42%,4.43%,2.81%,7.56%
2026-08-09 04:00:00,4.46%,2.86%,14.2%,7.87%,7.56%,3.22%,12.3%,4.13%,3.44%,5.74%
2026-08-09 07:00:00,4.09%,1.95%,3.45%,7.39%,4.93%,4.01%,4.06%,7.73%,3.34%,
2026-08-09 10:00:00,4.29%,1.51%,1.54%,7.02%,4.23%,6.27%,11.7%,5.57%,15.2%,
2026-08-09 13:00:00,4.16%,10.9%,9.27%,11.5%,4.29%,1.32%,10.3%,5.14%,3.83%,6.37%
2026-08-09 16:00:00,9.73%,10.9%,15.6%,8.98%,2.41%,4.70%,13.3%,11.3%,3.43%,7.00%
2026-08-09 19:00:00,12.3%,5.51%,7.84%,39.2%,5.58%,2.87%,6.83%,5.36%,3.80%,6.90%
2026-08-09 22:00:00,5.13%,3.26%,3.31%,6.43%,3.71%,3.91%,5.00%,3.96%,5.05%,6.23%
2026-08-10 01:00:00,4.04%,5.58%,0.779%,6.34%,3.43%,15.4%,5.26%,6.27%,4.46%,6.24%
2026-08-10 04:00:00,4.31%,7.42%,10.9%,,4.39%,4.86%,5.32%,3.24%,4.14%,8.37%
2026-08-10 07:00:00,4.47%,2.47%,3.80%,,5.06%,9.86%,6.13%,1.52%,3.83%,8.51%
2026-08-10 10:00:00,4.21%,1.96%,1.09%,,12.8%,4.43%,16.5%,4.89%,25.0%,9.41%
2026-08-10 13:00:00,6.09%,3.07%,6.21%,,13.6%,3.63%,16.3%,5.30%,5.73%,9.57%
2026-08-10 16:00:00,3.09%,8.47%,0%,,1.77%,4.10%,4.11%,6.25%,17.2%,9.16%
2026-08-10 19:00:00,10.1%,4.40%,0%,,12.2%,5.82%,16.0%,12.3%,1.74%,5.58%
2026-08-10 22:00:00,16.2%,4.85%,0%,,3.51%,7.79%,5.83%,5.58%,22.1%,8.04%
2026-08-11 01:00:00,5.11%,3.36%,0%,,2.50%,13.9%,13.1%,5.67%,24.2%,7.51%
2026-08-11 04:00:00,23.6%,3.23%,,,2.61%,5.17%,6.92%,5.76%,5.21%,5.60%
2026-08-11 07:00:00,3.32%,1.51%,,,,7.99%,6.47%,12.5%,16.8%,6.28%
2026-08-11 10:00:00,9.29%,6.17%,,,2.84%,3.64%,11.3%,5.56%,18.5%,7.52%
2026-08-11 13:00:00,3.67%,2.28%,,,7.72%,16.7%,16.4%,8.00%,2.33%,8.02%
2026-08-11 16:00:00,3.46%,1.75%,,,7.12%,6.59%,13.9%,8.68%,2.08%,8.35%
2026-08-11 19:00:00,3.37%,5.42%,,,16.9%,6.00%,4.08%,3.23%,0.685%,8.66%
2026-08-11 22:00:00,6.76%,2.71%,0%,,7.47%,6.99%,9.90%,4.35%,3.90%,8.19%
2026-08-12 01:00:00,20.7%,12.3%,0%,,4.33%,7.01%,2.69%,10.0%,1.96%,16.4%
2026-08-12 04:00:00,5.64%,5.81%,12.1%,,5.75%,5.22%,12.4%,5.27%,1.50%,12.9%
2026-08-12 07:00:00,11.7%,6.22%,1.37%,,4.45%,32.9%,5.25%,6.57%,3.08%,12.7%
2026-08-12 10:00:00,4.50%,4.50%,1.01%,,5.45%,10.3%,13.2%,11.3%,3.10%,17.2%
2026-08-12 13:00:00,8.36%,4.35%,2.60%,6.40%,4.82%,14.1%,1.08%,6.05%,3.53%,7.25%
2026-08-12 16:00:00,14.9%,4.18%,0%,6.35%,4.82%,9.74%,2.25%,4.93%,2.78%,7.60%
2026-08-12 19:00:00,7.61%,1.28%,0.00528%,7.98%,4.88%,5.45%,0.0815%,5.64%,1.46%,18.4%
2026-08-12 22:00:00,8.17%,3.28%,2.23%,20.8%,3.66%,11.5%,6.01%,2.35%,5.06%,7.88%
2026-08-13 01:00:00,6.35%,8.80%,2.75%,12.8%,9.91%,5.19%,1.77%,3.93%,0.706%,10.8%
2026-08-13 04:00:00,24.5%,7.55%,0.242%,7.97%,13.4%,4.03%,2.35%,4.00%,1.76%,14.7%
2026-08-13 07:00:00,20.1%,4.14%,1.15%,7.98%,4.12%,2.23%,3.96%,2.95%,2.32%,6.37%
2026-08-13 10:00:00,12.7%,1.29%,1.53%,6.02%,6.99%,3.55%,5.24%,4.42%,3.71%,7.08%
2026-08-13 13:00:00,12.3%,5.27%,4.36%,6.16%,24.7%,12.4%,3.26%,4.46%,9.14%,6.95%
2026-08-13 16:00:00,33.9%,2.65%,4.75%,9.10%,7.82%,13.7%,3.07%,27.1%,3.63%,4.60%
2026-08-13 19:00:00,11.0%,0%,1.97%,11.6%,7.29%,5.98%,4.26%,4.77%,7.01%,7.25%
2026-08-13 22:00:00,4.51%,,2.38%,6.36%,4.22%,4.46%,15.1%,2.41%,5.72%,7.25%
2026-08-14 01:00:00,6.73%,0%,0.771%,8.51%,4.23%,6.72%,7.60%,5.74%,3.56%,9.07%
2026-08-14 04:00:00,3.27%,5.32%,1.95%,14.8%,2.71%,5.34%,1.52%,12.6%,2.42%,5.34%
2026-08-14 07:00:00,19.4%,2.04%,0.800%,10.4%,5.06%,3.85%,4.53%,10.9%,3.17%,5.47%
2026-08-14 10:00:00,6.71%,4.06%,0.774%,10.9%,3.20%,3.00%,3.56%,7.14%,10.8%,4.88%
2026-08-14 13:00:00,6.59%,5.49%,0.460%,6.72%,5.16%,4.28%,5.80%,16.8%,1.92%,6.59%
2026-08-14 16:00:00,14.7%,0.724%,2.92%,9.67%,21.4%,8.06%,10.2%,5.18%,2.12%,10.6%
2026-08-14 19:00:00,7.28%,2.50%,,7.98%,4.69%,14.3%,12.4%,5.59%,3.97%,7.66%
2026-08-14 22:00:00,8.86%,2.95%,,6.66%,10.8%,22.7%,10.6%,3.16%,12.8%,6.72%
2026-08-15 01:00:00,10.9%,7.58%,,7.84%,2.47%,13.1%,1.44%,3.07%,1.62%,8.70%
2026-08-15 04:00:00,14.2%,6.03%,2.33%,7.32%,7.85%,6.33%,1.39%,5.56%,2.85%,6.03%
2026-08-15 07:00:00,5.57%,7.84%,15.5%,8.18%,2.03%,5.30%,3.32%,3.82%,4.09%,5.92%
2026-08-15 10:00:00,5.87%,7.82%,4.83%,7.23%,4.85%,8.91%,3.78%,5.99%,3.65%,5.82%
2026-08-15 13:00:00,4.65%,8.77%,21.9%,15.0%,2.42%,23.6%,6.14%,8.46%,2.86%,8.24%
2026-08-15 16:00:00,4.26%,2.64%,13.0%,19.1%,7.36%,7.73%,2.81%,,3.63%,8.06%
2026-08-15 19:00:00,8.63%,4.97%,5.98%,7.96%,5.71%,21.5%,6.27%,,2.64%,7.12%
2026-08-15 22:00:00,6.62%,1.78%,0.705%,7.50%,3.28%,10.7%,2.95%,3.63%,3.57%,9.89%
2026-08-16 01:00:00,9.27%,14.0%,0.734%,7.18%,2.90%,5.10%,3.45%,,5.11%,8.85%
2026-08-16 04:00:00,3.45%,22.1%,3.43%,9.56%,4.35%,13.2%,3.06%,5.15%,2.68%,6.95%
2026-08-16 07:00:00,18.8%,6.71%,2.42%,6.85%,2.87%,11.0%,3.14%,2.10%,5.53%,5.95%
2026-08-16 10:00:00,5.35%,6.46%,3.15%,7.42%,4.42%,5.29%,11.0%,2.19%,6.62%,6.83%
2026-08-16 13:00:00,4.72%,1.61%,4.10%,8.99%,10.6%,,14.0%,9.79%,3.14%,7.93%
2026-08-16 16:00:00,4.52%,1.67%,2.29%,8.40%,16.2%,,6.73%,5.06%,3.30%,8.80%
2026-08-16 19:00:00,6.11%,1.11%,1.32%,7.65%,9.89%,,3.93%,15.4%,5.92%,3.99%
2026-08-16 22:00:00,7.82%,3.67%,2.18%,7.31%,38.5%,,31.1%,28.0%,7.49%,10.2%
2026-08-17 01:00:00,6.12%,4.17%,9.59%,10.7%,3.49%,,44.9%,6.89%,3.31%,6.14%
2026-08-17 04:00:00,8.63%,2.67%,11.1%,21.9%,8.16%,,,24.0%,3.91%,12.3%
2026-08-17 07:00:00,4.81%,1.81%,6.45%,9.77%,4.67%,,0%,14.1%,2.88%,5.21%
2026-08-17 10:00:00,4.27%,9.11%,4.92%,9.67%,7.88%,9.23%,,9.53%,3.00%,8.82%
2026-08-17 13:00:00,7.39%,1.30%,0.605%,9.81%,4.23%,8.64%,,10.3%,3.65%,8.88%
2026-08-17 16:00:00,9.98%,13.6%,13.5%,8.74%,6.86%,3.53%,,17.3%,8.34%,11.4%
2026-08-17 19:00:00,6.53%,2.40%,3.99%,22.6%,2.61%,8.80%,,14.2%,3.41%,
2026-08-17 22:00:00,12.8%,21.6%,11.2%,13.9%,5.55%,5.06%,,12.5%,3.49%,
2026-08-18 01:00:00,9.10%,8.33%,0.716%,10.4%,9.92%,4.58%,1.47%,,2.60%,10.6%
2026-08-18 04:00:00,24.9%,1.83%,5.47%,11.5%,8.24%,3.96%,8.70%,7.15%,5.07%,6.97%
2026-08-18 07:00:00,8.44%,16.8%,1.53%,12.5%,2.85%,4.23%,15.0%,5.81%,1.89%,5.45%
2026-08-18 10:00:00,8.33%,4.47%,2.81%,7.54%,3.99%,4.49%,3.57%,12.6%,7.30%,5.91%
2026-08-18 13:00:00,4.24%,9.02%,3.45%,11.5%,4.85%,15.1%,1.99%,5.61%,17.0%,8.36%
2026-08-18 16:00:00,6.80%,3.55%,0.0704%,9.65%,6.69%,6.05%,2.83%,3.65%,7.65%,6.12%
2026-08-18 19:00:00,3.54%,4.49%,9.83%,11.0%,2.88%,2.33%,4.27%,2.53%,16.9%,7.30%
2026-08-18 22:00:00,5.73%,4.35%,4.77%,20.7%,5.49%,2.42%,5.99%,4.37%,5.22%,10.1%
2026-08-19 01:00:00,5.83%,3.85%,10.7%,10.1%,4.31%,2.91%,1.15%,57.4%,8.85%,9.31%
2026-08-19 04:00:00,7.36%,4.21%,1.42%,8.05%,6.13%,7.49%,4.33%,,21.6%,5.48%
2026-08-19 07:00:00,9.08%,12.8%,1.09%,6.51%,7.16%,10.9%,3.82%,,21.7%,6.59%
2026-08-19 10:00:00,5.21%,5.82%,1.55%,6.43%,10.5%,6.75%,5.61%,,6.47%,5.49%
2026-08-19 13:00:00,3.70%,16.2%,2.29%,9.88%,76.2%,8.49%,7.34%,2.37%,5.86%,8.07%
2026-08-19 16:00:00,5.30%,2.20%,2.53%,13.4%,,21.2%,3.24%,18.0%,2.53%,6.73%
2026-08-19 19:00:00,12.5%,3.62%,6.63%,8.69%,,8.84%,3.09%,27.4%,3.95%,5.31%
2026-08-19 22:00:00,5.93%,3.32%,6.78%,10.1%,,6.58%,3.25%,11.3%,5.70%,5.38%
2026-08-20 01:00:00,5.62%,1.71%,4.38%,9.05%,15.6%,7.57%,2.75%,10.2%,16.3%,8.91%
2026-08-20 04:00:00,4.13%,8.18%,2.57%,7.44%,9.39%,5.40%,6.79%,5.56%,7.96%,5.85%
2026-08-20 07:00:00,5.49%,3.34%,2.16%,8.51%,3.88%,2.76%,25.4%,3.27%,1.87%,7.63%
2026-08-20 10:00:00,6.23%,4.72%,1.12%,14.1%,14.0%,3.54%,5.35%,4.31%,3.73%,5.94%
2026-08-20 13:00:00,10.9%,0.122%,2.34%,13.0%,3.46%,4.61%,6.48%,4.44%,8.56%,7.13%
2026-08-20 16:00:00,61.1%,4.12%,2.52%,8.73%,3.35%,3.63%,3.61%,5.62%,1.81%,6.38%
2026-08-20 19:00:00,,11.6%,0.799%,5.94%,23.7%,3.09%,3.03%,6.11%,2.23%,8.40%
2026-08-20 22:00:00,3.67%,8.65%,4.68%,12.8%,3.90%,1.57%,2.93%,3.07%,2.04%,8.00%
2026-08-21 01:00:00,,2.50%,3.87%,13.5%,23.1%,7.61%,0.313%,9.55%,7.71%,8.00%
2026-08-21 04:00:00,,5.16%,1.42%,33.1%,11.1%,4.59%,3.83%,4.04%,11.6%,6.68%
2026-08-21 07:00:00,,7.50%,2.46%,22.0%,4.64%,4.31%,12.7%,5.83%,10.2%,7.47%
2026-08-21 10:00:00,,5.46%,1.59%,8.54%,9.85%,8.32%,21.6%,4.36%,3.19%,8.43%
2026-08-21 13:00:00,2.79%,1.94%,1.11%,18.9%,8.52%,33.5%,11.3%,14.1%,3.50%,12.8%
2026-08-21 16:00:00,,3.67%,3.60%,7.97%,8.12%,4.00%,9.48%,4.08%,3.83%,7.91%
2026-08-21 19:00:00,,4.95%,7.04%,10.3%,20.2%,4.35%,3.07%,3.68%,1.53%,6.14%
2026-08-21 22:00:00,14.0%,7.56%,1.10%,8.27%,2.96%,3.94%,4.31%,10.1%,7.21%,5.62%
2026-08-22 01:00:00,20.7%,9.01%,2.77%,7.39%,3.72%,4.76%,5.19%,2.14%,10.5%,10.0%
2026-08-22 04:00:00,6.53%,6.72%,1.22%,7.34%,2.32%,5.25%,2.44%,7.27%,4.30%,7.56%
2026-08-22 07:00:00,3.09%,2.56%,2.92%,12.8%,10.8%,8.52%,10.8%,5.16%,2.27%,7.19%
2026-08-22 10:00:00,4.40%,2.16%,3.35%,9.79%,1.14%,4.56%,4.12%,4.66%,1.00%,6.34%
2026-08-22 13:00:00,3.33%,3.60%,4.76%,6.90%,6.16%,7.48%,6.32%,4.53%,5.08%,6.56%
2026-08-22 16:00:00,3.06%,0.902%,1.24%,15.9%,17.6%,5.28%,5.25%,4.94%,3.06%,7.63%
2026-08-22 19:00:00,4.50%,5.82%,8.21%,8.56%,27.1%,12.5%,2.91%,6.54%,10.7%,5.13%
2026-08-22 22:00:00,8.61%,3.36%,4.23%,7.71%,2.98%,10.1%,7.72%,5.16%,0.840%,5.32%
2026-08-23 01:00:00,15.9%,6.87%,0.366%,10.4%,5.06%,7.88%,1.64%,8.43%,4.42%,6.22%
2026-08-23 04:00:00,10.3%,16.0%,9.70%,20.4%,4.62%,18.8%,5.58%,8.01%,3.98%,11.8%
2026-08-23 07:00:00,11.4%,6.22%,0.0886%,11.5%,3.71%,35.1%,5.35%,14.8%,2.03%,7.10%
2026-08-23 10:00:00,9.94%,1.90%,3.21%,31.7%,5.92%,5.26%,7.37%,4.90%,4.49%,7.34%
2026-08-23 13:00:00,9.06%,23.9%,18.8%,11.6%,9.52%,3.49%,0.971%,28.5%,3.80%,18.0%
2026-08-23 16:00:00,4.10%,14.3%,16.2%,10.6%,2.34%,1.84%,7.38%,35.3%,2.62%,12.1%
2026-08-23 19:00:00,7.24%,7.42%,14.5%,9.10%,16.1%,33.1%,19.5%,13.4%,25.3%,23.3%
2026-08-23 22:00:00,10.8%,6.08%,28.2%,8.98%,6.92%,10.1%,18.9%,2.85%,5.71%,6.34%
2026-08-24 01:00:00,8.06%,0.670%,5.86%,7.37%,20.9%,3.65%,3.68%,2.62%,2.17%,7.78%
2026-08-24 04:00:00,6.64%,3.79%,4.20%,11.8%,6.00%,4.62%,3.58%,10.2%,2.76%,6.75%
2026-08-24 07:00:00,14.1%,6.62%,3.98%,17.0%,2.97%,2.55%,5.36%,10.6%,8.81%,7.51%
2026-08-24 10:00:00,6.27%,2.06%,1.08%,11.1%,13.5%,9.96%,5.23%,7.52%,,6.41%
2026-08-24 13:00:00,5.45%,14.7%,1.66%,12.3%,9.59%,2.07%,5.40%,2.60%,,4.76%
2026-08-24 16:00:00,4.31%,7.43%,2.92%,6.55%,8.95%,6.34%,15.1%,9.76%,1.59%,5.67%
2026-08-24 19:00:00,6.67%,17.0%,0.920%,15.9%,15.3%,32.0%,18.5%,6.69%,5.29%,6.80%
2026-08-24 22:00:00,7.22%,2.58%,1.17%,11.0%,4.50%,8.67%,5.83%,4.85%,4.79%,8.32%
2026-08-25 01:00:00,4.76%,2.23%,0.888%,8.60%,10.4%,10.6%,4.18%,4.51%,8.53%,14.5%
2026-08-25 04:00:00,8.03%,9.74%,8.05%,7.46%,28.5%,7.39%,5.36%,3.92%,3.94%,5.92%
2026-08-25 07:00:00,9.52%,9.41%,11.2%,7.66%,13.3%,,3.45%,8.13%,3.28%,5.19%
2026-08-25 10:00:00,9.42%,8.14%,5.88%,6.65%,12.5%,13.0%,1.51%,5.69%,6.50%,6.02%
2026-08-25 13:00:00,9.11%,1.84%,,6.39%,9.71%,,4.76%,6.84%,2.48%,7.03%
2026-08-25 16:00:00,11.1%,8.30%,16.2%,8.23%,8.45%,,5.01%,8.29%,1.80%,5.44%
2026-08-25 19:00:00,5.96%,1.54%,1.84%,8.15%,20.3%,,4.24%,2.53%,2.71%,4.81%
2026-08-25 22:00:00,9.10%,1.72%,5.23%,9.09%,4.72%,,2.19%,3.92%,4.15%,7.73%
2026-08-26 01:00:00,5.63%,2.93%,1.22%,9.60%,9.76%,,1.78%,4.21%,8.59%,6.08%
2026-08-26 04:00:00,4.23%,5.25%,0.862%,6.59%,8.84%,,13.4%,2.58%,1.93%,11.4%
2026-08-26 07:00:00,5.97%,11.8%,4.71%,6.81%,19.7%,,5.51%,6.45%,5.96%,8.62%
2026-08-26 10:00:00,6.20%,9.04%,3.66%,11.6%,20.9%,,9.34%,1.44%,6.38%,8.41%
2026-08-26 13:00:00,5.94%,7.19%,7.45%,12.3%,3.79%,,0.0594%,6.63%,3.00%,6.70%
2026-08-26 16:00:00,10.3%,3.86%,0%,8.54%,4.22%,,2.54%,4.58%,7.64%,5.72%
2026-08-26 19:00:00,3.07%,2.57%,3.29%,9.84%,6.65%,,8.83%,5.98%,1.57%,7.15%
2026-08-26 22:00:00,7.65%,0.487%,2.15%,10.2%,5.19%,1.42%,9.65%,4.18%,13.7%,6.78%
2026-08-27 01:00:00,2.96%,5.53%,0.735%,8.22%,7.61%,13.3%,11.5%,2.66%,2.45%,7.84%
2026-08-27 04:00:00,5.30%,8.19%,3.57%,8.31%,3.86%,6.35%,52.4%,5.49%,2.65%,8.85%
2026-08-27 07:00:00,2.65%,3.27%,5.82%,7.47%,5.59%,20.5%,11.0%,2.63%,1.82%,9.49%
2026-08-27 10:00:00,6.05%,6.94%,0.138%,14.4%,4.50%,9.90%,5.18%,2.69%,1.91%,7.10%
2026-08-27 13:00:00,5.74%,8.15%,0.560%,14.7%,4.49%,,6.81%,5.79%,6.17%,8.37%
2026-08-27 16:00:00,4.57%,3.18%,0.645%,7.08%,7.06%,2.25%,3.58%,4.01%,2.87%,6.57%
2026-08-27 19:00:00,6.64%,10.4%,0.249%,7.33%,4.13%,9.48%,2.30%,3.74%,4.26%,6.58%
2026-08-27 22:00:00,5.53%,1.97%,6.66%,8.57%,3.98%,17.5%,6.71%,2.15%,2.94%,10.8%
2026-08-28 01:00:00,6.88%,15.2%,0.816%,7.18%,3.56%,10.2%,12.7%,5.73%,4.24%,8.11%
2026-08-28 04:00:00,6.97%,4.27%,2.01%,7.81%,3.46%,14.8%,7.65%,5.33%,10.9%,9.44%
2026-08-28 07:00:00,3.26%,2.41%,5.35%,11.2%,1.85%,11.1%,0.702%,3.78%,8.41%,
2026-08-28 10:00:00,2.81%,7.65%,3.86%,8.34%,20.5%,7.80%,1.20%,10.5%,3.68%,
2026-08-28 13:00:00,3.77%,13.0%,1.83%,12.8%,26.7%,19.4%,9.91%,4.34%,1.42%,
2026-08-28 16:00:00,6.23%,7.91%,0.188%,10.9%,12.2%,7.22%,3.93%,3.29%,3.90%,
2026-08-28 19:00:00,3.79%,6.97%,16.9%,7.77%,9.53%,8.76%,1.79%,21.0%,3.90%,7.00%
2026-08-28 22:00:00,2.68%,7.33%,8.53%,6.54%,5.85%,8.98%,15.4%,6.26%,5.77%,5.70%
2026-08-29 01:00:00,9.30%,5.50%,3.36%,7.65%,5.35%,7.67%,2.98%,2.07%,0.630%,6.35%
2026-08-29 04:00:00,5.04%,2.67%,6.70%,11.1%,6.76%,28.7%,5.07%,6.57%,7.71%,5.68%
2026-08-29 07:00:00,5.85%,6.28%,9.83%,13.5%,9.38%,5.94%,3.35%,4.87%,2.50%,5.94%
2026-08-29 10:00:00,5.36%,2.74%,8.20%,9.19%,7.79%,10.8%,9.46%,3.95%,8.33%,5.21%
2026-08-29 13:00:00,9.21%,3.78%,9.64%,11.8%,20.6%,4.99%,8.61%,3.40%,12.8%,6.20%
2026-08-29 16:00:00,13.3%,1.35%,2.45%,9.53%,8.26%,2.45%,4.27%,9.64%,2.49%,9.02%
2026-08-29 19:00:00,4.85%,0%,11.0%,16.1%,8.82%,17.4%,1.22%,5.87%,3.80%,7.28%
2026-08-29 22:00:00,5.38%,8.53%,5.33%,7.72%,13.0%,10.2%,8.26%,5.40%,0.940%,5.81%
2026-08-30 01:00:00,3.93%,1.49%,11.6%,8.71%,19.4%,35.6%,1.48%,2.44%,3.82%,11.8%
2026-08-30 04:00:00,4.73%,2.39%,5.73%,8.39%,10.3%,6.69%,2.05%,3.83%,10.4%,7.42%
2026-08-30 07:00:00,6.86%,5.96%,16.0%,9.35%,24.7%,1.77%,5.47%,3.04%,2.88%,6.17%
2026-08-30 10:00:00,2.91%,7.33%,1.96%,7.56%,11.5%,4.18%,4.40%,3.97%,4.85%,7.70%
2026-08-30 13:00:00,8.54%,33.8%,0.715%,8.80%,77.3%,8.55%,3.77%,2.95%,2.33%,4.30%
2026-08-30 16:00:00,9.87%,,5.77%,7.77%,18.7%,22.2%,1.02%,32.9%,2.46%,6.01%
2026-08-30 19:00:00,3.91%,,4.12%,11.4%,4.15%,2.05%,1.40%,18.8%,4.39%,9.21%
2026-08-30 22:00:00,5.45%,19.4%,3.62%,8.06%,6.88%,2.41%,1.55%,13.7%,6.97%,7.28%
2026-08-31 01:00:00,5.68%,21.0%,3.77%,9.63%,4.02%,5.62%,6.37%,7.05%,9.00%,7.71%
2026-08-31 04:00:00,5.72%,,2.68%,11.0%,13.8%,5.59%,1.56%,7.31%,8.25%,12.2%
2026-08-31 07:00:00,4.10%,0%,0.972%,10.0%,17.1%,4.44%,5.74%,15.4%,15.4%,6.42%
2026-08-31 10:00:00,23.0%,0%,1.40%,9.35%,9.02%,3.85%,1.62%,2.52%,12.1%,5.34%
2026-08-31 13:00:00,8.41%,,5.12%,6.73%,24.6%,5.95%,8.07%,5.60%,11.6%,4.88%
2026-08-31 16:00:00,25.9%,,1.28%,11.4%,8.41%,8.05%,6.73%,3.49%,1.26%,5.95%
2026-08-31 19:00:00,4.36%,0%,1.59%,12.4%,4.86%,4.34%,4.11%,15.8%,6.79%,4.75%
2026-08-31 22:00:00,20.1%,,15.6%,14.2%,1.84%,10.6%,4.31%,17.6%,19.2%,13.5%
2026-09-01 01:00:00,13.7%,,,6.00%,,23.8%,32.6%,15.6%,13.5%,11.2%
2026-09-01 04:00:00,26.8%,,2.04%,11.1%,28.1%,2.01%,0%,5.23%,10.5%,6.05%
2026-09-01 07:00:00,11.2%,,3.55%,7.43%,39.6%,6.99%,15.0%,2.33%,7.54%,6.65%
2026-09-01 10:00:00,6.02%,,3.10%,19.2%,1.60%,6.06%,14.1%,17.9%,3.92%,6.90%
2026-09-01 13:00:00,5.04%,,13.2%,17.0%,,10.8%,9.43%,8.17%,1.05%,11.9%
2026-09-01 16:00:00,10.2%,,3.62%,22.5%,,3.27%,30.6%,3.10%,37.3%,7.62%
2026-09-01 19:00:00,2.97%,,16.2%,34.3%,,,0%,3.22%,,31.3%
2026-09-01 22:00:00,6.07%,,0%,37.1%,,,13.0%,6.05%,,43.8%
2026-09-02 01:00:00,11.0%,,6.39%,7.75%,,,4.62%,16.2%,20.4%,27.9%
2026-09-02 04:00:00,8.60%,,8.27%,9.25%,2.00%,,3.55%,14.7%,11.3%,7.75%
2026-09-02 07:00:00,11.6%,,1.07%,9.18%,,,2.34%,12.5%,1.73%,9.08%
2026-09-02 10:00:00,12.1%,,7.94%,8.48%,38.9%,13.7%,2.91%,3.50%,1.53%,6.02%
2026-09-02 13:00:00,18.0%,0%,3.37%,8.97%,29.0%,1.51%,5.56%,4.92%,2.00%,10.1%
2026-09-02 16:00:00,11.9%,0%,1.15%,10.5%,13.8%,14.8%,10.2%,6.55%,1.71%,6.45%
2026-09-02 19:00:00,6.35%,,0%,15.8%,8.21%,6.44%,,5.68%,1.48%,5.52%
2026-09-02 22:00:00,5.38%,1.87%,2.11%,8.26%,5.32%,7.95%,11.9%,5.17%,10.0%,6.65%
2026-09-03 01:00:00,6.30%,20.9%,4.36%,15.4%,8.19%,3.84%,5.70%,2.87%,12.2%,6.97%
2026-09-03 04:00:00,7.63%,8.57%,2.77%,23.5%,5.45%,3.85%,4.32%,6.39%,2.10%,9.17%
2026-09-03 07:00:00,19.2%,12.0%,0.820%,15.4%,9.10%,11.2%,2.13%,8.97%,7.93%,5.99%
2026-09-03 10:00:00,11.4%,19.9%,6.60%,14.1%,4.23%,10.2%,1.39%,7.80%,5.03%,8.22%
2026-09-03 13:00:00,21.0%,10.7%,9.77%,16.3%,10.1%,4.68%,14.7%,39.6%,3.55%,6.62%
2026-09-03 16:00:00,6.82%,3.03%,2.81%,14.6%,7.68%,10.8%,3.40%,,3.38%,14.1%
2026-09-03 19:00:00,8.31%,4.00%,1.09%,13.4%,1.96%,8.57%,3.59%,,2.02%,10.4%
2026-09-03 22:00:00,5.36%,3.38%,0%,7.53%,12.5%,3.11%,3.78%,8.91%,5.27%,7.17%
2026-09-04 01:00:00,10.4%,9.35%,4.05%,8.99%,9.33%,3.07%,1.34%,3.10%,2.26%,8.66%
2026-09-04 04:00:00,17.6%,2.74%,0.0913%,17.0%,11.0%,3.84%,2.89%,,5.98%,12.0%
2026-09-04 07:00:00,4.53%,23.1%,10.5%,10.8%,17.5%,5.16%,9.11%,,3.02%,9.10%
2026-09-04 10:00:00,6.26%,3.91%,3.58%,8.84%,11.6%,4.83%,8.21%,,2.31%,7.14%
2026-09-04 13:00:00,4.11%,3.95%,4.86%,7.07%,9.16%,2.88%,1.29%,,1.54%,9.08%
2026-09-04 16:00:00,3.76%,4.07%,1.13%,10.6%,3.67%,8.04%,4.71%,24.5%,2.29%,10.1%
2026-09-04 19:00:00,3.52%,12.1%,0.177%,56.0%,5.86%,6.33%,6.24%,26.1%,1.68%,7.87%
2026-09-04 22:00:00,5.67%,3.90%,5.92%,9.54%,3.27%,5.80%,6.05%,5.55%,3.29%,6.03%
2026-09-05 01:00:00,11.7%,2.54%,0.894%,10.5%,6.18%,2.79%,3.97%,4.29%,4.07%,12.8%
2026-09-05 04:00:00,5.46%,4.02%,1.67%,8.84%,2.98%,4.16%,5.40%,3.68%,7.15%,
2026-09-05 07:00:00,6.43%,1.65%,1.57%,10.00%,3.43%,3.21%,4.81%,3.12%,5.59%,
2026-09-05 10:00:00,12.7%,10.7%,1.54%,7.35%,19.6%,4.29%,4.00%,3.98%,30.7%,6.85%
2026-09-05 13:00:00,17.3%,4.18%,1.85%,7.05%,3.19%,2.96%,12.0%,9.84%,10.4%,
2026-09-05 16:00:00,11.5%,1.75%,3.15%,9.90%,15.8%,2.21%,6.19%,5.98%,27.9%,
2026-09-05 19:00:00,4.58%,3.62%,1.26%,7.53%,3.97%,16.0%,10.1%,7.25%,6.89%,
2026-09-05 22:00:00,10.8%,3.47%,13.6%,8.52%,4.20%,4.73%,16.1%,4.40%,12.1%,
2026-09-06 01:00:00,5.55%,4.05%,13.8%,7.61%,2.59%,2.86%,7.91%,5.26%,8.11%,6.49%
2026-09-06 04:00:00,6.92%,7.37%,13.5%,6.62%,3.70%,5.54%,11.1%,5.35%,10.9%,16.7%
2026-09-06 07:00:00,4.09%,2.57%,18.5%,8.25%,4.15%,2.71%,0.729%,4.17%,7.45%,8.65%
2026-09-06 10:00:00,4.02%,4.64%,19.4%,8.08%,5.28%,18.9%,3.92%,5.02%,10.3%,5.35%
2026-09-06 13:00:00,4.56%,3.04%,4.27%,11.7%,4.93%,11.7%,5.53%,6.18%,6.99%,12.1%
2026-09-06 16:00:00,5.94%,2.13%,7.82%,10.5%,18.1%,3.48%,4.82%,4.62%,21.8%,8.58%
2026-09-06 19:00:00,8.95%,3.34%,11.8%,18.8%,6.76%,11.4%,1.36%,3.26%,5.54%,5.42%
2026-09-06 22:00:00,4.16%,2.00%,12.4%,5.91%,6.55%,15.5%,4.20%,1.77%,9.58%,8.02%
2026-09-07 01:00:00,6.54%,3.27%,13.6%,13.0%,5.89%,9.37%,12.4%,2.87%,21.7%,7.60%
2026-09-07 04:00:00,4.89%,12.4%,30.9%,7.94%,4.96%,4.61%,8.01%,3.25%,4.83%,8.33%
2026-09-07 07:00:00,4.60%,9.88%,3.44%,11.6%,4.45%,14.0%,2.37%,4.68%,6.15%,3.49%
2026-09-07 10:00:00,9.24%,8.09%,4.77%,10.6%,11.5%,3.80%,4.33%,3.57%,10.4%,8.06%
2026-09-07 13:00:00,5.69%,2.62%,5.27%,10.0%,10.8%,1.07%,1.39%,4.23%,7.15%,9.51%
2026-09-07 16:00:00,6.98%,1.87%,1.70%,7.09%,10.4%,4.43%,1.01%,6.56%,1.22%,7.90%
2026-09-07 19:00:00,5.17%,5.77%,0.547%,9.59%,10.4%,2.34%,5.55%,9.78%,,5.45%
2026-09-07 22:00:00,13.6%,9.98%,6.74%,14.9%,5.15%,3.50%,7.24%,3.75%,8.81%,5.88%
2026-09-08 01:00:00,6.54%,6.04%,30.0%,8.85%,3.85%,3.73%,0.608%,11.0%,14.5%,9.15%
2026-09-08 04:00:00,5.84%,28.5%,,11.9%,5.37%,4.06%,2.87%,3.43%,5.36%,6.52%
2026-09-08 07:00:00,3.05%,3.48%,,7.80%,3.14%,6.95%,5.60%,3.23%,2.80%,6.70%
2026-09-08 10:00:00,7.34%,4.46%,,13.3%,4.60%,9.82%,1.85%,4.97%,17.4%,9.08%
2026-09-08 13:00:00,5.30%,7.88%,,9.53%,11.4%,6.73%,7.88%,3.64%,3.38%,8.54%
2026-09-08 16:00:00,6.70%,4.62%,,9.53%,13.9%,3.20%,3.36%,3.65%,2.53%,8.17%
2026-09-08 19:00:00,7.47%,2.97%,,16.7%,18.4%,22.6%,5.25%,5.56%,9.50%,5.72%
2026-09-08 22:00:00,12.4%,3.27%,,34.6%,7.83%,3.03%,10.0%,11.8%,20.5%,8.60%
2026-09-09 01:00:00,12.6%,4.03%,,23.1%,5.18%,7.01%,10.2%,5.44%,2.92%,7.12%
2026-09-09 04:00:00,6.72%,6.74%,0%,10.3%,15.5%,5.46%,2.83%,7.33%,1.99%,7.88%
2026-09-09 07:00:00,4.70%,0.465%,,8.98%,6.57%,6.29%,6.33%,4.40%,2.40%,10.6%
2026-09-09 10:00:00,8.15%,0.964%,13.2%,10.4%,15.8%,7.16%,4.95%,2.88%,2.14%,8.92%
2026-09-09 13:00:00,3.84%,19.4%,11.8%,9.32%,11.2%,10.5%,4.04%,3.62%,4.02%,6.78%
2026-09-09 16:00:00,13.5%,15.2%,13.8%,12.0%,5.73%,6.93%,2.21%,5.10%,2.60%,7.81%
2026-09-09 19:00:00,18.8%,9.97%,15.1%,11.6%,6.18%,9.73%,4.50%,3.51%,3.24%,5.83%
2026-09-09 22:00:00,26.1%,8.82%,13.8%,10.5%,4.60%,9.64%,4.25%,2.91%,3.07%,6.90%
2026-09-10 01:00:00,,1.95%,3.20%,33.3%,6.57%,7.72%,5.05%,4.15%,5.95%,14.1%
2026-09-10 04:00:00,,1.88%,4.27%,6.89%,3.64%,7.46%,7.45%,3.78%,9.83%,8.26%
2026-09-10 07:00:00,16.0%,2.40%,2.45%,9.71%,3.15%,7.57%,5.07%,4.08%,5.10%,6.20%
2026-09-10 10:00:00,,2.03%,3.09%,8.08%,3.89%,4.56%,8.53%,3.84%,4.08%,6.61%
2026-09-10 13:00:00,,13.5%,3.98%,7.20%,5.27%,6.53%,5.89%,6.01%,5.09%,4.45%
2026-09-10 16:00:00,,3.52%,0%,10.9%,14.4%,2.46%,5.35%,7.07%,3.41%,4.61%
2026-09-10 19:00:00,,7.94%,3.95%,16.8%,4.34%,6.38%,9.65%,4.21%,2.39%,7.42%
2026-09-10 22:00:00,,1.88%,0.190%,16.8%,7.41%,7.21%,3.14%,3.75%,2.70%,14.0%
2026-09-11 01:00:00,4.64%,3.93%,2.52%,10.5%,4.74%,7.66%,3.60%,5.70%,22.3%,11.2%
2026-09-11 04:00:00,38.4%,4.71%,3.26%,13.5%,5.45%,6.19%,3.36%,5.59%,16.5%,6.89%
2026-09-11 07:00:00,16.6%,8.00%,1.18%,13.3%,7.80%,14.0%,7.15%,2.04%,4.07%,6.98%
2026-09-11 10:00:00,22.8%,4.65%,5.89%,14.0%,2.80%,12.7%,5.43%,3.09%,4.46%,13.7%
2026-09-11 13:00:00,21.5%,1.72%,1.45%,12.0%,20.6%,6.32%,14.0%,4.48%,2.33%,4.90%
2026-09-11 16:00:00,21.5%,2.52%,1.02%,25.9%,9.83%,4.64%,3.69%,4.96%,3.39%,7.45%
2026-09-11 19:00:00,17.8%,3.49%,1.19%,16.1%,6.08%,16.7%,3.91%,7.75%,2.13%,23.1%
2026-09-11 22:00:00,11.3%,5.32%,0.380%,10.5%,4.28%,22.0%,2.06%,10.3%,2.91%,9.49%
2026-09-12 01:00:00,,7.14%,5.26%,11.0%,6.31%,7.24%,1.86%,5.94%,12.3%,14.3%
2026-09-12 04:00:00,,3.69%,1.63%,7.11%,10.3%,8.98%,1.86%,6.98%,18.1%,7.17%
2026-09-12 07:00:00,,3.05%,1.28%,11.3%,5.77%,3.60%,0.913%,5.12%,2.66%,5.52%
2026-09-12 10:00:00,7.92%,7.80%,1.79%,7.87%,6.42%,7.70%,11.1%,4.25%,2.20%,5.96%
2026-09-12 13:00:00,17.8%,7.70%,1.21%,15.1%,6.72%,6.63%,2.34%,9.36%,2.77%,6.17%
2026-09-12 16:00:00,8.51%,2.61%,2.82%,10.5%,,7.87%,3.53%,4.52%,2.24%,5.91%
2026-09-12 19:00:00,9.01%,14.1%,2.15%,12.8%,,6.09%,8.18%,3.72%,1.35%,6.33%
2026-09-12 22:00:00,16.2%,15.8%,4.45%,11.0%,,18.6%,3.56%,3.07%,3.93%,6.01%
2026-09-13 01:00:00,13.6%,14.1%,4.44%,15.7%,,2.62%,12.4%,6.17%,2.12%,7.72%
2026-09-13 04:00:00,13.2%,8.30%,8.33%,11.4%,,9.21%,5.32%,9.99%,2.62%,10.2%
2026-09-13 07:00:00,10.1%,9.92%,1.36%,19.1%,,5.49%,0.779%,7.78%,1.78%,37.5%
2026-09-13 10:00:00,11.1%,5.44%,2.06%,23.4%,,6.74%,8.76%,9.66%,1.89%,13.7%
2026-09-13 13:00:00,13.8%,9.03%,8.14%,11.2%,8.51%,11.0%,3.85%,7.83%,1.49%,5.72%
2026-09-13 16:00:00,11.1%,7.28%,2.70%,10.7%,9.77%,18.4%,5.85%,4.18%,8.25%,5.75%
2026-09-13 19:00:00,10.9%,11.7%,2.17%,10.4%,17.7%,6.68%,5.06%,5.45%,12.9%,5.58%
2026-09-13 22:00:00,23.0%,10.4%,1.40%,9.79%,11.6%,29.5%,2.58%,2.61%,17.8%,5.05%
2026-09-14 01:00:00,20.4%,2.96%,0.998%,8.28%,12.4%,12.3%,12.6%,4.71%,34.3%,8.95%
2026-09-14 04:00:00,12.3%,2.82%,1.87%,7.37%,7.87%,12.2%,5.99%,7.25%,0.0816%,26.2%
2026-09-14 07:00:00,26.3%,5.91%,0.900%,9.31%,11.8%,12.1%,6.39%,3.65%,,7.70%
2026-09-14 10:00:00,47.1%,6.48%,7.44%,11.5%,20.2%,14.0%,2.10%,3.56%,,6.05%

