"Time","I38 - BOYA","I39 - BOYA","I40 - BOYA","I41 - BOYA","I42 - BOYA","I43 - BOYA","I44 - BOYA","I47 - BOYA","I48 - BOYA"
2026-06-16 10:00:00,LLeno,Medio +,,,,3.88,Medio -,Full,
2026-06-16 13:00:00,5.42,4.97,Full,,5.21,6.21,2.93,Full,
2026-06-16 16:00:00,4.98,Medio +,Full,,,LLeno,6.10,Full,
2026-06-16 19:00:00,Medio +,4.83,Full,,,LLeno,LLeno,Full,
2026-06-16 22:00:00,Medio +,3.32,Full,,6.08,5.55,LLeno,Full,
2026-06-17 01:00:00,4.00,4.92,Full,,LLeno,Medio +,5.61,Full,
2026-06-17 04:00:00,,6.00,Full,,LLeno,Medio +,Medio +,Full,
2026-06-17 07:00:00,2.97,LLeno,Full,,4.41,Medio +,Medio +,Full,
2026-06-17 10:00:00,4.05,5.45,Full,,5.54,4.82,5.04,6.97,
2026-06-17 13:00:00,,Medio +,Full,,6.52,5.89,6.76,Full,
2026-06-17 16:00:00,,Medio +,Full,6.99,5.97,LLeno,6.01,Full,
2026-06-17 19:00:00,,4.96,Full,6.37,LLeno,LLeno,LLeno,Full,
2026-06-17 22:00:00,,3.34,Full,5.02,5.96,5.76,5.75,Full,
2026-06-18 01:00:00,,2.81,Full,6.00,1.52,Medio +,Medio +,Full,
2026-06-18 04:00:00,,Full,Full,LLeno,1.25,Medio +,Medio +,Full,
2026-06-18 07:00:00,,6.26,Full,3.46,4.14,Medio +,Medio +,Full,
2026-06-18 10:00:00,,LLeno,Full,0.0182,4.95,5.16,Medio +,Full,
2026-06-18 13:00:00,,5.97,Full,3.34,6.20,6.30,5.97,Full,
2026-06-18 16:00:00,6.17,5.56,Full,6.21,5.97,LLeno,6.21,Full,
2026-06-18 19:00:00,6.00,Medio +,Full,LLeno,LLeno,LLeno,LLeno,Full,
2026-06-18 22:00:00,LLeno,Medio +,Full,5.88,5.17,5.21,5.88,Full,
2026-06-19 01:00:00,6.70,5.52,Full,1.44,4.38,Medio +,Medio +,Full,
2026-06-19 04:00:00,6.21,5.97,Full,2.51,4.46,Medio +,Medio +,Full,
2026-06-19 07:00:00,LLeno,5.88,Full,0.425,4.96,Medio +,Medio +,Full,
2026-06-19 10:00:00,LLeno,LLeno,Full,5.12,4.50,4.01,4.55,6.99,
2026-06-19 13:00:00,5.11,LLeno,Full,LLeno,4.78,6.53,3.88,6.99,
2026-06-19 16:00:00,4.98,LLeno,Full,5.95,5.98,LLeno,6.02,Full,
2026-06-19 19:00:00,4.82,5.52,Full,LLeno,LLeno,LLeno,LLeno,Full,
2026-06-19 22:00:00,5.64,Medio +,Full,2.96,5.94,5.72,5.64,Full,
2026-06-20 01:00:00,6.01,5.60,Full,4.20,,Medio +,Medio +,Full,
2026-06-20 04:00:00,5.98,6.06,Full,1.29,,Medio +,Medio +,Full,
2026-06-20 07:00:00,LLeno,LLeno,Full,2.49,,Medio +,Medio +,Full,
2026-06-20 10:00:00,5.11,5.64,Full,2.14,5.46,4.67,4.98,Full,
2026-06-20 13:00:00,4.21,Medio +,Full,6.38,,6.13,4.71,Full,
2026-06-20 16:00:00,3.96,Medio +,Full,6.01,,LLeno,6.30,Full,
2026-06-20 19:00:00,5.54,5.17,6.89,LLeno,,LLeno,LLeno,Full,
2026-06-20 22:00:00,Full,6.24,6.65,LLeno,,5.19,LLeno,Full,
2026-06-21 01:00:00,Full,LLeno,6.16,2.41,,Medio +,5.15,Full,
2026-06-21 04:00:00,7.00,5.96,4.99,0.789,,Medio +,Medio +,Full,
2026-06-21 07:00:00,6.10,5.48,5.86,1.85,,5.01,4.98,Full,
2026-06-21 10:00:00,5.99,4.97,Full,4.44,,6.72,6.21,Full,
2026-06-21 13:00:00,LLeno,Medio +,,6.11,,,,Full,
2026-06-21 16:00:00,5.90,4.93,Full,6.20,,6.02,6.22,Full,
2026-06-21 19:00:00,Medio +,4.77,Full,6.00,,LLeno,6.00,Full,
2026-06-21 22:00:00,Medio +,3.48,6.96,LLeno,6.60,LLeno,LLeno,Full,
2026-06-22 01:00:00,6.45,2.25,6.47,3.58,5.92,5.04,5.61,Full,
2026-06-22 04:00:00,6.71,6.13,5.97,2.73,5.98,Medio +,Medio +,Full,
2026-06-22 07:00:00,LLeno,6.00,6.03,1.76,LLeno,4.92,Medio +,Full,
2026-06-22 10:00:00,LLeno,LLeno,6.93,Vacio,6.04,5.19,Medio +,Full,
2026-06-22 13:00:00,5.39,5.11,6.98,4.16,5.96,,4.98,Full,
2026-06-22 16:00:00,4.70,Medio +,Full,LLeno,LLeno,,LLeno,Full,
2026-06-22 19:00:00,4.75,Medio +,Full,LLeno,LLeno,Full,LLeno,Full,
2026-06-22 22:00:00,4.63,Medio +,6.97,2.44,4.99,,5.41,Full,
2026-06-23 01:00:00,4.76,4.88,6.82,0.0573,4.51,,Medio +,Full,
2026-06-23 04:00:00,6.16,3.96,6.83,0.260,4.56,,Medio +,Full,
2026-06-23 07:00:00,LLeno,2.03,6.84,Vacio,Medio +,,4.95,Full,
2026-06-23 10:00:00,5.93,3.85,6.95,Vacio,4.29,Full,3.64,Full,
2026-06-23 13:00:00,4.44,3.10,Full,2.66,2.87,,2.95,Full,
2026-06-23 16:00:00,4.99,,Full,6.03,5.99,Full,6.00,Full,
2026-06-23 19:00:00,Medio +,,Full,LLeno,LLeno,,5.98,Full,
2026-06-23 22:00:00,4.93,2.64,Full,5.74,5.63,Full,LLeno,Full,
2026-06-24 01:00:00,5.42,2.92,6.41,5.03,4.16,,5.92,Full,
2026-06-24 04:00:00,LLeno,,4.84,5.06,4.91,,,Full,
2026-06-24 07:00:00,LLeno,,5.41,Medio +,Medio +,,,Full,
2026-06-24 10:00:00,5.51,,6.77,4.52,4.71,Full,6.42,6.97,
2026-06-24 13:00:00,3.94,,6.84,2.77,0.765,6.81,,Full,
2026-06-24 16:00:00,3.98,2.96,6.32,2.20,6.40,LLeno,,Full,
2026-06-24 19:00:00,3.98,2.93,6.04,LLeno,6.14,LLeno,,Full,
2026-06-24 22:00:00,3.44,2.84,5.70,5.48,LLeno,5.95,,Full,
2026-06-25 01:00:00,6.50,Medio -,6.38,5.07,5.23,5.02,,Full,
2026-06-25 04:00:00,5.98,2.94,5.49,Medio +,2.47,Medio +,,Full,
2026-06-25 07:00:00,LLeno,2.72,5.02,Medio +,3.27,Medio +,,Full,
2026-06-25 10:00:00,LLeno,,6.98,3.73,2.02,4.98,Full,Full,
2026-06-25 13:00:00,4.84,,Full,3.13,4.78,Medio +,6.23,Full,
2026-06-25 16:00:00,3.99,2.68,Full,6.18,6.01,6.40,LLeno,Full,
2026-06-25 19:00:00,Medio ,,Full,5.97,LLeno,6.03,LLeno,Full,
2026-06-25 22:00:00,4.09,,Full,LLeno,LLeno,LLeno,5.10,Full,
2026-06-26 01:00:00,6.63,3.05,,5.90,3.46,5.79,Medio +,Full,
2026-06-26 04:00:00,5.98,,Full,5.20,4.83,Medio +,Medio +,Full,
2026-06-26 07:00:00,LLeno,,,Medio +,4.41,Medio +,4.82,Full,
2026-06-26 10:00:00,LLeno,,,4.98,Medio +,Medio +,3.04,6.99,
2026-06-26 13:00:00,5.58,0.401,,5.38,5.22,6.30,4.92,Full,
2026-06-26 16:00:00,3.90,4.94,,6.05,6.43,6.08,LLeno,Full,
2026-06-26 19:00:00,3.99,Full,,LLeno,LLeno,LLeno,LLeno,Full,
2026-06-26 22:00:00,4.36,6.99,Full,LLeno,LLeno,LLeno,5.09,Full,
2026-06-27 01:00:00,6.95,Full,,5.50,2.94,5.68,4.93,Full,
2026-06-27 04:00:00,6.02,,,Medio +,4.47,Medio +,Medio +,Full,
2026-06-27 07:00:00,LLeno,,,Medio +,4.93,Medio +,Medio +,Full,
2026-06-27 10:00:00,LLeno,,,4.74,5.19,Medio +,4.88,Full,
2026-06-27 13:00:00,LLeno,,Full,5.18,6.19,5.74,4.05,Full,
2026-06-27 16:00:00,4.74,,Full,6.00,LLeno,6.01,LLeno,Full,
2026-06-27 19:00:00,2.99,,6.92,LLeno,LLeno,LLeno,LLeno,Full,
2026-06-27 22:00:00,3.00,,Full,5.75,5.81,5.92,5.72,Full,
2026-06-28 01:00:00,5.99,,6.99,5.11,4.92,Medio +,Medio +,Full,
2026-06-28 04:00:00,5.98,,Full,5.04,4.91,Medio +,Medio +,Full,
2026-06-28 07:00:00,LLeno,,Full,4.88,Medio +,Medio +,Medio +,Full,
2026-06-28 10:00:00,5.97,,6.96,4.98,4.43,5.19,Medio +,6.99,
2026-06-28 13:00:00,3.63,,6.97,5.69,3.09,6.48,3.81,Full,
2026-06-28 16:00:00,2.99,,6.38,6.15,6.15,LLeno,6.09,Full,
2026-06-28 19:00:00,Medio -,,6.01,LLeno,LLeno,LLeno,LLeno,Full,
2026-06-28 22:00:00,Medio -,,5.75,5.89,LLeno,5.30,LLeno,Full,
2026-06-29 01:00:00,5.02,,5.22,5.37,5.57,Medio +,5.06,Full,
2026-06-29 04:00:00,6.09,,4.92,5.29,4.71,Medio +,Medio +,Full,
2026-06-29 07:00:00,5.99,,6.98,5.96,4.84,Medio +,5.00,Full,
2026-06-29 10:00:00,LLeno,,Full,6.45,3.22,3.92,6.01,Full,
2026-06-29 13:00:00,LLeno,,Full,5.96,5.58,2.36,6.00,Full,
2026-06-29 16:00:00,4.13,,Full,LLeno,5.97,6.35,5.89,Full,
2026-06-29 19:00:00,3.67,,Full,5.46,LLeno,LLeno,Medio +,Full,
2026-06-29 22:00:00,3.82,,Full,5.69,LLeno,LLeno,4.97,Full,
2026-06-30 01:00:00,5.90,,Full,5.94,4.76,5.48,4.92,Full,
2026-06-30 04:00:00,5.99,,6.95,5.35,2.23,Medio +,Medio +,Full,
2026-06-30 07:00:00,LLeno,,6.98,2.84,1.03,Medio +,Medio +,Full,
2026-06-30 10:00:00,5.49,,Full,6.26,3.33,5.08,4.45,Full,
2026-06-30 13:00:00,4.15,,6.90,6.00,5.74,6.16,6.67,Full,
2026-06-30 16:00:00,4.00,,Full,LLeno,LLeno,LLeno,6.08,Full,
2026-06-30 19:00:00,3.05,,Full,5.36,LLeno,LLeno,LLeno,Full,
2026-06-30 22:00:00,2.55,,Full,Medio +,5.78,5.12,5.97,Full,
2026-07-01 01:00:00,6.13,,Full,Medio +,4.81,Medio +,Medio +,,
2026-07-01 04:00:00,5.98,,Full,Medio +,4.38,Medio +,Medio +,,
2026-07-01 07:00:00,LLeno,,7.00,4.21,3.66,Medio +,Medio +,,
2026-07-01 10:00:00,5.22,,6.97,2.43,6.02,4.22,5.00,6.95,
2026-07-01 13:00:00,3.33,,Full,6.16,LLeno,5.23,3.32,,
2026-07-01 16:00:00,3.16,,Full,5.97,5.85,LLeno,5.67,,
2026-07-01 19:00:00,3.31,,Full,LLeno,4.00,LLeno,LLeno,Full,
2026-07-01 22:00:00,2.50,,Full,5.93,4.49,5.95,LLeno,,
2026-07-02 01:00:00,5.64,,Full,5.23,4.21,5.03,5.38,,
2026-07-02 04:00:00,5.98,,Full,5.16,3.46,Medio +,Medio +,,
2026-07-02 07:00:00,LLeno,,Full,5.38,Medio +,Medio +,Medio +,,
2026-07-02 10:00:00,5.28,,Full,4.52,4.21,5.03,Medio +,,
2026-07-02 13:00:00,Medio -,,Full,2.81,4.45,6.29,4.53,,
2026-07-02 16:00:00,2.99,,Full,6.54,6.30,LLeno,6.06,,
2026-07-02 19:00:00,2.93,,Full,5.97,LLeno,LLeno,LLeno,,
2026-07-02 22:00:00,3.25,,Full,,LLeno,5.38,5.98,,
2026-07-03 01:00:00,6.20,,Full,LLeno,5.88,Medio +,5.06,,
2026-07-03 04:00:00,5.98,,Full,LLeno,3.88,Medio +,Medio +,,
2026-07-03 07:00:00,LLeno,,Full,LLeno,4.35,Medio +,Medio +,,
2026-07-03 10:00:00,5.34,,6.99,5.19,4.54,4.61,4.46,,
2026-07-03 13:00:00,Medio -,,Full,5.00,6.36,6.65,4.27,,
2026-07-03 16:00:00,3.11,,6.86,6.19,LLeno,LLeno,6.05,,
2026-07-03 19:00:00,Full,,6.97,5.97,LLeno,LLeno,LLeno,,
2026-07-03 22:00:00,6.90,,6.93,LLeno,LLeno,5.58,5.27,,
2026-07-04 01:00:00,6.89,,6.81,LLeno,5.18,Medio +,Medio +,,
2026-07-04 04:00:00,,,6.21,5.38,4.48,Medio +,Medio +,,
2026-07-04 07:00:00,LLeno,,6.52,5.90,3.39,Medio +,Medio +,,
2026-07-04 10:00:00,6.00,,7.00,5.96,3.32,Medio +,4.14,,
2026-07-04 13:00:00,LLeno,,Full,6.06,4.21,6.42,2.87,,
2026-07-04 16:00:00,5.98,,Full,6.03,6.73,6.01,6.25,,
2026-07-04 19:00:00,3.78,,Full,LLeno,LLeno,5.93,LLeno,,
2026-07-04 22:00:00,3.79,,Full,5.96,LLeno,5.96,5.70,Full,
2026-07-05 01:00:00,6.58,,Full,5.21,5.93,5.91,Medio +,,
2026-07-05 04:00:00,5.97,,Full,5.06,3.02,5.17,Medio +,,
2026-07-05 07:00:00,LLeno,,Full,Medio +,4.64,Medio +,Medio +,,
2026-07-05 10:00:00,5.91,,Full,Medio +,3.67,Medio +,4.83,,
2026-07-05 13:00:00,3.83,,Full,5.33,4.54,6.15,4.48,,
2026-07-05 16:00:00,2.99,,6.98,6.03,6.01,LLeno,6.00,,
2026-07-05 19:00:00,Medio -,,Full,LLeno,LLeno,LLeno,LLeno,,
2026-07-05 22:00:00,3.20,,7.00,LLeno,5.99,5.72,5.94,,
2026-07-06 01:00:00,6.47,,6.99,LLeno,2.21,Medio +,Medio +,,
2026-07-06 04:00:00,5.97,,6.99,5.33,2.95,Medio +,Medio +,,
2026-07-06 07:00:00,LLeno,,6.98,5.44,3.44,Medio +,Medio +,,
2026-07-06 10:00:00,4.75,,6.93,4.97,4.28,4.43,5.01,Full,
2026-07-06 13:00:00,Medio -,,Full,5.06,5.16,5.44,6.51,Full,
2026-07-06 16:00:00,Medio -,,7.00,6.07,6.73,6.00,6.01,Full,
2026-07-06 19:00:00,Medio -,,6.99,LLeno,LLeno,LLeno,LLeno,,
2026-07-06 22:00:00,3.40,,6.83,5.98,5.76,5.77,5.73,,
2026-07-07 01:00:00,6.04,,6.74,5.20,5.86,4.88,Medio +,,
2026-07-07 04:00:00,5.97,,6.56,4.92,5.04,Medio +,Medio +,,
2026-07-07 07:00:00,5.98,,5.93,6.60,4.41,5.11,Medio +,,
2026-07-07 10:00:00,4.82,,Full,6.72,4.55,,4.35,,
2026-07-07 13:00:00,2.99,,Full,,5.25,Full,3.01,,
2026-07-07 16:00:00,Medio -,,Full,6.01,6.50,6.80,LLeno,,
2026-07-07 19:00:00,Medio -,,Full,LLeno,LLeno,6.02,5.35,,
2026-07-07 22:00:00,Medio -,,Full,5.99,LLeno,LLeno,Medio +,,
2026-07-08 01:00:00,4.04,,6.99,5.12,LLeno,5.57,Medio +,,
2026-07-08 04:00:00,5.98,,6.95,,5.25,Medio +,Medio +,,
2026-07-08 07:00:00,LLeno,,6.96,5.92,4.27,Medio +,4.67,,
2026-07-08 10:00:00,4.89,,7.00,,4.45,5.03,2.82,,
2026-07-08 13:00:00,Medio -,,Full,,5.13,6.20,5.04,,
2026-07-08 16:00:00,3.01,,Full,,6.00,LLeno,LLeno,,
2026-07-08 19:00:00,Medio -,,Full,,LLeno,LLeno,5.95,,4.93
2026-07-08 22:00:00,4.54,,Full,,LLeno,5.27,Medio +,,3.57
2026-07-09 01:00:00,6.14,,Full,,5.74,Medio +,Medio +,,4.24
2026-07-09 04:00:00,5.98,,Full,,3.85,Medio +,4.98,,5.98
2026-07-09 07:00:00,5.96,,Full,,3.77,Medio +,Medio +,,LLeno
2026-07-09 10:00:00,LLeno,,Full,,4.83,3.62,4.60,,5.09
2026-07-09 13:00:00,5.94,,Full,Full,5.04,5.84,4.21,,Medio +
2026-07-09 16:00:00,3.50,,Full,Full,6.33,LLeno,6.28,,Medio +
2026-07-09 19:00:00,Medio -,,Full,,LLeno,LLeno,LLeno,,4.00
2026-07-09 22:00:00,Medio -,,Full,,5.52,5.82,LLeno,,2.85
2026-07-10 01:00:00,6.33,,Full,6.83,4.85,Medio +,5.46,,6.16
2026-07-10 04:00:00,6.03,,Full,LLeno,4.18,Medio +,4.90,,LLeno
2026-07-10 07:00:00,LLeno,,Full,6.03,4.82,Medio +,5.21,,5.96
2026-07-10 10:00:00,5.87,,Full,6.23,5.64,4.21,6.49,,Medio +
2026-07-10 13:00:00,3.51,,6.97,LLeno,LLeno,6.65,LLeno,,Medio +
2026-07-10 16:00:00,Medio -,,Full,LLeno,LLeno,6.00,LLeno,,4.68
2026-07-10 19:00:00,Medio -,,Full,5.57,,LLeno,5.25,,2.81
2026-07-10 22:00:00,2.78,,Full,5.23,,5.45,Medio +,,6.24
2026-07-11 01:00:00,4.71,,6.99,5.55,5.96,Medio +,Medio +,,LLeno
2026-07-11 04:00:00,5.98,,Full,4.96,5.97,Medio +,4.99,,5.96
2026-07-11 07:00:00,LLeno,,,Medio +,5.54,Medio +,3.43,,Medio +
2026-07-11 10:00:00,4.99,,6.80,Medio +,4.38,4.80,2.36,,4.97
2026-07-11 13:00:00,Medio -,,7.00,4.09,6.26,5.55,6.12,,4.95
2026-07-11 16:00:00,2.97,,6.99,6.02,6.29,LLeno,LLeno,,4.37
2026-07-11 19:00:00,Medio -,,6.99,LLeno,LLeno,LLeno,5.93,,2.14
2026-07-11 22:00:00,3.03,,Full,5.86,5.86,5.45,Medio +,,5.71
2026-07-12 01:00:00,6.00,,7.00,5.07,4.40,Medio +,Medio +,,5.97
2026-07-12 04:00:00,LLeno,,7.00,Medio +,4.03,Medio +,Medio +,,LLeno
2026-07-12 07:00:00,LLeno,,Full,Medio +,4.62,Medio +,4.72,,5.53
2026-07-12 10:00:00,3.93,,6.80,3.67,Medio +,3.65,3.09,,Medio +
2026-07-12 13:00:00,2.98,,Full,2.43,5.87,4.87,1.45,,Medio +
2026-07-12 16:00:00,Medio -,,Full,6.95,5.30,LLeno,5.77,,4.05
2026-07-12 19:00:00,Medio -,,Full,6.13,LLeno,LLeno,6.00,,2.15
2026-07-12 22:00:00,Medio +,,Full,6.00,5.60,5.30,LLeno,,6.07
2026-07-13 01:00:00,6.02,,Full,LLeno,5.90,Medio +,5.20,,LLeno
2026-07-13 04:00:00,,,6.99,LLeno,3.50,Medio +,Medio +,,5.96
2026-07-13 07:00:00,,,7.00,5.36,4.56,Medio +,Medio +,,5.35
2026-07-13 10:00:00,Full,,6.75,Medio +,3.30,3.93,4.85,,4.99
2026-07-13 13:00:00,,,6.24,5.00,5.00,6.25,4.73,,4.98
2026-07-13 16:00:00,,,5.89,6.34,LLeno,LLeno,LLeno,,3.84
2026-07-13 19:00:00,,,6.11,LLeno,LLeno,LLeno,LLeno,,1.70
2026-07-13 22:00:00,,,6.33,LLeno,5.62,5.47,5.59,,5.73
2026-07-14 01:00:00,,,6.35,5.28,4.84,Medio +,4.97,,LLeno
2026-07-14 04:00:00,,,5.53,5.05,3.60,Medio +,Medio +,,LLeno
2026-07-14 07:00:00,,,5.27,5.05,4.65,Medio +,Medio +,,5.51
2026-07-14 10:00:00,,,6.85,5.05,,4.62,4.40,,4.98
2026-07-14 13:00:00,,,Full,6.16,6.67,6.04,2.81,,Medio +
2026-07-14 16:00:00,,,Full,5.98,LLeno,LLeno,6.10,,Medio +
2026-07-14 19:00:00,,,Full,LLeno,LLeno,LLeno,LLeno,,4.00
2026-07-14 22:00:00,Full,,Full,5.61,4.61,5.76,5.88,,2.43
2026-07-15 01:00:00,Full,,6.99,Medio +,2.55,4.99,5.83,,6.14
2026-07-15 04:00:00,6.87,,Full,5.25,3.17,Medio +,Medio +,,LLeno
2026-07-15 07:00:00,5.71,,Full,Medio +,4.21,Medio +,Medio +,,LLeno
2026-07-15 10:00:00,4.88,,6.51,4.48,3.44,5.12,Medio +,,5.55
2026-07-15 13:00:00,4.35,,6.83,4.00,5.57,6.35,4.28,,Medio +
2026-07-15 16:00:00,4.98,,5.94,6.01,6.08,LLeno,4.94,,Medio +
2026-07-15 19:00:00,Medio +,,5.91,LLeno,5.89,LLeno,LLeno,,Medio +
2026-07-15 22:00:00,4.97,,5.34,5.89,LLeno,5.68,LLeno,,4.41
2026-07-16 01:00:00,4.97,,5.59,5.53,LLeno,4.98,5.08,,4.93
2026-07-16 04:00:00,4.99,,5.58,5.01,3.46,Medio +,Medio +,,LLeno
2026-07-16 07:00:00,Medio +,,5.28,Medio +,4.33,Medio +,Medio +,,LLeno
2026-07-16 10:00:00,4.96,,6.91,4.97,4.40,Medio +,4.82,,5.61
2026-07-16 13:00:00,Medio +,,Full,5.38,4.76,6.32,4.59,,Medio +
2026-07-16 16:00:00,4.96,,6.97,6.00,LLeno,LLeno,6.00,,Medio +
2026-07-16 19:00:00,Medio +,,6.99,LLeno,LLeno,LLeno,LLeno,,Medio +
2026-07-16 22:00:00,4.90,,6.98,5.53,LLeno,5.40,5.68,,4.57
2026-07-17 01:00:00,Medio +,,6.99,5.03,4.45,Medio +,Medio +,,4.70
2026-07-17 04:00:00,4.99,,6.95,5.13,4.28,Medio +,Medio +,,6.39
2026-07-17 07:00:00,Medio +,,7.00,4.89,4.05,Medio +,Medio +,,LLeno
2026-07-17 10:00:00,4.99,,6.94,3.05,4.83,3.84,3.69,,5.95
2026-07-17 13:00:00,4.99,6.58,Full,5.45,6.69,5.92,2.51,,5.33
2026-07-17 16:00:00,4.99,5.83,Full,LLeno,6.02,6.60,6.08,,Medio +
2026-07-17 19:00:00,Medio +,,Full,LLeno,LLeno,LLeno,5.83,,Medio +
2026-07-17 22:00:00,4.94,5.91,Full,5.96,3.45,LLeno,,,5.36
2026-07-18 01:00:00,Medio +,,7.00,5.08,5.12,5.34,5.97,,LLeno
2026-07-18 04:00:00,4.95,,7.00,5.81,4.22,Medio +,5.41,,LLeno
2026-07-18 07:00:00,4.94,,Full,5.04,4.76,Medio +,Medio +,,5.63
2026-07-18 10:00:00,Medio +,,Full,5.09,4.85,5.07,Medio +,,Medio +
2026-07-18 13:00:00,Medio +,,6.92,6.14,5.74,6.28,5.55,,4.97
2026-07-18 16:00:00,4.98,,7.00,LLeno,6.01,LLeno,6.00,,Medio +
2026-07-18 19:00:00,Medio +,,Full,LLeno,LLeno,LLeno,LLeno,,3.87
2026-07-18 22:00:00,Medio +,,Full,5.23,5.54,5.29,5.40,,2.50
2026-07-19 01:00:00,Medio +,5.95,6.96,5.05,2.34,Medio +,Medio +,,6.21
2026-07-19 04:00:00,4.98,5.89,6.91,Medio +,4.35,Medio +,Medio +,,LLeno
2026-07-19 07:00:00,Medio +,LLeno,6.96,4.38,4.46,5.00,4.75,,5.72
2026-07-19 10:00:00,Medio +,5.54,6.96,3.80,5.02,3.77,5.83,,5.97
2026-07-19 13:00:00,Medio +,5.81,Full,6.04,5.71,6.40,5.98,,Medio +
2026-07-19 16:00:00,4.98,5.94,Full,LLeno,,LLeno,LLeno,,5.14
2026-07-19 19:00:00,Medio +,LLeno,Full,LLeno,5.79,5.95,5.63,,Full
2026-07-19 22:00:00,Medio +,4.90,Full,5.79,,LLeno,Medio +,,6.14
2026-07-20 01:00:00,4.97,5.22,Full,5.12,,LLeno,Medio +,,LLeno
2026-07-20 04:00:00,Medio +,5.49,Full,Medio +,,5.10,Medio +,,5.54
2026-07-20 07:00:00,Medio +,5.39,Full,Medio +,,Medio +,3.69,,Medio +
2026-07-20 10:00:00,4.95,5.69,6.97,Medio +,,Medio +,2.63,,4.98
2026-07-20 13:00:00,Medio +,5.91,6.91,6.57,,6.34,6.30,,Medio +
2026-07-20 16:00:00,4.98,5.67,Full,Full,,6.00,5.91,,4.20
2026-07-20 19:00:00,Medio +,5.94,Full,6.09,,LLeno,LLeno,,3.38
2026-07-20 22:00:00,Medio +,5.93,Full,LLeno,,5.67,LLeno,,5.29
2026-07-21 01:00:00,4.99,5.63,Full,LLeno,5.83,Medio +,5.54,,LLeno
2026-07-21 04:00:00,Medio +,,Full,5.15,LLeno,Medio +,Medio +,,5.48
2026-07-21 07:00:00,Medio +,LLeno,7.00,5.27,5.97,Medio +,Medio +,,Medio +
2026-07-21 10:00:00,Medio +,5.29,6.83,5.64,LLeno,4.98,Medio +,,Medio +
2026-07-21 13:00:00,Medio +,,Full,5.19,LLeno,3.86,5.35,,4.91
2026-07-21 16:00:00,Medio +,,6.95,6.19,5.48,Medio -,6.00,,
2026-07-21 19:00:00,Medio +,,6.95,LLeno,5.69,2.25,LLeno,,5.51
2026-07-21 22:00:00,Medio +,,6.92,LLeno,LLeno,5.97,5.90,,
2026-07-22 01:00:00,Medio +,,6.65,5.58,LLeno,5.69,Medio +,,
2026-07-22 04:00:00,4.93,,6.95,5.25,LLeno,Medio +,Medio +,,
2026-07-22 07:00:00,Medio +,,6.80,5.92,4.66,Medio +,Medio +,,
2026-07-22 10:00:00,4.98,,6.70,LLeno,3.91,Medio +,4.46,,
2026-07-22 13:00:00,4.93,,6.97,6.02,6.24,6.26,4.40,,
2026-07-22 16:00:00,4.98,,6.63,6.01,6.08,6.01,LLeno,,6.97
2026-07-22 19:00:00,Medio +,,6.34,LLeno,LLeno,5.94,LLeno,,6.05
2026-07-22 22:00:00,4.98,,6.21,LLeno,LLeno,LLeno,5.46,,LLeno
2026-07-23 01:00:00,4.71,,5.58,5.35,3.85,5.95,5.07,,LLeno
2026-07-23 04:00:00,4.95,,5.23,Medio +,4.76,5.94,,,5.52
2026-07-23 07:00:00,Medio +,,4.61,Medio +,3.30,,,,Medio +
2026-07-23 10:00:00,Medio +,,6.96,4.77,3.75,5.98,6.86,,Medio +
2026-07-23 13:00:00,Medio +,,Full,4.93,5.04,5.35,,,4.97
2026-07-23 16:00:00,Medio +,,Full,6.03,6.01,,,,3.66
2026-07-23 19:00:00,Medio +,,Full,5.90,LLeno,,,,4.83
2026-07-23 22:00:00,4.97,,Full,LLeno,LLeno,6.05,,,4.30
2026-07-24 01:00:00,Medio +,,Full,5.46,3.12,,,,5.18
2026-07-24 04:00:00,4.98,,Full,5.27,Medio +,Full,,,6.00
2026-07-24 07:00:00,Medio +,,Full,Full,4.89,Full,,,LLeno
2026-07-24 10:00:00,Medio +,,6.96,6.12,4.93,Full,4.96,,5.75
2026-07-24 13:00:00,Medio +,,6.98,6.00,4.88,,LLeno,,Medio +
2026-07-24 16:00:00,Medio +,,Full,LLeno,2.92,,LLeno,,Medio +
2026-07-24 19:00:00,Medio +,,Full,LLeno,5.32,,LLeno,,Medio +
2026-07-24 22:00:00,Medio +,,Full,5.15,6.04,,5.04,,4.78
2026-07-25 01:00:00,4.96,,Full,5.17,LLeno,,4.98,,6.64
2026-07-25 04:00:00,4.99,,Full,Medio +,5.69,,Medio +,,6.00
2026-07-25 07:00:00,Medio +,,Full,4.97,4.94,,Medio +,,LLeno
2026-07-25 10:00:00,Medio +,LLeno,Full,3.63,4.58,,3.67,,5.65
2026-07-25 13:00:00,Medio +,,Full,LLeno,6.33,,3.35,,Medio +
2026-07-25 16:00:00,Medio +,,6.85,LLeno,LLeno,,6.34,,Medio +
2026-07-25 19:00:00,Medio +,,6.16,5.85,LLeno,,LLeno,,Medio +
2026-07-25 22:00:00,Medio +,,5.95,Medio +,5.91,,5.71,,4.82
2026-07-26 01:00:00,4.98,,5.51,6.00,4.52,,Medio +,,5.91
2026-07-26 04:00:00,4.98,,5.54,5.12,4.20,,Medio +,,6.00
2026-07-26 07:00:00,Medio +,,5.10,4.07,3.44,,Medio +,,LLeno
2026-07-26 10:00:00,Medio +,,6.92,2.34,4.47,,3.92,,5.42
2026-07-26 13:00:00,Medio +,,Full,5.39,6.40,,3.26,,Medio +
2026-07-26 16:00:00,5.00,,Full,6.01,6.06,,6.03,,Medio +
2026-07-26 19:00:00,Medio +,,Full,LLeno,LLeno,,LLeno,,Medio +
2026-07-26 22:00:00,4.23,,Full,5.62,5.62,,5.82,,4.77
2026-07-27 01:00:00,3.32,,Full,5.02,,,Medio +,,3.72
2026-07-27 04:00:00,4.98,,Full,Medio +,1.75,,Medio +,,6.33
2026-07-27 07:00:00,Medio +,,Full,4.83,4.64,,Medio +,,LLeno
2026-07-27 10:00:00,Medio +,,6.98,3.07,4.20,,4.16,,LLeno
2026-07-27 13:00:00,4.94,,Full,5.75,5.52,,4.36,,5.40
2026-07-27 16:00:00,4.80,,Full,LLeno,6.33,,6.03,,Medio +
2026-07-27 19:00:00,,,7.00,LLeno,LLeno,,LLeno,,Medio +
2026-07-27 22:00:00,4.92,,Full,5.40,LLeno,,5.72,,Medio +
2026-07-28 01:00:00,Medio +,,Full,4.82,6.00,,Medio +,,6.20
2026-07-28 04:00:00,4.99,,,5.41,5.28,,Medio +,,LLeno
2026-07-28 07:00:00,Medio +,,,4.98,4.99,,Medio +,,LLeno
2026-07-28 10:00:00,Medio +,,Full,3.39,3.63,,4.21,,5.44
2026-07-28 13:00:00,Medio +,,,2.96,5.01,,3.62,,Medio +
2026-07-28 16:00:00,4.97,,,6.03,LLeno,,LLeno,,Medio +
2026-07-28 19:00:00,4.61,,,LLeno,LLeno,,LLeno,,4.91
2026-07-28 22:00:00,2.79,,,5.43,5.61,,5.56,,3.55
2026-07-29 01:00:00,4.99,,,Medio +,Medio +,,Medio +,,4.66
2026-07-29 04:00:00,4.96,,,5.14,3.34,,Medio +,,6.00
2026-07-29 07:00:00,Medio +,,,5.61,4.74,,Medio +,,LLeno
2026-07-29 10:00:00,Medio +,,,6.05,4.71,,4.21,,5.11
2026-07-29 13:00:00,Medio +,,6.98,5.96,5.77,,3.86,,Medio +
2026-07-29 16:00:00,4.99,5.91,Full,5.75,6.01,,LLeno,,Medio +
2026-07-29 19:00:00,4.71,,Full,Medio +,LLeno,,LLeno,,4.93
2026-07-29 22:00:00,2.72,,Full,Medio +,LLeno,,5.73,,3.70
2026-07-30 01:00:00,2.67,,6.86,Medio +,5.06,,Medio +,,6.44
2026-07-30 04:00:00,Medio +,,Full,4.41,4.68,,Medio +,,6.00
2026-07-30 07:00:00,Medio +,,Full,4.24,2.15,,Medio +,,LLeno
2026-07-30 10:00:00,Medio +,5.83,Full,6.19,4.92,,4.15,,5.59
2026-07-30 13:00:00,Medio +,LLeno,Full,LLeno,Medio +,,3.11,,Medio +
2026-07-30 16:00:00,4.97,LLeno,6.99,5.61,6.53,,6.04,,Medio +
2026-07-30 19:00:00,Medio +,5.96,Full,Medio +,LLeno,,LLeno,,Medio +
2026-07-30 22:00:00,4.21,6.18,Full,Medio +,LLeno,,LLeno,,4.51
2026-07-31 01:00:00,Medio +,Full,Full,Medio +,LLeno,,5.61,,5.75
2026-07-31 04:00:00,4.99,6.10,Full,4.64,5.75,,Medio +,,LLeno
2026-07-31 07:00:00,4.92,5.97,Full,3.34,4.44,,Medio +,,LLeno
2026-07-31 10:00:00,4.92,5.97,7.00,4.63,3.20,,Medio +,,5.55
2026-07-31 13:00:00,3.94,LLeno,7.00,6.01,6.34,,5.45,,Medio +
2026-07-31 16:00:00,,5.97,6.00,LLeno,LLeno,,5.99,,Medio +
2026-07-31 19:00:00,,5.50,5.94,LLeno,LLeno,,LLeno,,Medio +
2026-07-31 22:00:00,,Medio +,5.85,5.41,LLeno,,LLeno,,4.51
2026-08-01 01:00:00,,5.64,5.59,Medio +,LLeno,,5.43,,6.23
2026-08-01 04:00:00,,6.29,5.40,5.01,4.83,,Medio +,,6.00
2026-08-01 07:00:00,,6.04,5.20,Medio +,0.0528,,Medio +,,LLeno
2026-08-01 10:00:00,,LLeno,6.99,4.64,6.22,,Medio +,,5.39
2026-08-01 13:00:00,,5.29,7.00,5.14,LLeno,,6.06,,Medio +
2026-08-01 16:00:00,,Medio +,Full,6.36,LLeno,,6.00,,Medio +
2026-08-01 19:00:00,,Medio +,Full,5.94,LLeno,,LLeno,,5.00
2026-08-01 22:00:00,Full,4.98,Full,LLeno,5.22,,5.36,,3.89
2026-08-02 01:00:00,6.27,4.11,Full,LLeno,4.83,,Medio +,,4.63
2026-08-02 04:00:00,LLeno,6.20,Full,5.94,3.65,,5.00,,LLeno
2026-08-02 07:00:00,LLeno,6.00,Full,5.16,3.19,,Medio +,,LLeno
2026-08-02 10:00:00,5.72,5.81,6.91,5.51,3.14,,4.42,,5.08
2026-08-02 13:00:00,4.93,Medio +,Full,5.36,4.91,,2.88,,Medio +
2026-08-02 16:00:00,4.79,Medio +,Full,6.01,5.81,,6.09,,Medio +
2026-08-02 19:00:00,4.19,Medio +,Full,LLeno,LLeno,,LLeno,,5.00
2026-08-02 22:00:00,5.43,4.23,Full,5.82,LLeno,Full,LLeno,,4.32
2026-08-03 01:00:00,6.10,5.49,6.98,5.10,LLeno,Full,5.15,,6.01
2026-08-03 04:00:00,5.99,6.17,6.98,4.99,5.92,,4.98,,LLeno
2026-08-03 07:00:00,5.82,LLeno,Full,Medio +,6.01,Full,Medio +,,6.00
2026-08-03 10:00:00,Medio +,5.95,6.98,4.77,6.94,,4.99,,5.02
2026-08-03 13:00:00,Medio +,5.02,6.98,4.41,6.98,Full,3.41,,4.98
2026-08-03 16:00:00,Medio +,Medio +,Full,LLeno,6.03,Full,5.14,,4.91
2026-08-03 19:00:00,4.69,Medio +,Full,LLeno,LLeno,,LLeno,,4.48
2026-08-03 22:00:00,3.59,4.26,Full,LLeno,Medio +,Full,LLeno,,4.67
2026-08-04 01:00:00,6.12,2.75,7.00,5.54,,Full,5.70,,4.67
2026-08-04 04:00:00,5.98,6.62,6.99,5.14,5.69,Full,Medio +,,6.02
2026-08-04 07:00:00,LLeno,6.02,Full,5.80,6.26,Full,Medio +,,LLeno
2026-08-04 10:00:00,5.62,LLeno,6.97,5.47,LLeno,,Medio +,,LLeno
2026-08-04 13:00:00,Medio +,5.99,Full,5.95,LLeno,,4.99,,5.12
2026-08-04 16:00:00,4.98,Medio +,Full,LLeno,LLeno,,6.14,,4.99
2026-08-04 19:00:00,Medio +,4.95,Full,5.99,5.90,Full,LLeno,,4.41
2026-08-04 22:00:00,4.78,Medio +,Full,5.98,5.39,,5.97,,4.74
2026-08-05 01:00:00,5.21,5.27,Full,5.33,4.71,,5.03,,5.89
2026-08-05 04:00:00,6.59,6.11,Full,Medio +,3.36,,Medio +,,6.00
2026-08-05 07:00:00,5.98,5.93,Full,Medio +,4.12,,Medio +,,LLeno
2026-08-05 10:00:00,5.88,6.00,6.92,5.58,4.21,Full,4.65,,5.88
2026-08-05 13:00:00,LLeno,LLeno,6.91,LLeno,5.64,,3.19,,4.19
2026-08-05 16:00:00,5.98,5.18,6.98,LLeno,LLeno,6.56,6.06,,2.16
2026-08-05 19:00:00,5.06,Medio +,6.89,5.56,LLeno,5.95,LLeno,,1.83
2026-08-05 22:00:00,5.03,Medio +,6.52,5.05,5.90,5.78,5.94,,4.54
2026-08-06 01:00:00,6.24,5.60,5.98,Medio +,5.61,5.97,Medio +,,6.86
2026-08-06 04:00:00,5.98,6.03,5.87,Medio +,4.91,5.94,Medio +,,6.12
2026-08-06 07:00:00,LLeno,LLeno,6.22,4.59,4.97,LLeno,Medio +,,LLeno
2026-08-06 10:00:00,LLeno,5.85,6.98,3.05,Medio +,6.42,Medio +,Full,5.93
2026-08-06 13:00:00,5.32,Medio +,Full,6.10,3.11,6.00,5.00,,4.32
2026-08-06 16:00:00,4.99,Medio +,7.00,LLeno,2.62,6.00,6.00,,0.511
2026-08-06 19:00:00,Medio +,Medio +,Full,5.99,5.25,5.92,LLeno,,4.97
2026-08-06 22:00:00,4.89,4.44,Full,5.45,4.81,5.06,5.27,,
2026-08-07 01:00:00,5.23,4.46,Full,5.19,4.16,Medio +,Medio +,,6.07
2026-08-07 04:00:00,5.99,6.12,Full,5.00,4.98,Medio +,Medio +,,LLeno
2026-08-07 07:00:00,LLeno,5.97,Full,4.98,4.95,Medio +,4.87,,5.93
2026-08-07 10:00:00,LLeno,LLeno,6.99,3.51,3.30,4.83,3.13,,5.87
2026-08-07 13:00:00,5.25,5.02,Full,3.70,3.97,6.42,3.33,,4.51
2026-08-07 16:00:00,4.99,Medio +,Full,LLeno,6.09,5.98,6.18,,3.73
2026-08-07 19:00:00,Medio +,5.93,Full,5.33,LLeno,LLeno,LLeno,,5.85
2026-08-07 22:00:00,4.87,6.53,7.00,Medio +,5.92,5.03,5.99,,6.00
2026-08-08 01:00:00,5.53,6.00,6.97,Medio +,4.78,Medio +,5.08,,LLeno
2026-08-08 04:00:00,LLeno,LLeno,Full,4.64,4.74,Medio +,Medio +,,4.30
2026-08-08 07:00:00,LLeno,5.84,6.97,3.45,4.97,Medio +,Medio +,,4.13
2026-08-08 10:00:00,5.10,4.97,Full,2.07,4.24,4.83,4.64,,2.64
2026-08-08 13:00:00,4.99,4.21,Full,6.35,5.88,6.18,3.88,,2.47
2026-08-08 16:00:00,4.98,4.98,Full,LLeno,6.01,LLeno,LLeno,,4.76
2026-08-08 19:00:00,4.72,Medio +,Full,LLeno,LLeno,LLeno,LLeno,,3.14
2026-08-08 22:00:00,3.48,Medio +,Full,LLeno,5.48,5.58,5.23,,1.99
2026-08-09 01:00:00,6.16,4.49,7.00,5.58,4.06,Medio +,Medio +,,6.29
2026-08-09 04:00:00,5.93,6.02,Full,Medio +,4.43,Medio +,Medio +,,5.94
2026-08-09 07:00:00,LLeno,LLeno,Full,Medio +,4.36,Medio +,4.96,Full,5.12
2026-08-09 10:00:00,5.48,5.82,6.88,Medio +,Medio +,4.46,3.45,,5.94
2026-08-09 13:00:00,4.98,5.02,Full,5.90,6.07,6.85,3.60,,5.19
2026-08-09 16:00:00,4.87,Medio +,Full,LLeno,LLeno,LLeno,6.00,,3.37
2026-08-09 19:00:00,Medio +,Medio +,Full,5.96,LLeno,LLeno,LLeno,,3.85
2026-08-09 22:00:00,4.79,Medio +,Full,5.98,LLeno,5.79,5.42,,4.71
2026-08-10 01:00:00,6.17,6.03,Full,5.84,LLeno,Medio +,Medio +,,6.08
2026-08-10 04:00:00,5.97,5.93,Full,5.08,LLeno,Medio +,Medio +,,5.96
2026-08-10 07:00:00,LLeno,5.97,Full,Medio +,LLeno,Medio +,Medio +,,5.83
2026-08-10 10:00:00,5.52,LLeno,6.97,Medio +,4.48,6.08,3.54,,2.94
2026-08-10 13:00:00,Medio +,5.61,Full,5.57,6.73,LLeno,3.70,,2.03
2026-08-10 16:00:00,4.98,Medio +,Full,6.47,LLeno,LLeno,LLeno,,2.54
2026-08-10 19:00:00,4.86,Medio +,Full,LLeno,LLeno,LLeno,LLeno,,6.64
2026-08-10 22:00:00,3.40,Medio +,Full,LLeno,LLeno,5.11,5.61,,5.84
2026-08-11 01:00:00,6.23,5.53,Full,5.57,5.14,Medio +,Medio +,,LLeno
2026-08-11 04:00:00,5.98,6.01,Full,5.00,3.13,4.98,4.98,,LLeno
2026-08-11 07:00:00,LLeno,LLeno,Full,Medio +,3.07,4.96,Medio +,,5.92
2026-08-11 10:00:00,5.74,LLeno,6.95,Medio +,4.28,3.87,3.70,,4.85
2026-08-11 13:00:00,Medio +,5.29,Full,5.30,4.07,6.39,2.45,,3.68
2026-08-11 16:00:00,Medio +,Medio +,6.98,6.01,6.05,LLeno,6.08,,3.25
2026-08-11 19:00:00,Medio +,Medio +,Full,LLeno,LLeno,LLeno,LLeno,,3.29
2026-08-11 22:00:00,3.56,Medio +,7.00,LLeno,5.91,5.88,LLeno,,4.68
2026-08-12 01:00:00,4.98,5.56,6.97,5.71,4.90,Medio +,5.08,,5.38
2026-08-12 04:00:00,5.98,6.02,6.91,5.00,4.85,Medio +,Medio +,,LLeno
2026-08-12 07:00:00,LLeno,6.00,7.00,Medio +,4.81,Medio +,Medio +,,5.29
2026-08-12 10:00:00,5.63,5.61,7.00,Medio +,4.45,4.58,4.59,,2.34
2026-08-12 13:00:00,4.98,Medio +,Full,4.90,3.20,6.40,5.48,,1.89
2026-08-12 16:00:00,4.99,Medio +,7.00,,6.57,LLeno,LLeno,,3.49
2026-08-12 19:00:00,Medio +,4.98,Full,,5.89,LLeno,5.78,,4.64
2026-08-12 22:00:00,4.56,6.12,Full,4.70,,5.74,4.98,,2.85
2026-08-13 01:00:00,3.72,6.00,7.00,5.30,,Medio +,Medio +,,6.30
2026-08-13 04:00:00,,LLeno,6.91,,,4.96,Medio +,,LLeno
2026-08-13 07:00:00,,LLeno,6.99,,6.24,5.08,Medio +,,LLeno
2026-08-13 10:00:00,3.06,5.37,Full,,LLeno,6.72,4.03,,5.13
2026-08-13 13:00:00,,Medio +,6.99,,5.98,LLeno,2.58,,4.08
2026-08-13 16:00:00,,4.97,6.99,,4.89,5.94,4.20,,
2026-08-13 19:00:00,,Medio +,7.00,,1.30,5.99,LLeno,,Full
2026-08-13 22:00:00,,5.67,7.00,,,Medio +,LLeno,,6.67
2026-08-14 01:00:00,,6.09,6.99,Full,,Medio +,5.25,,6.00
2026-08-14 04:00:00,,5.96,6.99,,,4.98,Medio +,,5.98
2026-08-14 07:00:00,,LLeno,6.97,,5.97,Medio +,Medio +,,4.49
2026-08-14 10:00:00,,LLeno,6.84,,LLeno,4.54,4.90,,3.50
2026-08-14 13:00:00,,5.40,6.99,6.96,5.60,3.75,4.15,,2.17
2026-08-14 16:00:00,,4.77,7.00,,5.99,6.42,6.34,,3.47
2026-08-14 19:00:00,,5.57,Full,,3.90,LLeno,LLeno,,6.25
2026-08-14 22:00:00,,6.02,Full,6.97,4.67,5.99,5.94,,6.01
2026-08-15 01:00:00,,6.01,Full,5.90,4.83,4.98,Medio +,,5.79
2026-08-15 04:00:00,,5.92,Full,5.90,4.10,4.97,4.98,,3.70
2026-08-15 07:00:00,Full,5.48,Full,6.00,2.15,Medio +,Medio +,,2.91
2026-08-15 10:00:00,,4.97,6.99,6.43,6.67,Medio +,4.33,,2.14
2026-08-15 13:00:00,Full,Medio +,6.99,6.06,LLeno,6.45,2.89,,4.48
2026-08-15 16:00:00,6.71,4.98,Full,LLeno,LLeno,6.00,6.01,,4.32
2026-08-15 19:00:00,LLeno,6.32,Full,5.98,5.61,LLeno,LLeno,,6.26
2026-08-15 22:00:00,LLeno,6.00,Full,5.04,4.90,6.00,5.84,,LLeno
2026-08-16 01:00:00,LLeno,LLeno,Full,Medio +,4.50,5.04,Medio +,,5.41
2026-08-16 04:00:00,5.08,5.99,Full,Medio +,4.25,Medio +,Medio +,,3.48
2026-08-16 07:00:00,Medio +,5.44,6.94,4.62,Medio +,Medio +,Medio +,,1.67
2026-08-16 10:00:00,5.53,4.98,Full,2.53,3.77,5.10,6.37,,2.14
2026-08-16 13:00:00,6.35,Medio +,6.99,5.50,2.67,Full,6.32,,4.67
2026-08-16 16:00:00,5.98,Medio +,6.93,LLeno,6.44,6.25,LLeno,,3.12
2026-08-16 19:00:00,LLeno,Medio +,6.92,LLeno,6.01,LLeno,LLeno,,2.90
2026-08-16 22:00:00,5.51,5.15,6.95,5.68,LLeno,LLeno,5.06,,6.11
2026-08-17 01:00:00,Medio +,5.97,6.61,5.03,5.80,5.57,Medio +,,LLeno
2026-08-17 04:00:00,Medio +,6.04,6.85,Medio +,4.65,Medio +,Medio +,,5.98
2026-08-17 07:00:00,Medio +,LLeno,6.63,Medio +,5.15,Medio +,Medio +,,3.06
2026-08-17 10:00:00,4.72,5.24,6.92,5.01,LLeno,5.01,3.46,,2.30
2026-08-17 13:00:00,5.70,5.07,Full,6.41,LLeno,Full,5.65,,1.51
2026-08-17 16:00:00,5.95,Medio +,7.00,LLeno,LLeno,6.31,LLeno,,4.92
2026-08-17 19:00:00,LLeno,5.80,6.99,LLeno,4.76,LLeno,5.96,,Full
2026-08-17 22:00:00,5.99,6.00,6.96,5.07,4.09,LLeno,5.02,,6.61
2026-08-18 01:00:00,Medio +,5.89,6.91,5.78,4.32,5.86,Medio +,,6.00
2026-08-18 04:00:00,Medio +,5.98,6.70,Medio +,Medio +,Medio +,Medio +,,5.98
2026-08-18 07:00:00,Medio +,LLeno,6.89,4.71,4.22,Medio +,4.46,,5.50
2026-08-18 10:00:00,4.85,5.86,6.84,3.12,4.36,Medio +,2.82,,3.02
2026-08-18 13:00:00,5.97,5.05,6.25,3.95,LLeno,5.97,4.61,,1.46
2026-08-18 16:00:00,5.98,Medio +,5.43,,LLeno,LLeno,LLeno,,1.62
2026-08-18 19:00:00,LLeno,Medio +,5.48,,5.48,LLeno,LLeno,,4.81
2026-08-18 22:00:00,5.22,5.71,5.52,,4.61,5.27,5.89,,3.12
2026-08-19 01:00:00,Medio +,5.98,5.51,,3.68,Medio +,5.03,,5.53
2026-08-19 04:00:00,4.99,LLeno,5.49,,2.43,Medio +,Medio +,,LLeno
2026-08-19 07:00:00,4.72,LLeno,5.45,,3.68,Medio +,Medio +,,LLeno
2026-08-19 10:00:00,2.86,5.32,6.99,,4.56,4.68,4.34,,4.94
2026-08-19 13:00:00,5.25,4.90,6.97,6.87,3.41,3.83,4.10,,4.27
2026-08-19 16:00:00,6.10,Medio +,6.90,6.11,5.27,3.05,6.02,,2.57
2026-08-19 19:00:00,LLeno,Medio +,6.32,LLeno,LLeno,4.72,LLeno,,4.75
2026-08-19 22:00:00,5.83,5.87,6.22,5.92,5.44,5.89,5.77,,4.16
2026-08-20 01:00:00,5.23,5.95,6.55,5.13,LLeno,Medio +,Medio +,,5.01
2026-08-20 04:00:00,4.91,LLeno,6.13,Medio +,5.19,Medio +,Medio +,,6.17
2026-08-20 07:00:00,Medio +,LLeno,6.27,Medio +,4.80,Medio +,4.95,,LLeno
2026-08-20 10:00:00,Medio +,5.69,Full,5.25,4.10,Medio +,3.18,,5.44
2026-08-20 13:00:00,6.47,Medio +,5.65,6.96,4.04,6.52,4.36,,Medio +
2026-08-20 16:00:00,5.98,Medio +,6.86,6.05,6.04,LLeno,LLeno,,5.00
2026-08-20 19:00:00,LLeno,Medio +,Full,LLeno,LLeno,LLeno,LLeno,,4.94
2026-08-20 22:00:00,5.72,5.93,Full,5.46,LLeno,LLeno,5.47,,4.05
2026-08-21 01:00:00,Medio +,6.00,Full,5.01,4.97,5.65,4.93,,2.85
2026-08-21 04:00:00,4.99,LLeno,Full,Medio +,4.94,Medio +,Medio +,,4.97
2026-08-21 07:00:00,Medio +,5.70,Full,Medio +,4.87,Medio +,Medio +,,LLeno
2026-08-21 10:00:00,5.08,Medio +,Full,4.21,Medio +,5.05,4.51,,LLeno
2026-08-21 13:00:00,6.01,Medio +,7.00,3.91,6.23,Full,2.85,,5.03
2026-08-21 16:00:00,5.97,Medio +,7.00,6.00,5.80,6.00,,,5.00
2026-08-21 19:00:00,LLeno,4.33,7.00,5.96,5.95,LLeno,Vacio,,4.97
2026-08-21 22:00:00,5.13,2.50,7.00,LLeno,LLeno,LLeno,Vacio,,4.56
2026-08-22 01:00:00,Medio +,,6.92,5.57,LLeno,5.22,0.310,,3.06
2026-08-22 04:00:00,4.99,6.43,6.95,5.03,5.64,Medio +,,,6.04
2026-08-22 07:00:00,4.67,6.05,Full,Medio +,4.98,Medio +,,,LLeno
2026-08-22 10:00:00,3.74,6.06,Full,4.77,3.49,Medio +,,,5.72
2026-08-22 13:00:00,6.31,LLeno,6.92,3.70,7.00,5.70,,,Medio +
2026-08-22 16:00:00,5.99,LLeno,6.98,6.54,6.06,6.22,,,Medio +
2026-08-22 19:00:00,LLeno,LLeno,6.99,6.00,LLeno,LLeno,,,5.00
2026-08-22 22:00:00,LLeno,5.18,6.54,LLeno,LLeno,LLeno,5.82,,4.87
2026-08-23 01:00:00,5.06,5.84,5.65,5.84,5.92,5.51,LLeno,,3.53
2026-08-23 04:00:00,4.99,6.02,5.05,5.11,5.37,Medio +,5.56,,
2026-08-23 07:00:00,Medio +,LLeno,5.17,5.42,4.81,Medio +,Medio +,,
2026-08-23 10:00:00,5.09,LLeno,Full,5.16,LLeno,5.19,Medio +,,4.30
2026-08-23 13:00:00,6.32,5.30,6.99,6.54,5.92,6.43,Medio +,,
2026-08-23 16:00:00,5.98,4.97,Full,5.94,5.92,5.92,4.06,,
2026-08-23 19:00:00,5.85,Medio +,6.94,LLeno,4.39,LLeno,2.83,,
2026-08-23 22:00:00,LLeno,Medio +,6.78,LLeno,4.73,LLeno,4.69,,
2026-08-24 01:00:00,LLeno,4.51,6.63,5.05,,5.34,Medio +,,
2026-08-24 04:00:00,5.52,6.43,6.40,5.10,,Medio +,Medio +,,
2026-08-24 07:00:00,4.98,6.00,6.73,5.20,2.75,Medio +,Medio +,,
2026-08-24 10:00:00,6.74,LLeno,6.09,LLeno,,Medio +,3.94,,
2026-08-24 13:00:00,LLeno,5.03,Medio +,6.14,,Full,3.28,,
2026-08-24 16:00:00,5.99,Medio +,6.86,6.21,,6.19,6.00,,Full
2026-08-24 19:00:00,5.73,Medio +,Full,LLeno,0.692,LLeno,LLeno,,Full
2026-08-24 22:00:00,Medio +,Medio +,7.00,5.69,0.724,5.95,5.69,,6.25
2026-08-25 01:00:00,Medio +,5.33,Full,Medio +,,Medio +,Medio +,,LLeno
2026-08-25 04:00:00,4.98,6.02,6.99,Medio +,,Medio +,Medio +,,LLeno
2026-08-25 07:00:00,4.49,6.00,6.88,Medio +,,Medio +,5.33,,5.38
2026-08-25 10:00:00,3.42,5.97,6.80,4.83,,Medio +,6.19,,Medio +
2026-08-25 13:00:00,6.07,LLeno,6.94,6.91,,5.51,LLeno,,4.99
2026-08-25 16:00:00,5.98,5.18,Full,6.03,,6.22,5.95,,4.99
2026-08-25 19:00:00,3.77,6.71,Full,LLeno,,LLeno,Medio +,,3.73
2026-08-25 22:00:00,2.66,6.01,Full,5.61,,5.88,4.97,,2.08
2026-08-26 01:00:00,LLeno,5.97,Full,5.06,,Medio +,Medio +,,6.05
2026-08-26 04:00:00,5.74,LLeno,Full,Medio +,,Medio +,Medio +,,LLeno
2026-08-26 07:00:00,Medio +,5.94,Full,Medio +,,Medio +,4.70,,5.98
2026-08-26 10:00:00,6.02,5.01,7.00,4.00,,Medio +,3.22,,5.53
2026-08-26 13:00:00,6.00,Medio +,Full,4.95,,5.03,4.35,,4.97
2026-08-26 16:00:00,5.98,Medio +,6.81,6.01,,6.59,LLeno,,Medio +
2026-08-26 19:00:00,5.77,5.17,5.80,LLeno,,LLeno,LLeno,,Medio +
2026-08-26 22:00:00,Medio +,6.26,5.11,5.74,,LLeno,5.68,,4.34
2026-08-27 01:00:00,Medio +,6.01,5.13,Medio +,,5.83,Medio +,,4.03
2026-08-27 04:00:00,Medio +,LLeno,6.95,Medio +,,Medio +,Medio +,,6.02
2026-08-27 07:00:00,Medio +,5.96,,Medio +,,Medio +,Medio +,,LLeno
2026-08-27 10:00:00,4.14,5.94,Full,3.47,,Medio +,4.16,,5.77
2026-08-27 13:00:00,2.83,5.79,,2.14,,6.47,3.53,,Medio +
2026-08-27 16:00:00,6.08,5.81,,2.50,,6.26,6.19,,Medio +
2026-08-27 19:00:00,LLeno,5.90,,5.96,,LLeno,LLeno,,5.27
2026-08-27 22:00:00,5.95,6.95,,5.17,,LLeno,5.81,,6.20
2026-08-28 01:00:00,LLeno,7.00,,5.97,,5.10,5.02,,LLeno
2026-08-28 04:00:00,5.47,6.00,,5.84,,Medio +,Medio +,,LLeno
2026-08-28 07:00:00,Medio +,5.92,,5.41,,Medio +,Medio +,,5.13
2026-08-28 10:00:00,4.99,5.86,,4.57,,5.05,4.55,,Medio +
2026-08-28 13:00:00,,6.00,,3.12,,6.44,3.93,,Medio +
2026-08-28 16:00:00,,LLeno,Full,6.29,,6.00,6.01,,4.89
2026-08-28 19:00:00,,5.09,Full,6.01,,LLeno,LLeno,,3.48
2026-08-28 22:00:00,6.22,Medio +,6.98,LLeno,,5.32,5.84,,2.98
2026-08-29 01:00:00,LLeno,4.78,Full,LLeno,,Medio +,Medio +,,6.10
2026-08-29 04:00:00,5.98,,6.98,5.51,,Medio +,Medio +,,LLeno
2026-08-29 07:00:00,LLeno,0.487,6.90,5.66,,Medio +,Medio +,,5.96
2026-08-29 10:00:00,5.96,6.99,6.99,6.01,,4.62,3.66,,5.03
2026-08-29 13:00:00,6.28,,Full,6.09,,6.06,4.41,,4.99
2026-08-29 16:00:00,6.08,,Full,LLeno,,LLeno,LLeno,,5.00
2026-08-29 19:00:00,LLeno,,6.98,LLeno,,LLeno,LLeno,,4.44
2026-08-29 22:00:00,5.57,,6.81,5.80,,5.98,5.51,,2.69
2026-08-30 01:00:00,Medio +,,6.10,5.02,,5.06,Medio +,,5.69
2026-08-30 04:00:00,4.98,,5.69,Medio +,,Medio +,Medio +,,LLeno
2026-08-30 07:00:00,Medio +,Full,6.24,Medio +,,Medio +,Medio +,,LLeno
2026-08-30 10:00:00,5.18,6.45,Full,5.93,,Medio +,3.66,,5.42
2026-08-30 13:00:00,LLeno,6.01,Full,6.35,,6.64,5.56,,4.97
2026-08-30 16:00:00,LLeno,LLeno,Full,LLeno,,5.85,LLeno,,Medio +
2026-08-30 19:00:00,5.58,5.47,Full,LLeno,,LLeno,LLeno,,Medio +
2026-08-30 22:00:00,Medio +,Medio +,Full,5.27,,LLeno,5.28,,4.69
2026-08-31 01:00:00,Medio +,5.15,Full,Medio +,,LLeno,Medio +,,6.16
2026-08-31 04:00:00,4.99,6.17,Full,5.02,,5.42,Medio +,,6.00
2026-08-31 07:00:00,3.92,LLeno,Full,4.92,,Medio +,4.51,,LLeno
2026-08-31 10:00:00,2.64,5.98,6.93,3.52,,Medio +,2.94,,5.39
2026-08-31 13:00:00,6.15,5.03,Full,5.44,,6.12,3.76,,5.00
2026-08-31 16:00:00,5.99,Medio +,Full,5.93,,LLeno,LLeno,,4.99
2026-08-31 19:00:00,LLeno,Medio +,Full,5.59,,LLeno,LLeno,,4.95
2026-08-31 22:00:00,5.66,4.96,Full,6.01,,5.98,5.96,,4.20
2026-09-01 01:00:00,5.02,4.79,Full,LLeno,,,5.57,,1.61
2026-09-01 04:00:00,4.99,Medio ,Full,5.85,,LLeno,,,
2026-09-01 07:00:00,Medio +,,Full,6.00,,5.95,5.51,,2.72
2026-09-01 10:00:00,4.80,3.37,Full,LLeno,,5.05,Medio +,,4.84
2026-09-01 13:00:00,3.35,2.78,7.00,6.10,,,5.45,,Medio +
2026-09-01 16:00:00,1.98,4.72,6.69,LLeno,,,5.96,,4.96
2026-09-01 19:00:00,,,6.96,5.94,,,5.75,,
2026-09-01 22:00:00,,,5.05,5.98,,6.20,LLeno,,Medio +
2026-09-02 01:00:00,3.71,5.61,Medio +,5.59,,5.81,5.92,,Medio +
2026-09-02 04:00:00,6.15,6.16,Medio +,5.30,,6.00,5.03,,5.85
2026-09-02 07:00:00,LLeno,6.00,4.87,Medio +,,LLeno,Medio +,,6.00
2026-09-02 10:00:00,6.36,LLeno,6.96,4.49,,6.01,Medio +,,LLeno
2026-09-02 13:00:00,6.90,5.71,6.99,2.94,,LLeno,5.33,,5.41
2026-09-02 16:00:00,6.07,Medio +,Full,LLeno,,LLeno,6.00,,Medio +
2026-09-02 19:00:00,LLeno,Medio +,Full,5.60,,LLeno,LLeno,,4.99
2026-09-02 22:00:00,LLeno,Medio +,Full,Medio +,,5.35,5.33,,4.94
2026-09-03 01:00:00,5.21,4.27,6.98,4.97,,Medio +,Medio +,,6.19
2026-09-03 04:00:00,5.00,5.94,6.92,4.99,,Medio +,Medio +,,LLeno
2026-09-03 07:00:00,Medio +,6.01,Full,3.45,,Medio +,Medio +,,LLeno
2026-09-03 10:00:00,5.09,5.97,7.00,1.59,,3.79,3.93,,5.30
2026-09-03 13:00:00,6.34,5.35,7.00,5.79,,6.59,6.21,,4.30
2026-09-03 16:00:00,5.98,Medio +,Full,5.94,,6.03,6.02,,4.21
2026-09-03 19:00:00,LLeno,Medio +,Full,LLeno,,6.00,LLeno,,4.72
2026-09-03 22:00:00,5.54,5.16,Full,5.17,,5.67,LLeno,,4.18
2026-09-04 01:00:00,Medio +,6.01,Full,Medio +,,Medio +,5.39,,5.02
2026-09-04 04:00:00,4.98,LLeno,Full,5.34,,Medio +,Medio +,,5.96
2026-09-04 07:00:00,Medio +,LLeno,Full,,,Medio +,Medio +,,LLeno
2026-09-04 10:00:00,4.55,5.02,Full,6.32,Full,Medio +,4.77,,5.92
2026-09-04 13:00:00,6.25,Medio +,Full,LLeno,Full,6.38,4.20,,4.99
2026-09-04 16:00:00,5.98,4.98,Full,6.00,Full,LLeno,6.01,,4.91
2026-09-04 19:00:00,LLeno,6.55,6.97,6.00,,LLeno,LLeno,,4.74
2026-09-04 22:00:00,LLeno,6.24,6.95,5.09,,LLeno,5.30,,6.30
2026-09-05 01:00:00,5.36,LLeno,6.93,5.43,,5.20,Medio +,,LLeno
2026-09-05 04:00:00,4.98,LLeno,6.63,Medio +,,Medio +,Medio +,,5.97
2026-09-05 07:00:00,Medio +,5.52,6.70,Medio +,,Medio +,4.75,,5.20
2026-09-05 10:00:00,Medio +,Medio +,6.98,4.61,,Medio +,2.77,,3.94
2026-09-05 13:00:00,4.52,4.98,Full,6.31,,4.90,2.55,,3.60
2026-09-05 16:00:00,6.59,Medio +,Full,6.00,Full,,6.09,,4.21
2026-09-05 19:00:00,LLeno,4.30,Full,LLeno,Full,6.00,LLeno,,4.48
2026-09-05 22:00:00,LLeno,3.91,Full,5.50,Full,LLeno,5.84,,2.87
2026-09-06 01:00:00,5.54,6.15,Full,5.46,Full,5.45,Medio +,,6.10
2026-09-06 04:00:00,4.97,6.00,Full,5.80,Full,Medio +,Medio +,,LLeno
2026-09-06 07:00:00,4.98,LLeno,Full,5.84,Full,Medio +,Medio +,,5.93
2026-09-06 10:00:00,5.80,5.09,6.97,4.74,Full,Medio +,4.16,,Medio +
2026-09-06 13:00:00,6.03,Medio +,Full,5.49,Full,5.23,2.91,,4.92
2026-09-06 16:00:00,5.99,Medio +,Full,6.02,Full,,6.01,,4.99
2026-09-06 19:00:00,4.47,Medio +,7.00,LLeno,Full,Full,LLeno,,4.97
2026-09-06 22:00:00,5.44,3.74,6.86,5.70,6.55,,5.90,,4.18
2026-09-07 01:00:00,Medio +,3.53,6.02,5.05,,,Medio +,,3.38
2026-09-07 04:00:00,4.98,6.02,5.75,5.08,,,Medio +,,LLeno
2026-09-07 07:00:00,4.82,LLeno,6.57,Medio +,,,Medio +,,5.05
2026-09-07 10:00:00,4.05,5.52,6.93,Medio +,,,3.93,,Medio +
2026-09-07 13:00:00,6.32,4.98,Full,5.48,,,2.13,,4.98
2026-09-07 16:00:00,LLeno,Medio +,Full,6.00,6.62,6.93,6.16,,4.98
2026-09-07 19:00:00,LLeno,Medio +,Full,LLeno,,6.09,LLeno,,4.32
2026-09-07 22:00:00,LLeno,5.24,Full,LLeno,Full,LLeno,5.83,,3.69
2026-09-08 01:00:00,5.13,6.71,Full,5.64,6.06,5.79,4.97,,6.10
2026-09-08 04:00:00,4.84,6.03,Full,Medio +,5.77,Medio +,4.98,,5.98
2026-09-08 07:00:00,6.91,LLeno,Full,Medio +,,Medio +,Medio +,,LLeno
2026-09-08 10:00:00,Full,5.95,6.79,Medio +,5.96,Medio +,Medio +,,5.24
2026-09-08 13:00:00,6.76,4.96,6.97,6.07,5.80,6.51,5.09,,Medio +
2026-09-08 16:00:00,,Medio +,6.99,6.00,LLeno,LLeno,6.01,,4.99
2026-09-08 19:00:00,,5.05,6.94,LLeno,LLeno,LLeno,LLeno,,4.97
2026-09-08 22:00:00,5.78,6.27,6.75,LLeno,5.94,5.31,5.82,,3.47
2026-09-09 01:00:00,6.13,LLeno,6.64,5.95,4.54,Medio +,Medio +,,4.51
2026-09-09 04:00:00,,LLeno,6.69,LLeno,4.11,Medio +,Medio +,,6.00
2026-09-09 07:00:00,,5.44,6.70,5.64,4.44,Medio +,Medio +,,LLeno
2026-09-09 10:00:00,6.87,Medio +,Full,5.04,4.59,4.10,4.48,,5.29
2026-09-09 13:00:00,,Medio +,6.75,6.08,5.04,5.58,4.63,,4.89
2026-09-09 16:00:00,Full,4.78,Full,LLeno,6.26,5.75,6.03,,1.69
2026-09-09 19:00:00,Full,3.06,Full,LLeno,LLeno,Medio +,LLeno,,4.99
2026-09-09 22:00:00,Full,6.05,Full,5.99,5.97,Medio +,5.58,,7.00
2026-09-10 01:00:00,,6.04,Full,5.34,4.79,Medio +,Medio +,,Full
2026-09-10 04:00:00,,LLeno,7.00,Medio +,4.57,4.64,Medio +,,
2026-09-10 07:00:00,,5.95,Full,Medio +,4.24,2.60,Medio +,,
2026-09-10 10:00:00,,LLeno,6.98,4.07,4.74,5.15,5.80,,
2026-09-10 13:00:00,,5.96,Full,3.69,5.95,LLeno,,,
2026-09-10 16:00:00,,5.98,Full,6.03,LLeno,LLeno,6.19,,
2026-09-10 19:00:00,,5.39,Full,LLeno,5.98,5.44,LLeno,,
2026-09-10 22:00:00,,5.79,6.99,5.92,5.18,Medio +,5.99,,
2026-09-11 01:00:00,Full,6.07,Full,5.06,2.38,Medio +,5.02,,Full
2026-09-11 04:00:00,6.94,LLeno,Full,Medio +,3.71,Medio +,Medio +,,Full
2026-09-11 07:00:00,,5.97,6.88,Medio +,4.97,3.69,Medio +,,
2026-09-11 10:00:00,Full,5.03,6.95,4.72,3.53,2.30,4.80,,6.70
2026-09-11 13:00:00,Full,4.96,Full,3.14,2.86,6.13,5.10,,6.01
2026-09-11 16:00:00,6.00,Medio +,Full,6.07,6.10,LLeno,LLeno,,LLeno
2026-09-11 19:00:00,LLeno,Medio +,Full,LLeno,LLeno,LLeno,LLeno,,LLeno
2026-09-11 22:00:00,LLeno,4.38,Full,5.70,5.93,5.11,5.25,,5.05
2026-09-12 01:00:00,5.86,4.25,Full,5.08,4.10,Medio +,Medio +,,6.04
2026-09-12 04:00:00,5.12,6.01,Full,Medio +,3.34,Medio +,Medio +,,LLeno
2026-09-12 07:00:00,5.38,LLeno,Full,Medio +,4.56,Medio +,Medio +,,LLeno
2026-09-12 10:00:00,6.97,5.60,6.48,4.42,4.84,4.31,4.03,,5.05
2026-09-12 13:00:00,6.28,Medio +,Full,2.43,3.16,5.74,6.00,,Medio +
2026-09-12 16:00:00,5.98,Medio +,Full,4.90,6.00,LLeno,LLeno,,4.99
2026-09-12 19:00:00,5.98,5.06,7.00,LLeno,LLeno,LLeno,5.94,,4.96
2026-09-12 22:00:00,LLeno,6.99,Full,5.64,4.91,5.45,Medio +,,3.81
2026-09-13 01:00:00,LLeno,6.00,Full,5.36,4.73,Medio +,Medio +,,2.43
2026-09-13 04:00:00,5.51,6.00,7.00,5.00,4.14,Medio +,Medio +,,Medio +
2026-09-13 07:00:00,4.99,LLeno,6.96,Medio +,4.99,Medio +,3.91,,Medio +
2026-09-13 10:00:00,5.01,5.84,6.89,4.31,3.97,3.78,2.25,,4.96
2026-09-13 13:00:00,6.00,Medio +,Full,2.68,5.17,5.75,5.12,,Medio +
2026-09-13 16:00:00,LLeno,Medio +,Full,5.67,LLeno,LLeno,6.00,,4.65
2026-09-13 19:00:00,LLeno,5.15,Full,LLeno,LLeno,5.90,LLeno,,7.00
2026-09-13 22:00:00,5.12,6.05,6.99,LLeno,5.39,5.05,5.45,,
2026-09-14 01:00:00,Medio +,6.01,6.96,5.66,4.79,Medio +,Medio +,,
2026-09-14 04:00:00,Medio +,6.01,6.99,5.38,4.81,Medio +,Medio +,,
2026-09-14 07:00:00,4.57,LLeno,6.99,5.45,4.84,4.71,4.93,,
2026-09-14 10:00:00,3.16,5.70,6.93,Medio +,3.70,3.26,3.39,,

