"Time","I45 - %","I49 - %","I50 - %","I52 - %","I53 - %","I54 - %","I55 - %","I56 - %","I57 - %","I58 - %"
2026-06-16 10:00:00,71.9%,99.9%,72.9%,71.6%,71.5%,100%,72.0%,100%,73.7%,
2026-06-16 13:00:00,71.6%,84.2%,71.5%,71.6%,94.8%,100%,71.6%,100%,72.5%,
2026-06-16 16:00:00,71.5%,71.6%,71.5%,71.6%,100%,100%,71.6%,100%,71.6%,
2026-06-16 19:00:00,71.6%,71.6%,71.4%,71.5%,100%,100%,71.3%,100%,71.6%,
2026-06-16 22:00:00,52.4%,71.6%,60.7%,74.6%,99.7%,92.0%,80.8%,100%,79.1%,
2026-06-17 01:00:00,100%,98.8%,100%,100%,78.0%,71.8%,100%,80.6%,100%,
2026-06-17 04:00:00,100%,100%,100%,100%,71.6%,71.6%,100%,70.3%,100%,
2026-06-17 07:00:00,100%,100%,100%,100%,71.5%,71.6%,97.6%,64.1%,100%,
2026-06-17 10:00:00,80.0%,99.9%,100%,99.9%,65.2%,72.6%,72.8%,71.5%,99.8%,
2026-06-17 13:00:00,71.6%,75.0%,79.8%,73.8%,51.2%,100%,71.6%,100%,75.8%,
2026-06-17 16:00:00,71.6%,71.6%,71.6%,71.6%,100%,100%,71.5%,100%,71.6%,
2026-06-17 19:00:00,71.5%,71.6%,71.6%,91.2%,100%,100%,67.8%,100%,71.6%,
2026-06-17 22:00:00,54.9%,71.6%,71.6%,100%,100.0%,100%,92.3%,83.8%,73.0%,
2026-06-18 01:00:00,100%,81.8%,57.1%,100%,78.3%,73.7%,100%,60.4%,100%,
2026-06-18 04:00:00,100%,100%,100%,100%,71.6%,71.6%,100%,71.6%,100%,
2026-06-18 07:00:00,100%,100%,100%,100.0%,71.6%,71.6%,100%,65.6%,100%,
2026-06-18 10:00:00,99.7%,100%,100%,79.4%,71.6%,77.0%,80.7%,33.1%,99.8%,
2026-06-18 13:00:00,77.2%,95.5%,93.0%,71.6%,97.4%,100%,75.9%,31.1%,80.8%,
2026-06-18 16:00:00,71.6%,72.0%,71.6%,71.6%,100%,100%,,100%,71.6%,
2026-06-18 19:00:00,71.5%,71.6%,71.6%,71.6%,100%,100%,,100%,71.6%,
2026-06-18 22:00:00,74.8%,71.6%,71.5%,51.6%,98.8%,92.0%,100%,100%,73.6%,
2026-06-19 01:00:00,100%,74.6%,97.2%,99.9%,77.7%,72.1%,,98.2%,100%,
2026-06-19 04:00:00,100%,100%,100%,100%,71.6%,71.6%,,63.7%,100%,
2026-06-19 07:00:00,99.9%,100%,100%,100%,71.6%,71.6%,,39.2%,100%,
2026-06-19 10:00:00,81.6%,100%,100%,98.6%,70.6%,71.5%,,43.2%,99.9%,
2026-06-19 13:00:00,71.6%,84.2%,76.0%,77.1%,100%,93.4%,,36.1%,78.4%,
2026-06-19 16:00:00,71.6%,71.6%,71.6%,71.6%,100%,100%,100%,100%,72.5%,
2026-06-19 19:00:00,71.3%,71.6%,71.5%,71.5%,100%,100%,100%,100%,,
2026-06-19 22:00:00,83.0%,71.6%,71.6%,70.6%,99.8%,97.2%,100%,100%,100%,
2026-06-20 01:00:00,100%,88.4%,100%,77.5%,74.6%,72.9%,100%,100%,100%,
2026-06-20 04:00:00,100%,100%,100%,100%,71.6%,71.6%,100%,94.8%,100%,
2026-06-20 07:00:00,100%,100%,100%,100%,71.6%,71.6%,100%,50.6%,100%,
2026-06-20 10:00:00,83.9%,100.0%,100%,100%,71.6%,74.1%,100%,38.4%,100%,
2026-06-20 13:00:00,71.6%,87.9%,83.1%,97.2%,80.3%,100%,100%,37.8%,86.0%,
2026-06-20 16:00:00,71.5%,71.6%,71.6%,74.9%,100%,100%,91.5%,100%,71.7%,
2026-06-20 19:00:00,68.5%,81.9%,71.6%,71.6%,100%,100%,85.0%,100%,71.6%,
2026-06-20 22:00:00,50.4%,100%,71.6%,78.7%,100%,96.4%,100%,100%,71.5%,
2026-06-21 01:00:00,100%,100%,88.4%,100%,96.2%,72.4%,100%,100%,93.9%,
2026-06-21 04:00:00,100%,100%,100%,100%,72.4%,71.6%,100%,79.5%,100%,
2026-06-21 07:00:00,100%,91.3%,100%,100%,71.6%,71.5%,100.0%,43.4%,100%,
2026-06-21 10:00:00,100%,71.7%,100%,99.6%,71.6%,68.6%,90.6%,38.9%,100%,
2026-06-21 13:00:00,100%,71.6%,,,71.6%,100%,,100%,98.4%,
2026-06-21 16:00:00,85.0%,71.6%,,73.5%,98.4%,100%,72.3%,100%,76.8%,
2026-06-21 19:00:00,71.7%,62.3%,,71.6%,100%,100%,72.4%,100%,71.6%,
2026-06-21 22:00:00,71.2%,30.9%,100%,71.6%,100%,100%,100%,100%,73.7%,
2026-06-22 01:00:00,97.7%,37.4%,100%,96.1%,100%,100%,100%,100.0%,100%,
2026-06-22 04:00:00,100%,100%,100%,100%,100%,77.6%,100%,76.7%,100%,
2026-06-22 07:00:00,100%,100%,100%,100%,92.3%,71.6%,99.6%,45.2%,100%,
2026-06-22 10:00:00,100%,100%,100%,98.4%,85.5%,73.6%,75.4%,35.9%,100%,
2026-06-22 13:00:00,100%,99.5%,94.1%,77.7%,100%,100%,71.6%,60.1%,83.6%,
2026-06-22 16:00:00,86.2%,72.3%,71.6%,71.6%,100%,100%,71.4%,100%,71.6%,
2026-06-22 19:00:00,71.6%,71.6%,83.9%,85.1%,100%,100%,51.9%,100%,71.6%,
2026-06-22 22:00:00,73.2%,71.6%,100%,100%,99.9%,100%,81.4%,100%,71.1%,
2026-06-23 01:00:00,100%,80.1%,100%,100%,76.4%,99.8%,100%,72.1%,83.2%,
2026-06-23 04:00:00,100%,100%,100%,100%,71.6%,78.8%,100%,45.5%,100%,
2026-06-23 07:00:00,100%,100%,80.6%,91.9%,71.6%,71.6%,95.6%,38.6%,100%,
2026-06-23 10:00:00,100%,100%,71.6%,71.6%,71.5%,71.6%,71.8%,45.9%,99.9%,
2026-06-23 13:00:00,100.0%,99.9%,71.6%,71.6%,88.7%,93.7%,71.6%,100%,85.7%,
2026-06-23 16:00:00,90.1%,80.5%,70.7%,71.5%,100%,100%,71.6%,100%,71.7%,
2026-06-23 19:00:00,71.5%,71.6%,32.8%,37.7%,100%,100%,48.9%,100%,71.5%,
2026-06-23 22:00:00,80.7%,71.6%,35.7%,39.7%,97.2%,100%,80.3%,100%,72.4%,
2026-06-24 01:00:00,100%,72.4%,100%,100%,72.6%,99.0%,100%,72.9%,100%,
2026-06-24 04:00:00,100%,100%,100%,100%,71.6%,72.9%,100%,41.2%,100%,
2026-06-24 07:00:00,100%,100%,100%,100%,71.6%,71.6%,100.0%,39.6%,100%,
2026-06-24 10:00:00,99.5%,100%,94.3%,98.8%,62.9%,76.4%,80.8%,38.1%,99.0%,
2026-06-24 13:00:00,79.6%,96.0%,72.0%,73.4%,29.7%,100%,71.6%,94.0%,76.5%,
2026-06-24 16:00:00,63.8%,72.1%,71.6%,71.6%,24.3%,100%,71.6%,100%,71.6%,
2026-06-24 19:00:00,71.5%,71.6%,71.6%,71.5%,57.5%,100%,64.4%,100%,71.6%,
2026-06-24 22:00:00,70.9%,71.6%,68.2%,57.6%,95.9%,98.6%,91.8%,99.7%,78.7%,
2026-06-25 01:00:00,90.7%,83.8%,100%,100%,72.2%,72.5%,100%,64.2%,100%,
2026-06-25 04:00:00,100%,100%,100%,100%,71.6%,71.6%,100%,46.2%,100%,
2026-06-25 07:00:00,100%,100%,100%,100%,71.6%,71.6%,96.8%,39.3%,100%,
2026-06-25 10:00:00,99.1%,100%,100%,100%,58.5%,71.2%,74.3%,38.4%,99.9%,
2026-06-25 13:00:00,73.1%,90.3%,100%,86.8%,44.8%,77.2%,71.6%,34.7%,81.3%,
2026-06-25 16:00:00,71.2%,72.2%,100%,71.6%,100%,100%,71.4%,95.5%,71.6%,
2026-06-25 19:00:00,71.1%,71.6%,90.4%,71.6%,100%,100%,69.0%,100%,71.6%,
2026-06-25 22:00:00,70.6%,71.5%,72.9%,78.8%,100%,100%,97.6%,100%,68.8%,
2026-06-26 01:00:00,100%,76.2%,100%,100%,98.9%,88.9%,100%,96.7%,85.3%,
2026-06-26 04:00:00,100%,100%,100%,100%,83.2%,71.6%,100%,65.1%,100%,
2026-06-26 07:00:00,100%,97.1%,100%,100%,71.8%,71.6%,99.6%,39.2%,100%,
2026-06-26 10:00:00,93.5%,,100%,85.6%,74.8%,72.3%,78.3%,47.8%,99.8%,
2026-06-26 13:00:00,70.6%,,95.3%,71.7%,100%,100%,71.6%,100%,80.5%,
2026-06-26 16:00:00,69.7%,71.6%,72.7%,71.6%,100%,100%,71.5%,100%,71.6%,
2026-06-26 19:00:00,70.9%,71.6%,71.6%,71.6%,100.0%,100%,70.3%,100%,71.6%,
2026-06-26 22:00:00,55.6%,71.6%,73.3%,74.2%,92.9%,100%,74.4%,99.9%,71.4%,
2026-06-27 01:00:00,100%,72.6%,100%,100%,72.0%,94.6%,100%,80.1%,87.5%,
2026-06-27 04:00:00,100%,100%,100%,100%,71.6%,73.5%,100%,39.8%,100%,
2026-06-27 07:00:00,100.0%,100%,100%,100%,71.6%,71.6%,100%,39.5%,100%,
2026-06-27 10:00:00,86.6%,100%,100%,96.3%,71.5%,72.0%,97.0%,38.3%,100%,
2026-06-27 13:00:00,71.6%,98.6%,94.6%,79.4%,99.7%,100%,74.0%,30.6%,97.8%,
2026-06-27 16:00:00,71.6%,78.7%,71.6%,,100%,100%,71.6%,88.7%,74.0%,
2026-06-27 19:00:00,70.2%,,71.6%,,100%,100%,71.5%,100%,71.6%,
2026-06-27 22:00:00,41.0%,100%,71.4%,75.2%,81.1%,96.3%,94.1%,100%,72.6%,
2026-06-28 01:00:00,100%,100%,99.7%,,71.6%,72.2%,100%,99.1%,100%,
2026-06-28 04:00:00,100%,100%,100%,,71.6%,71.6%,100%,64.7%,100%,
2026-06-28 07:00:00,99.9%,100%,100%,,69.6%,71.3%,99.9%,41.0%,100%,
2026-06-28 10:00:00,73.1%,97.5%,99.2%,,36.6%,99.0%,84.4%,46.9%,100.0%,
2026-06-28 13:00:00,71.4%,72.2%,76.8%,,100%,100%,71.6%,100%,82.5%,
2026-06-28 16:00:00,71.3%,71.6%,71.6%,,100%,100%,71.6%,100%,71.6%,
2026-06-28 19:00:00,80.7%,71.6%,71.6%,,100.0%,97.4%,71.3%,100%,71.6%,
2026-06-28 22:00:00,100%,72.8%,62.4%,,84.8%,72.8%,99.2%,85.0%,71.5%,
2026-06-29 01:00:00,100%,100%,94.0%,100%,71.6%,71.6%,100%,58.8%,99.0%,
2026-06-29 04:00:00,100%,100%,100%,100%,71.6%,71.5%,100%,38.8%,100%,
2026-06-29 07:00:00,100%,100%,100%,100%,62.3%,62.6%,97.7%,38.8%,100%,
2026-06-29 10:00:00,95.3%,98.5%,99.7%,100%,29.4%,34.0%,71.9%,43.2%,100%,
2026-06-29 13:00:00,71.7%,75.6%,81.6%,77.9%,87.1%,100%,71.6%,100%,89.7%,
2026-06-29 16:00:00,71.3%,71.6%,71.6%,71.6%,100%,100%,71.5%,100%,71.8%,
2026-06-29 19:00:00,71.2%,74.1%,71.6%,71.6%,100%,100%,55.5%,100%,71.6%,
2026-06-29 22:00:00,66.2%,100%,71.6%,85.7%,100%,100%,64.6%,68.7%,73.4%,
2026-06-30 01:00:00,100%,100%,98.8%,100%,100%,100%,100%,39.0%,100%,
2026-06-30 04:00:00,100%,100%,100%,100%,99.6%,,100%,38.9%,100%,
2026-06-30 07:00:00,100%,99.9%,100%,100%,80.6%,100%,100%,52.2%,100%,
2026-06-30 10:00:00,86.6%,80.0%,96.2%,86.9%,100%,100%,83.6%,31.4%,100%,
2026-06-30 13:00:00,71.2%,72.0%,73.0%,71.6%,100%,,71.8%,40.4%,83.4%,
2026-06-30 16:00:00,71.6%,71.6%,71.6%,71.6%,100%,,71.5%,100%,71.6%,
2026-06-30 19:00:00,71.7%,71.6%,71.6%,71.4%,100%,,69.7%,100%,71.6%,
2026-06-30 22:00:00,100%,65.6%,68.5%,56.8%,98.7%,,93.9%,100%,71.6%,
2026-07-01 01:00:00,100%,48.2%,93.6%,100%,74.9%,100%,100%,100%,83.5%,
2026-07-01 04:00:00,100%,100%,100%,100%,71.6%,100%,100%,87.8%,100%,
2026-07-01 07:00:00,100%,100%,100%,100%,71.6%,100%,99.2%,42.2%,100%,
2026-07-01 10:00:00,94.8%,100%,100%,93.2%,71.6%,100%,73.7%,41.7%,100%,
2026-07-01 13:00:00,71.2%,,76.3%,72.6%,92.9%,100%,71.6%,68.0%,91.7%,
2026-07-01 16:00:00,70.1%,100%,71.6%,71.6%,100%,100%,71.6%,98.5%,71.7%,
2026-07-01 19:00:00,65.2%,,94.8%,71.5%,100%,100%,69.6%,100%,71.6%,
2026-07-01 22:00:00,57.2%,,100%,66.1%,96.4%,100%,94.7%,100%,76.6%,
2026-07-02 01:00:00,99.9%,,100%,100%,74.0%,91.4%,100%,100%,100%,
2026-07-02 04:00:00,100%,,100%,100%,71.6%,72.1%,100%,88.9%,100%,
2026-07-02 07:00:00,100%,,91.3%,100%,71.6%,71.6%,92.3%,45.9%,100%,
2026-07-02 10:00:00,98.1%,100%,71.8%,90.8%,58.7%,84.1%,71.6%,39.4%,99.9%,
2026-07-02 13:00:00,71.8%,100%,71.6%,71.6%,94.9%,100%,71.6%,39.0%,89.0%,71.6%
2026-07-02 16:00:00,71.6%,100%,71.6%,71.6%,100%,100%,71.5%,,71.6%,71.6%
2026-07-02 19:00:00,71.5%,100%,71.5%,71.5%,100%,100%,57.0%,,,71.6%
2026-07-02 22:00:00,81.2%,100%,46.1%,65.2%,93.6%,100%,87.6%,,100%,71.6%
2026-07-03 01:00:00,100%,100%,100%,100%,72.8%,88.5%,100%,,100%,
2026-07-03 04:00:00,,100%,100%,100%,71.6%,71.8%,100%,,100%,
2026-07-03 07:00:00,,100%,100%,100%,71.6%,71.6%,92.9%,,100.0%,71.5%
2026-07-03 10:00:00,100%,100%,83.9%,90.0%,70.1%,73.0%,71.7%,,88.8%,71.6%
2026-07-03 13:00:00,100%,76.8%,71.6%,71.8%,42.9%,100%,71.6%,100%,71.9%,71.3%
2026-07-03 16:00:00,100%,71.6%,71.6%,71.6%,100%,100%,71.5%,100%,71.6%,71.3%
2026-07-03 19:00:00,100%,71.6%,71.6%,71.6%,100%,100%,61.9%,100%,71.3%,71.5%
2026-07-03 22:00:00,100%,71.5%,56.6%,65.7%,100%,97.3%,32.8%,100%,84.3%,61.8%
2026-07-04 01:00:00,100%,63.3%,100%,100%,100%,73.2%,100%,99.8%,100%,41.5%
2026-07-04 04:00:00,100%,100%,100%,100%,,71.6%,100%,78.1%,100%,36.0%
2026-07-04 07:00:00,100.0%,100%,100%,100%,,71.6%,100%,71.6%,100%,46.9%
2026-07-04 10:00:00,82.1%,,98.9%,100%,100%,74.1%,99.9%,71.5%,100%,100%
2026-07-04 13:00:00,,,74.5%,89.5%,,100%,75.0%,70.5%,,100%
2026-07-04 16:00:00,71.7%,,71.5%,71.8%,,100%,71.7%,75.4%,99.4%,100%
2026-07-04 19:00:00,71.6%,,71.5%,71.6%,,100%,71.6%,100%,80.9%,100%
2026-07-04 22:00:00,71.6%,,57.7%,72.3%,,100%,92.2%,100%,75.6%,100%
2026-07-05 01:00:00,94.4%,,100%,100%,,81.5%,100%,100%,100%,100.0%
2026-07-05 04:00:00,100%,100%,,100%,100%,71.6%,100%,90.2%,100%,81.6%
2026-07-05 07:00:00,100%,100%,100%,98.6%,,71.6%,99.9%,71.6%,100%,71.5%
2026-07-05 10:00:00,100%,100%,,81.7%,100%,82.8%,82.5%,71.6%,100%,71.6%
2026-07-05 13:00:00,83.4%,93.3%,,71.7%,100%,100%,71.6%,98.3%,96.0%,69.8%
2026-07-05 16:00:00,71.6%,72.6%,,71.6%,100%,100%,71.6%,100%,73.2%,37.1%
2026-07-05 19:00:00,75.9%,71.6%,100%,71.6%,100%,100.0%,71.5%,100%,71.6%,65.2%
2026-07-05 22:00:00,100%,71.6%,100%,52.8%,100%,85.1%,94.5%,99.6%,71.6%,100%
2026-07-06 01:00:00,100%,96.6%,100%,100%,91.1%,71.6%,100%,80.1%,71.5%,100%
2026-07-06 04:00:00,100%,100%,100%,100%,71.6%,71.7%,100%,71.6%,,100%
2026-07-06 07:00:00,99.8%,100%,100%,100%,71.6%,71.5%,99.3%,71.6%,76.8%,100%
2026-07-06 10:00:00,86.2%,96.7%,100%,93.4%,71.6%,81.2%,75.2%,71.8%,,94.6%
2026-07-06 13:00:00,71.5%,75.2%,93.7%,71.7%,100%,100%,71.6%,100%,,100%
2026-07-06 16:00:00,71.6%,71.6%,71.7%,71.6%,100%,100%,71.5%,100%,,100%
2026-07-06 19:00:00,71.5%,71.6%,71.6%,71.4%,100%,100%,58.8%,100%,,100.0%
2026-07-06 22:00:00,49.9%,58.7%,71.4%,62.9%,100%,100.0%,82.4%,99.6%,100%,84.5%
2026-07-07 01:00:00,100%,73.3%,99.0%,100%,85.2%,86.4%,100%,80.5%,100%,71.1%
2026-07-07 04:00:00,100%,100%,100%,100%,71.6%,71.9%,100%,71.6%,100%,71.2%
2026-07-07 07:00:00,100%,100%,100%,100%,71.6%,72.1%,95.8%,72.1%,100%,71.6%
2026-07-07 10:00:00,96.3%,100%,99.3%,100.0%,71.8%,100%,72.9%,100%,100%,70.4%
2026-07-07 13:00:00,71.6%,100%,74.3%,96.6%,100%,100%,71.5%,100%,100%,78.6%
2026-07-07 16:00:00,71.6%,100%,71.6%,87.1%,,100%,71.6%,100%,100%,100%
2026-07-07 19:00:00,71.6%,75.2%,71.6%,71.6%,100%,100%,71.5%,100%,100.0%,100%
2026-07-07 22:00:00,80.2%,71.6%,71.6%,74.9%,100%,100.0%,79.2%,89.3%,89.5%,100%
2026-07-08 01:00:00,100%,73.9%,71.6%,100%,99.0%,95.0%,100%,71.6%,100%,100%
2026-07-08 04:00:00,100%,100%,100%,100%,74.8%,72.0%,100%,71.5%,100%,86.6%
2026-07-08 07:00:00,99.9%,100%,100%,100%,71.6%,85.2%,99.9%,71.4%,100%,71.6%
2026-07-08 10:00:00,84.3%,100%,100%,100%,71.5%,100%,75.9%,52.9%,100%,71.6%
2026-07-08 13:00:00,71.6%,100%,100%,99.4%,96.9%,100%,71.6%,57.9%,87.7%,98.7%
2026-07-08 16:00:00,71.6%,100.0%,100%,72.8%,100%,100%,71.6%,100%,71.8%,100%
2026-07-08 19:00:00,71.6%,76.1%,100%,71.6%,100%,100%,64.0%,100%,71.6%,100%
2026-07-08 22:00:00,72.4%,71.6%,96.0%,78.2%,95.4%,96.0%,71.9%,91.3%,71.7%,100%
2026-07-09 01:00:00,100%,71.6%,95.0%,100%,72.4%,73.2%,100%,71.7%,100%,82.9%
2026-07-09 04:00:00,100%,100%,100%,100%,71.6%,71.6%,100%,71.6%,100%,71.6%
2026-07-09 07:00:00,100%,100%,100%,100%,71.6%,71.5%,100%,71.4%,100%,71.5%
2026-07-09 10:00:00,84.6%,100%,99.6%,100%,90.2%,78.8%,94.1%,51.3%,98.4%,86.0%
2026-07-09 13:00:00,71.6%,99.9%,77.3%,95.1%,100%,100%,72.1%,28.4%,74.2%,100%
2026-07-09 16:00:00,71.5%,78.9%,71.5%,72.0%,100%,100%,71.6%,100%,71.6%,100%
2026-07-09 19:00:00,71.2%,71.6%,71.4%,71.6%,92.4%,100%,71.4%,100%,71.5%,100%
2026-07-09 22:00:00,67.1%,71.6%,67.7%,72.9%,73.4%,100%,95.2%,100%,75.6%,88.2%
2026-07-10 01:00:00,100%,78.6%,100%,100%,71.5%,94.0%,100%,90.2%,100%,71.6%
2026-07-10 04:00:00,100%,100%,100%,100%,71.5%,72.8%,100%,71.6%,100%,71.6%
2026-07-10 07:00:00,99.8%,100%,100%,100%,55.7%,71.6%,98.2%,71.4%,100%,71.5%
2026-07-10 10:00:00,81.0%,100.0%,81.7%,85.3%,56.3%,71.6%,72.2%,71.5%,100%,54.9%
2026-07-10 13:00:00,71.5%,87.4%,71.6%,71.6%,100%,74.8%,71.6%,62.9%,81.3%,100%
2026-07-10 16:00:00,71.6%,74.2%,71.6%,71.6%,100%,100%,71.6%,100%,71.6%,100%
2026-07-10 19:00:00,71.6%,100%,70.6%,71.6%,96.1%,100%,71.5%,100%,71.6%,100%
2026-07-10 22:00:00,86.7%,100%,40.5%,41.2%,72.4%,100%,66.9%,100%,72.9%,96.5%
2026-07-11 01:00:00,100%,100%,100%,100%,71.6%,100.0%,100%,100%,100%,74.6%
2026-07-11 04:00:00,100%,99.9%,100%,100%,71.5%,79.6%,100%,100%,100%,71.6%
2026-07-11 07:00:00,100%,83.2%,100%,100%,62.5%,71.6%,100%,85.6%,100%,71.6%
2026-07-11 10:00:00,99.6%,71.6%,100%,100%,29.9%,92.0%,88.0%,74.9%,100%,71.4%
2026-07-11 13:00:00,89.6%,71.5%,100%,90.5%,49.1%,100%,71.6%,100%,84.8%,73.2%
2026-07-11 16:00:00,71.6%,71.6%,98.6%,71.6%,100%,100%,71.6%,100%,71.6%,100%
2026-07-11 19:00:00,,61.5%,81.1%,71.6%,100%,100%,71.4%,100%,100%,100%
2026-07-11 22:00:00,73.6%,31.3%,100%,73.9%,99.0%,100%,63.8%,92.1%,100%,100%
2026-07-12 01:00:00,,75.2%,100%,100%,80.6%,98.9%,100%,71.8%,100%,100%
2026-07-12 04:00:00,,100%,100%,100%,71.6%,73.6%,100%,71.6%,100%,100%
2026-07-12 07:00:00,,100%,100%,100%,72.0%,71.6%,100.0%,71.6%,98.3%,76.2%
2026-07-12 10:00:00,,100%,100%,94.9%,100%,80.7%,85.6%,71.5%,74.4%,71.3%
2026-07-12 13:00:00,,94.1%,100%,72.1%,100%,100%,71.6%,88.7%,71.6%,100%
2026-07-12 16:00:00,,71.6%,98.7%,71.6%,100%,100%,71.4%,100%,71.5%,100%
2026-07-12 19:00:00,,81.4%,73.7%,71.6%,88.5%,100%,67.3%,100%,70.2%,100%
2026-07-12 22:00:00,,100%,74.9%,53.0%,71.7%,99.4%,35.5%,97.6%,36.2%,95.5%
2026-07-13 01:00:00,,100%,100%,80.9%,71.6%,83.5%,100%,70.6%,90.2%,71.4%
2026-07-13 04:00:00,100%,100%,100%,100%,71.6%,72.0%,100%,70.8%,100%,71.6%
2026-07-13 07:00:00,100%,88.0%,100%,100%,52.2%,71.6%,100%,71.4%,100%,71.6%
2026-07-13 10:00:00,100%,71.6%,85.1%,100%,82.9%,73.4%,100%,72.7%,98.6%,53.9%
2026-07-13 13:00:00,100%,71.6%,71.6%,84.0%,100%,100%,89.7%,100%,79.7%,76.3%
2026-07-13 16:00:00,100%,71.5%,71.6%,71.6%,100%,100%,72.1%,100%,71.6%,100%
2026-07-13 19:00:00,99.8%,46.9%,71.5%,72.4%,100.0%,100%,71.6%,100%,71.5%,100%
2026-07-13 22:00:00,82.0%,32.5%,63.1%,100%,78.9%,97.9%,71.2%,100%,68.3%,99.7%
2026-07-14 01:00:00,100%,100%,100%,100%,71.6%,75.4%,88.5%,92.3%,87.7%,74.3%
2026-07-14 04:00:00,100%,100%,100%,100%,71.6%,71.6%,100%,71.7%,100%,71.6%
2026-07-14 07:00:00,100%,99.3%,100%,100%,71.2%,71.6%,100%,71.6%,100%,71.6%
2026-07-14 10:00:00,98.2%,78.1%,91.5%,100%,35.0%,73.5%,99.9%,71.5%,100%,76.3%
2026-07-14 13:00:00,77.5%,71.6%,71.6%,78.2%,39.9%,100%,80.9%,45.4%,94.3%,100%
2026-07-14 16:00:00,71.6%,71.6%,71.5%,71.6%,100%,100%,73.4%,85.0%,71.8%,100%
2026-07-14 19:00:00,71.6%,69.6%,71.1%,71.6%,100%,100%,71.6%,100%,71.6%,100%
2026-07-14 22:00:00,64.1%,32.9%,34.4%,79.7%,100%,100%,92.6%,100%,74.2%,88.2%
2026-07-15 01:00:00,98.0%,81.8%,72.0%,100%,100.0%,100%,100%,99.8%,100%,71.6%
2026-07-15 04:00:00,100%,100%,100%,100%,89.8%,86.6%,100%,76.6%,100%,71.6%
2026-07-15 07:00:00,100%,100%,100%,100%,73.8%,71.6%,100%,71.6%,100%,71.4%
2026-07-15 10:00:00,99.8%,93.6%,100%,87.0%,72.4%,74.7%,96.3%,71.5%,100%,66.1%
2026-07-15 13:00:00,73.3%,72.1%,84.3%,71.8%,100%,100%,72.2%,79.5%,89.4%,100%
2026-07-15 16:00:00,71.6%,71.6%,71.6%,71.6%,100%,100%,71.6%,100%,71.7%,100%
2026-07-15 19:00:00,71.6%,71.6%,71.5%,71.5%,100%,100%,71.5%,100%,71.6%,100%
2026-07-15 22:00:00,56.9%,74.4%,71.3%,73.8%,100%,100%,55.9%,100%,71.5%,88.4%
2026-07-16 01:00:00,100%,100%,95.8%,100%,100%,100%,100%,85.4%,89.6%,72.4%
2026-07-16 04:00:00,100%,100%,100%,100%,98.9%,89.6%,100%,71.6%,100%,71.6%
2026-07-16 07:00:00,100%,100%,100%,100%,81.7%,75.8%,100%,71.4%,100%,71.6%
2026-07-16 10:00:00,99.8%,98.3%,90.0%,96.0%,72.6%,95.8%,90.3%,71.5%,100%,82.9%
2026-07-16 13:00:00,78.7%,73.6%,71.7%,72.4%,100%,100%,71.6%,47.5%,98.5%,100%
2026-07-16 16:00:00,71.5%,71.6%,71.5%,71.6%,100%,100%,71.6%,93.6%,74.2%,100%
2026-07-16 19:00:00,71.6%,71.6%,71.3%,71.6%,100%,99.1%,71.5%,100%,71.6%,100%
2026-07-16 22:00:00,68.3%,69.1%,41.2%,59.8%,99.9%,76.6%,51.4%,100%,71.5%,100.0%
2026-07-17 01:00:00,100%,35.2%,90.7%,100%,85.4%,71.6%,100%,100%,95.7%,80.1%
2026-07-17 04:00:00,100%,100%,,100%,72.4%,71.6%,100%,93.7%,100%,71.6%
2026-07-17 07:00:00,100%,100%,,100%,72.5%,67.8%,100%,72.5%,100%,71.6%
2026-07-17 10:00:00,90.1%,100.0%,,98.4%,100%,33.0%,96.0%,71.5%,100%,85.9%
2026-07-17 13:00:00,71.6%,82.2%,,73.3%,100%,68.2%,71.9%,86.4%,85.3%,100%
2026-07-17 16:00:00,71.6%,71.6%,100%,71.6%,100%,100%,71.6%,100%,71.6%,100%
2026-07-17 19:00:00,71.6%,71.6%,100%,71.6%,100%,100%,71.5%,100%,71.6%,100%
2026-07-17 22:00:00,70.7%,67.3%,100%,48.3%,89.5%,100%,46.9%,100%,71.5%,84.5%
2026-07-18 01:00:00,100%,50.8%,100%,96.8%,71.7%,98.4%,34.3%,95.1%,100%,71.6%
2026-07-18 04:00:00,100%,100%,100%,100%,71.6%,74.6%,,71.7%,100%,71.6%
2026-07-18 07:00:00,100%,100%,100%,100%,71.6%,77.4%,,71.5%,100%,71.6%
2026-07-18 10:00:00,86.4%,100%,98.1%,96.1%,92.4%,100%,100%,71.5%,100%,68.6%
2026-07-18 13:00:00,71.6%,85.8%,73.0%,71.9%,100%,100%,,59.4%,89.3%,100%
2026-07-18 16:00:00,71.6%,71.8%,71.6%,71.6%,100%,100.0%,,100%,71.7%,100%
2026-07-18 19:00:00,85.2%,71.6%,71.5%,71.5%,100%,85.4%,,100%,71.6%,100%
2026-07-18 22:00:00,100%,71.5%,69.5%,65.8%,86.0%,71.8%,,100%,74.6%,98.5%
2026-07-19 01:00:00,100%,60.0%,,100%,71.6%,71.6%,100%,92.1%,100%,72.6%
2026-07-19 04:00:00,100%,100%,100%,100%,71.6%,71.6%,100%,70.6%,100%,71.6%
2026-07-19 07:00:00,89.2%,100%,100%,100%,71.6%,63.2%,100%,70.5%,100%,71.5%
2026-07-19 10:00:00,71.6%,100%,100%,90.6%,54.6%,32.4%,100%,71.2%,92.3%,75.8%
2026-07-19 13:00:00,71.6%,99.8%,100%,72.4%,100%,100%,88.9%,71.6%,72.0%,100%
2026-07-19 16:00:00,71.6%,79.9%,99.5%,71.6%,100%,100%,71.6%,100%,71.5%,100%
2026-07-19 19:00:00,70.3%,71.6%,72.6%,71.4%,100%,100%,71.6%,100%,71.5%,100%
2026-07-19 22:00:00,73.5%,71.6%,71.6%,49.4%,99.3%,86.6%,88.5%,100%,79.2%,78.8%
2026-07-20 01:00:00,100%,78.3%,95.7%,100%,73.4%,71.6%,100%,86.2%,100%,71.6%
2026-07-20 04:00:00,100%,100%,100%,100%,71.6%,71.5%,100%,,100%,71.5%
2026-07-20 07:00:00,99.9%,100%,100%,100%,71.6%,71.4%,100%,100%,100%,71.4%
2026-07-20 10:00:00,82.6%,100%,100%,84.4%,73.3%,79.3%,92.0%,100%,100.0%,49.9%
2026-07-20 13:00:00,71.6%,94.6%,85.0%,71.8%,100%,100%,71.8%,100%,81.0%,100%
2026-07-20 16:00:00,71.6%,72.5%,73.5%,71.8%,100%,100%,71.6%,100%,71.7%,100%
2026-07-20 19:00:00,71.5%,71.6%,76.1%,72.5%,100%,100%,91.0%,86.2%,71.6%,99.9%
2026-07-20 22:00:00,77.1%,71.6%,100%,77.2%,100%,100%,100%,72.0%,75.3%,86.3%
2026-07-21 01:00:00,100%,76.3%,100%,100%,97.7%,91.2%,100%,71.6%,100%,71.7%
2026-07-21 04:00:00,100%,100%,100%,100%,72.6%,71.7%,100%,71.5%,100%,71.6%
2026-07-21 07:00:00,100%,100%,100%,100%,71.6%,71.6%,100%,47.4%,100%,71.6%
2026-07-21 10:00:00,96.0%,100%,83.3%,99.6%,88.2%,72.3%,94.6%,28.2%,95.4%,73.4%
2026-07-21 13:00:00,72.0%,86.9%,71.6%,73.8%,100%,100%,74.4%,34.5%,72.2%,100%
2026-07-21 16:00:00,71.6%,76.3%,71.6%,71.6%,100%,100%,71.6%,100%,71.6%,100%
2026-07-21 19:00:00,71.5%,71.6%,71.5%,71.6%,100%,100%,71.5%,100%,71.5%,100%
2026-07-21 22:00:00,89.5%,92.4%,66.4%,,100%,100%,83.8%,100%,70.9%,97.5%
2026-07-22 01:00:00,100%,100%,100%,100%,98.4%,87.0%,100%,100%,56.9%,73.9%
2026-07-22 04:00:00,100%,100%,100%,100%,72.3%,71.6%,100%,91.7%,100%,71.6%
2026-07-22 07:00:00,100%,100%,100%,100.0%,71.6%,71.6%,98.8%,70.6%,100%,71.6%
2026-07-22 10:00:00,97.8%,88.6%,90.6%,90.3%,71.6%,71.4%,75.0%,71.2%,100%,73.5%
2026-07-22 13:00:00,72.2%,71.8%,71.6%,71.6%,86.2%,100%,71.6%,91.0%,87.7%,100%
2026-07-22 16:00:00,71.6%,71.6%,71.6%,71.6%,100%,100%,71.6%,100%,72.4%,100%
2026-07-22 19:00:00,71.5%,71.6%,71.4%,67.1%,100%,100%,78.2%,100%,71.6%,100%
2026-07-22 22:00:00,70.0%,64.0%,43.7%,43.6%,100%,100%,100%,100.0%,77.4%,100%
2026-07-23 01:00:00,100%,59.2%,100%,100%,99.9%,96.5%,100%,78.4%,100%,82.0%
2026-07-23 04:00:00,100%,100%,100%,100%,78.0%,72.2%,100%,71.5%,100%,71.6%
2026-07-23 07:00:00,100.0%,100%,100%,100%,71.6%,71.6%,87.5%,71.5%,100%,71.6%
2026-07-23 10:00:00,92.8%,99.1%,99.7%,99.9%,74.8%,77.7%,71.6%,68.9%,98.7%,74.7%
2026-07-23 13:00:00,72.5%,83.6%,74.8%,99.4%,100%,100%,71.6%,40.4%,75.7%,100%
2026-07-23 16:00:00,71.6%,71.6%,71.6%,,100%,100%,71.4%,100%,71.6%,100%
2026-07-23 19:00:00,73.8%,71.6%,71.6%,73.7%,100%,100%,69.0%,100%,71.6%,100.0%
2026-07-23 22:00:00,100%,69.5%,91.5%,74.1%,83.3%,100%,35.3%,100%,69.9%,81.1%
2026-07-24 01:00:00,100%,47.2%,100%,100%,71.6%,88.3%,44.9%,95.3%,93.0%,71.6%
2026-07-24 04:00:00,100%,100%,100%,100%,71.6%,71.6%,100%,71.9%,100%,71.6%
2026-07-24 07:00:00,100%,100%,100%,100%,71.3%,71.6%,100%,70.0%,100%,71.5%
2026-07-24 10:00:00,94.8%,100%,94.9%,100%,38.5%,72.5%,100%,71.2%,100%,56.3%
2026-07-24 13:00:00,81.9%,94.5%,72.8%,100%,81.7%,100%,78.3%,80.7%,82.4%,100%
2026-07-24 16:00:00,71.2%,74.6%,71.6%,82.6%,100%,100%,71.6%,100%,71.6%,
2026-07-24 19:00:00,71.0%,71.6%,71.6%,71.6%,100%,100%,71.6%,100%,,
2026-07-24 22:00:00,72.4%,71.6%,72.8%,72.5%,100%,96.5%,85.1%,100%,71.6%,
2026-07-25 01:00:00,100%,85.8%,100%,100%,99.8%,75.4%,100%,93.3%,100%,99.9%
2026-07-25 04:00:00,100%,100%,100%,,89.4%,71.6%,100%,71.5%,100%,84.9%
2026-07-25 07:00:00,100%,100%,100%,100%,72.8%,71.6%,98.9%,69.2%,100%,78.2%
2026-07-25 10:00:00,100%,100.0%,92.8%,,72.5%,72.6%,78.3%,71.4%,100%,100%
2026-07-25 13:00:00,98.0%,73.2%,71.6%,,100%,100%,71.6%,69.9%,83.1%,100%
2026-07-25 16:00:00,74.2%,71.6%,71.6%,100%,100%,100%,71.5%,100%,71.6%,100%
2026-07-25 19:00:00,68.2%,71.6%,71.5%,,100%,100%,66.5%,100%,71.6%,100%
2026-07-25 22:00:00,70.7%,63.6%,43.9%,100%,98.2%,91.3%,41.5%,100%,73.4%,89.6%
2026-07-26 01:00:00,100%,42.8%,99.7%,100%,77.6%,73.1%,100%,99.9%,100%,71.6%
2026-07-26 04:00:00,100%,100%,100%,100%,71.6%,,100%,80.0%,100%,71.6%
2026-07-26 07:00:00,100%,100%,100%,100%,71.6%,,100%,71.5%,100%,71.5%
2026-07-26 10:00:00,95.5%,100%,96.5%,99.0%,71.7%,100%,77.7%,71.4%,100%,57.8%
2026-07-26 13:00:00,70.5%,80.4%,71.8%,,100%,,71.6%,55.4%,89.3%,100%
2026-07-26 16:00:00,70.4%,71.6%,71.6%,,100%,,71.6%,100%,71.7%,100%
2026-07-26 19:00:00,71.1%,71.6%,71.3%,,100.0%,,71.4%,100%,71.6%,100%
2026-07-26 22:00:00,59.2%,66.8%,47.7%,,96.4%,,99.0%,100%,71.6%,90.5%
2026-07-27 01:00:00,89.2%,52.7%,54.1%,71.4%,73.6%,,100%,100%,71.6%,71.6%
2026-07-27 04:00:00,100%,71.3%,100%,71.2%,71.6%,100%,100%,88.9%,98.4%,71.6%
2026-07-27 07:00:00,100%,100%,100%,42.1%,71.6%,,100.0%,72.1%,100%,71.6%
2026-07-27 10:00:00,100.0%,100%,100%,26.1%,72.4%,100%,74.8%,100%,100%,73.1%
2026-07-27 13:00:00,74.9%,91.5%,99.9%,61.2%,100%,100%,71.6%,100%,100%,100%
2026-07-27 16:00:00,69.6%,71.6%,100%,93.6%,100%,83.1%,71.6%,100%,99.7%,100%
2026-07-27 19:00:00,69.5%,71.6%,100%,72.3%,100%,71.6%,71.2%,100%,72.3%,100%
2026-07-27 22:00:00,100%,72.5%,100%,76.0%,96.1%,71.5%,92.0%,79.6%,71.6%,99.7%
2026-07-28 01:00:00,100%,100%,100%,100%,73.3%,69.7%,100%,71.4%,81.1%,73.4%
2026-07-28 04:00:00,100%,100%,100%,100%,71.6%,39.4%,100%,71.5%,100%,71.8%
2026-07-28 07:00:00,99.0%,100%,100%,100%,71.6%,26.4%,94.7%,69.6%,100%,71.6%
2026-07-28 10:00:00,76.0%,93.6%,90.6%,93.0%,74.5%,94.6%,72.7%,33.4%,100%,92.7%
2026-07-28 13:00:00,71.2%,71.9%,72.0%,71.8%,100%,100%,71.6%,29.7%,99.9%,100%
2026-07-28 16:00:00,71.5%,71.6%,82.0%,71.6%,100%,100%,71.5%,100%,77.8%,100%
2026-07-28 19:00:00,80.5%,71.6%,100%,71.6%,100%,92.8%,46.2%,100%,71.6%,100%
2026-07-28 22:00:00,,71.5%,100%,75.8%,100%,71.6%,73.6%,100%,94.6%,80.9%
2026-07-29 01:00:00,,75.8%,100%,100%,92.8%,71.5%,100%,89.5%,100%,71.6%
2026-07-29 04:00:00,,100%,100%,100%,71.6%,71.3%,100%,71.7%,100%,71.6%
2026-07-29 07:00:00,,100%,94.6%,100%,87.7%,39.2%,100.0%,71.4%,100%,71.5%
2026-07-29 10:00:00,,100%,71.6%,100%,100%,43.9%,82.8%,71.4%,100%,68.2%
2026-07-29 13:00:00,71.3%,94.4%,71.6%,100%,100%,100%,71.6%,52.5%,87.5%,
2026-07-29 16:00:00,71.2%,71.6%,71.6%,98.1%,100%,100%,71.6%,100%,71.9%,100%
2026-07-29 19:00:00,56.0%,71.6%,,73.2%,100%,100%,69.8%,100%,71.6%,100%
2026-07-29 22:00:00,33.3%,71.6%,,79.1%,80.2%,97.1%,79.7%,100%,71.3%,100%
2026-07-30 01:00:00,100%,54.6%,,100%,71.6%,71.7%,100%,98.0%,83.9%,99.7%
2026-07-30 04:00:00,100%,72.3%,,100%,71.6%,71.6%,100%,72.2%,100%,72.5%
2026-07-30 07:00:00,100.0%,100%,100%,100%,71.6%,71.6%,100.0%,71.6%,100%,71.6%
2026-07-30 10:00:00,88.6%,100%,95.2%,94.4%,59.8%,98.1%,80.0%,71.6%,100%,71.6%
2026-07-30 13:00:00,63.3%,96.7%,71.9%,73.8%,73.8%,100%,71.6%,74.8%,,86.2%
2026-07-30 16:00:00,71.6%,76.8%,71.6%,71.6%,100%,100%,71.6%,100%,,100%
2026-07-30 19:00:00,71.5%,,71.6%,71.5%,100%,99.4%,70.9%,100%,,100%
2026-07-30 22:00:00,71.2%,,73.9%,72.8%,100%,79.0%,49.4%,100%,100%,99.5%
2026-07-31 01:00:00,100%,71.6%,100%,100%,100%,80.2%,100%,81.3%,100%,73.9%
2026-07-31 04:00:00,100%,88.5%,100%,100%,100%,,100%,71.6%,100%,71.6%
2026-07-31 07:00:00,100%,100%,100.0%,100%,95.0%,,100%,71.6%,100%,71.6%
2026-07-31 10:00:00,88.5%,100%,81.2%,98.6%,71.8%,100%,88.2%,68.6%,100%,70.2%
2026-07-31 13:00:00,71.6%,97.3%,71.6%,72.3%,71.6%,100%,71.6%,68.1%,86.6%,91.9%
2026-07-31 16:00:00,71.0%,76.6%,71.6%,71.6%,88.1%,100%,71.6%,100%,71.7%,100%
2026-07-31 19:00:00,71.5%,71.6%,71.6%,71.3%,100%,100%,71.5%,100%,71.6%,100%
2026-07-31 22:00:00,54.4%,71.6%,72.5%,55.2%,100%,86.6%,73.2%,100.0%,85.5%,100%
2026-08-01 01:00:00,100%,84.1%,100%,100%,100%,71.6%,100%,85.5%,100%,99.0%
2026-08-01 04:00:00,100%,100%,100%,100%,100%,71.6%,100%,69.9%,100%,76.6%
2026-08-01 07:00:00,100%,100%,100%,100%,100%,71.6%,95.3%,71.4%,100%,71.6%
2026-08-01 10:00:00,78.0%,100.0%,99.9%,99.3%,89.4%,76.2%,71.9%,71.5%,89.9%,79.2%
2026-08-01 13:00:00,71.6%,80.7%,90.8%,78.3%,100%,100%,71.6%,41.1%,71.7%,100%
2026-08-01 16:00:00,71.6%,71.6%,72.0%,75.7%,100%,100%,71.4%,27.2%,71.6%,100%
2026-08-01 19:00:00,71.3%,71.6%,71.5%,71.6%,100%,100%,58.1%,31.5%,71.6%,100%
2026-08-01 22:00:00,85.4%,69.5%,71.6%,71.6%,100%,86.1%,46.7%,100%,75.1%,100%
2026-08-02 01:00:00,100%,64.2%,98.8%,72.7%,100%,71.6%,100%,100%,100%,98.2%
2026-08-02 04:00:00,100%,100%,100%,,,71.6%,100%,100%,100%,72.5%
2026-08-02 07:00:00,99.5%,100%,100%,,100%,70.8%,98.9%,100%,100%,71.6%
2026-08-02 10:00:00,63.9%,95.9%,100%,,100%,46.2%,76.8%,79.5%,100%,74.9%
2026-08-02 13:00:00,71.4%,72.3%,87.2%,,,100%,71.6%,73.0%,99.0%,100%
2026-08-02 16:00:00,71.3%,71.6%,71.7%,,,100%,71.5%,100%,74.0%,100%
2026-08-02 19:00:00,50.9%,71.6%,71.6%,,,100%,48.8%,100%,71.6%,100%
2026-08-02 22:00:00,50.9%,52.7%,72.1%,100%,,85.0%,30.1%,100%,71.6%,100.0%
2026-08-03 01:00:00,100%,36.0%,100%,100%,,71.6%,100%,88.8%,96.8%,78.5%
2026-08-03 04:00:00,100%,100%,100%,100%,,71.6%,100%,72.0%,100%,71.6%
2026-08-03 07:00:00,99.9%,100%,100%,100%,100%,71.5%,100.0%,71.6%,100%,71.6%
2026-08-03 10:00:00,82.1%,100%,100%,99.9%,100%,58.4%,80.9%,71.5%,99.9%,74.7%
2026-08-03 13:00:00,71.6%,83.2%,93.0%,75.8%,100%,100%,71.6%,66.6%,85.4%,100%
2026-08-03 16:00:00,71.5%,71.6%,72.4%,71.6%,100%,100%,71.6%,100%,71.6%,100%
2026-08-03 19:00:00,51.4%,71.6%,71.6%,71.6%,100%,100%,89.7%,100%,87.8%,100%
2026-08-03 22:00:00,29.0%,71.5%,71.6%,76.9%,99.9%,96.0%,100%,100%,100%,85.1%
2026-08-04 01:00:00,91.3%,100%,98.5%,100%,77.0%,75.1%,100%,96.8%,100%,71.6%
2026-08-04 04:00:00,100%,,100%,100%,71.6%,71.6%,,72.2%,100%,71.6%
2026-08-04 07:00:00,100%,,100%,100%,71.6%,71.6%,100%,71.6%,88.2%,71.5%
2026-08-04 10:00:00,98.1%,,98.0%,91.8%,86.2%,85.2%,100%,71.5%,71.6%,70.3%
2026-08-04 13:00:00,52.8%,,78.3%,71.6%,100%,100%,100%,58.0%,71.6%,100%
2026-08-04 16:00:00,62.0%,,71.6%,71.6%,100%,100%,100%,98.8%,71.5%,100%
2026-08-04 19:00:00,66.0%,,71.5%,71.6%,100%,94.0%,94.1%,100%,55.2%,100%
2026-08-04 22:00:00,69.8%,,71.5%,72.9%,97.8%,72.1%,94.9%,100%,33.6%,98.2%
2026-08-05 01:00:00,100%,100%,96.4%,100%,86.0%,71.6%,100%,94.2%,100%,73.1%
2026-08-05 04:00:00,100%,100%,100%,100%,72.5%,71.6%,100%,71.8%,100%,71.6%
2026-08-05 07:00:00,100%,100%,100%,100%,71.6%,68.7%,100%,71.6%,100%,71.5%
2026-08-05 10:00:00,86.5%,100%,,100.0%,71.5%,60.6%,100.0%,71.6%,100%,87.4%
2026-08-05 13:00:00,70.7%,79.4%,100%,77.7%,85.7%,100%,80.4%,68.9%,91.3%,100%
2026-08-05 16:00:00,69.1%,71.6%,77.6%,71.6%,100%,100%,71.6%,100%,71.8%,100%
2026-08-05 19:00:00,66.8%,71.6%,71.6%,71.5%,100%,100.0%,71.5%,100%,71.6%,99.8%
2026-08-05 22:00:00,53.1%,71.6%,71.6%,70.8%,100%,75.0%,98.2%,100%,71.6%,75.1%
2026-08-06 01:00:00,100%,46.3%,99.2%,100%,90.6%,71.6%,100%,,85.4%,71.6%
2026-08-06 04:00:00,100%,100%,100%,100%,71.8%,71.6%,100%,100%,100%,71.6%
2026-08-06 07:00:00,100%,100%,100%,100%,71.6%,69.8%,99.3%,,100%,70.8%
2026-08-06 10:00:00,99.9%,100%,100.0%,85.2%,88.1%,52.1%,83.3%,100%,100%,38.3%
2026-08-06 13:00:00,76.9%,90.1%,86.4%,71.6%,100%,100%,71.7%,,98.7%,29.7%
2026-08-06 16:00:00,71.5%,72.2%,72.5%,78.2%,100%,100%,71.6%,,77.9%,100%
2026-08-06 19:00:00,71.5%,71.6%,71.6%,100%,100%,100%,85.3%,,71.6%,100%
2026-08-06 22:00:00,64.2%,71.6%,75.0%,100%,79.3%,89.0%,100%,100%,72.9%,100%
2026-08-07 01:00:00,100%,75.3%,100%,100%,71.6%,71.6%,100%,100%,100%,94.6%
2026-08-07 04:00:00,100%,100%,100%,99.8%,71.6%,71.6%,100.0%,100%,100%,72.7%
2026-08-07 07:00:00,100%,100%,100%,82.1%,71.2%,71.4%,79.4%,100%,100%,71.6%
2026-08-07 10:00:00,89.7%,100%,99.4%,71.6%,36.6%,62.8%,71.6%,100%,100%,77.7%
2026-08-07 13:00:00,71.4%,95.7%,76.0%,71.5%,100%,100%,71.6%,100%,100%,100%
2026-08-07 16:00:00,71.5%,72.3%,71.6%,51.8%,100%,100%,71.4%,100%,,100%
2026-08-07 19:00:00,69.7%,71.6%,71.6%,27.6%,100%,100%,66.9%,100%,100%,100%
2026-08-07 22:00:00,39.9%,71.5%,74.1%,27.2%,98.3%,100.0%,100%,100%,100%,100%
2026-08-08 01:00:00,100%,75.3%,100%,100%,74.7%,82.9%,100%,99.9%,,95.7%
2026-08-08 04:00:00,100%,100%,100%,100%,71.6%,71.6%,100%,83.4%,,71.8%
2026-08-08 07:00:00,100%,100%,100%,100%,71.6%,71.5%,91.0%,71.7%,,71.6%
2026-08-08 10:00:00,94.1%,100%,91.8%,87.3%,69.3%,81.8%,71.7%,72.6%,,80.9%
2026-08-08 13:00:00,58.5%,98.2%,71.9%,71.8%,71.7%,100%,71.5%,100%,,100%
2026-08-08 16:00:00,68.2%,75.9%,71.6%,71.5%,100%,100%,71.6%,100%,100%,100%
2026-08-08 19:00:00,63.0%,71.6%,71.6%,60.9%,100%,99.7%,71.4%,100%,100%,100%
2026-08-08 22:00:00,58.4%,71.6%,71.6%,43.5%,100.0%,75.6%,53.6%,99.3%,100%,99.9%
2026-08-09 01:00:00,100%,71.8%,100%,100%,78.6%,71.6%,100%,78.8%,100%,99.3%
2026-08-09 04:00:00,100%,100%,100%,100%,71.6%,71.6%,100%,71.6%,100%,100%
2026-08-09 07:00:00,99.8%,100%,100%,100%,71.6%,69.5%,100%,71.6%,100%,
2026-08-09 10:00:00,75.1%,100%,99.9%,80.4%,78.0%,55.2%,90.3%,73.3%,93.0%,
2026-08-09 13:00:00,71.2%,99.6%,87.7%,71.6%,100%,100%,72.7%,100%,71.7%,100%
2026-08-09 16:00:00,69.9%,79.0%,71.6%,71.6%,100%,100%,71.6%,100%,71.5%,100%
2026-08-09 19:00:00,61.1%,71.6%,71.6%,71.5%,100%,99.0%,71.6%,100%,71.6%,100%
2026-08-09 22:00:00,100%,71.6%,71.6%,71.6%,87.6%,72.5%,87.2%,95.6%,86.8%,100%
2026-08-10 01:00:00,100%,75.8%,98.6%,88.1%,71.8%,71.6%,100%,72.2%,100%,99.2%
2026-08-10 04:00:00,100%,100%,100%,,71.6%,71.5%,100%,71.6%,100%,74.0%
2026-08-10 07:00:00,87.9%,100%,100%,,71.6%,64.7%,92.0%,71.6%,100%,71.6%
2026-08-10 10:00:00,71.5%,100%,100%,,48.9%,39.3%,72.0%,72.4%,98.7%,78.1%
2026-08-10 13:00:00,71.5%,100%,88.3%,,100%,100%,71.6%,100%,73.6%,100%
2026-08-10 16:00:00,71.4%,92.8%,72.1%,,100%,100%,71.6%,100%,71.6%,100%
2026-08-10 19:00:00,42.6%,71.6%,71.6%,,100%,100%,65.7%,100%,71.5%,100%
2026-08-10 22:00:00,67.1%,71.6%,71.6%,,100%,96.6%,47.0%,96.9%,86.9%,79.4%
2026-08-11 01:00:00,100%,75.3%,71.6%,,88.8%,73.8%,100%,72.0%,100%,71.6%
2026-08-11 04:00:00,100%,100%,,,73.2%,71.6%,100%,71.6%,100%,71.6%
2026-08-11 07:00:00,100%,100%,,,,71.6%,100%,71.5%,100%,71.6%
2026-08-11 10:00:00,85.9%,100%,,,100%,60.4%,88.2%,60.0%,100%,48.1%
2026-08-11 13:00:00,71.5%,87.6%,,,100%,97.9%,71.7%,28.5%,91.9%,29.3%
2026-08-11 16:00:00,71.6%,71.6%,,,100%,100%,71.6%,85.5%,71.6%,100%
2026-08-11 19:00:00,65.6%,71.6%,,,100%,100%,71.5%,88.6%,71.6%,100%
2026-08-11 22:00:00,34.6%,71.6%,81.0%,,100%,98.3%,85.8%,71.7%,73.7%,100%
2026-08-12 01:00:00,100%,78.1%,100%,,85.0%,74.7%,100%,71.6%,100%,100%
2026-08-12 04:00:00,100%,100%,100%,,71.6%,71.6%,100%,71.4%,100%,100%
2026-08-12 07:00:00,100%,100%,100%,,71.6%,71.6%,100%,53.3%,100%,93.6%
2026-08-12 10:00:00,98.9%,100%,100%,,78.1%,75.4%,100%,28.2%,100%,85.5%
2026-08-12 13:00:00,75.7%,93.5%,100%,100%,100%,100%,77.4%,38.1%,81.1%,100%
2026-08-12 16:00:00,71.3%,71.6%,100%,100%,100%,100%,71.6%,100%,71.6%,100%
2026-08-12 19:00:00,69.6%,71.6%,100%,100%,100%,100%,71.6%,100%,71.5%,100%
2026-08-12 22:00:00,62.9%,71.6%,100%,100%,88.2%,100%,88.6%,100%,73.0%,100%
2026-08-13 01:00:00,83.0%,97.3%,100%,100%,71.6%,84.1%,100%,98.8%,100%,100%
2026-08-13 04:00:00,100%,100%,100%,100%,71.6%,71.6%,100%,73.0%,100%,100%
2026-08-13 07:00:00,100%,100%,100%,100%,71.6%,71.6%,100%,71.6%,100%,100%
2026-08-13 10:00:00,100%,100%,100%,99.9%,68.4%,91.5%,97.9%,93.3%,100%,100%
2026-08-13 13:00:00,81.2%,78.4%,75.2%,100%,100%,100%,73.3%,100%,93.4%,89.4%
2026-08-13 16:00:00,71.6%,71.6%,71.6%,85.8%,100%,100%,71.6%,100%,71.7%,71.6%
2026-08-13 19:00:00,71.6%,100%,71.6%,76.1%,100%,100%,72.4%,100%,71.6%,71.6%
2026-08-13 22:00:00,72.1%,,76.3%,71.6%,100%,90.6%,100%,91.9%,75.9%,71.4%
2026-08-14 01:00:00,100%,100%,100%,75.5%,92.9%,71.6%,100%,72.0%,100%,93.1%
2026-08-14 04:00:00,100%,100%,100%,100%,73.7%,71.5%,100%,71.6%,100%,100%
2026-08-14 07:00:00,100%,100%,100%,100%,71.6%,71.3%,89.2%,71.6%,100%,100%
2026-08-14 10:00:00,100%,100%,100%,100%,71.5%,65.1%,71.6%,71.6%,99.1%,100%
2026-08-14 13:00:00,84.1%,99.8%,100%,100%,95.1%,100%,71.6%,81.4%,72.2%,84.6%
2026-08-14 16:00:00,71.1%,75.4%,95.7%,100%,100%,100%,71.5%,100%,71.6%,71.6%
2026-08-14 19:00:00,73.1%,71.6%,,100.0%,100%,100%,62.4%,100%,71.6%,71.6%
2026-08-14 22:00:00,100%,71.6%,,87.6%,100%,99.7%,88.1%,100%,72.3%,71.6%
2026-08-15 01:00:00,100%,74.1%,,100%,83.4%,78.6%,100%,99.1%,100%,95.3%
2026-08-15 04:00:00,100%,100%,93.1%,100%,71.6%,71.6%,100%,82.4%,100%,100%
2026-08-15 07:00:00,96.6%,100%,90.5%,100%,71.6%,71.6%,100%,71.6%,100%,100%
2026-08-15 10:00:00,60.1%,100%,100%,100.0%,71.6%,77.5%,93.5%,71.6%,100%,100%
2026-08-15 13:00:00,71.1%,92.8%,100%,78.1%,85.5%,100%,71.6%,73.3%,86.7%,85.9%
2026-08-15 16:00:00,67.5%,72.2%,100%,71.6%,100%,100%,71.6%,,71.6%,71.6%
2026-08-15 19:00:00,50.6%,71.6%,100%,71.6%,100%,100%,71.6%,,71.6%,71.6%
2026-08-15 22:00:00,30.2%,71.6%,100%,66.4%,99.4%,93.8%,61.9%,100%,72.8%,71.4%
2026-08-16 01:00:00,100%,73.0%,100%,100%,81.5%,71.7%,100%,,100%,75.9%
2026-08-16 04:00:00,100%,100%,100%,100%,71.6%,71.6%,100%,100%,100%,100%
2026-08-16 07:00:00,100%,100%,100%,100%,71.6%,71.5%,100%,100%,100%,100%
2026-08-16 10:00:00,100%,100%,79.6%,100%,71.0%,49.0%,97.3%,100%,100.0%,100%
2026-08-16 13:00:00,81.1%,100%,71.6%,88.8%,69.8%,,74.4%,100%,84.2%,92.9%
2026-08-16 16:00:00,62.2%,79.8%,71.6%,71.6%,100%,,71.6%,100.0%,71.6%,71.6%
2026-08-16 19:00:00,48.2%,71.6%,69.3%,71.6%,100%,,71.6%,100%,71.6%,71.6%
2026-08-16 22:00:00,73.0%,71.6%,41.3%,68.3%,100%,,71.4%,100%,72.7%,71.6%
2026-08-17 01:00:00,100%,77.4%,100%,83.9%,99.6%,,62.8%,100%,100%,94.4%
2026-08-17 04:00:00,100%,100%,100%,100%,81.6%,,,100%,100%,100%
2026-08-17 07:00:00,100%,100%,100%,100%,71.7%,,80.7%,100%,100%,100%
2026-08-17 10:00:00,93.2%,100%,99.3%,100%,72.6%,100%,,100%,97.9%,100%
2026-08-17 13:00:00,71.1%,100%,80.4%,96.0%,100%,100%,,100%,72.5%,94.7%
2026-08-17 16:00:00,71.6%,97.6%,71.6%,72.1%,100%,100%,,100%,71.6%,73.1%
2026-08-17 19:00:00,71.1%,75.6%,71.6%,71.5%,100%,100.0%,,95.2%,71.6%,
2026-08-17 22:00:00,40.6%,71.6%,71.8%,78.2%,88.0%,83.8%,,72.4%,75.2%,
2026-08-18 01:00:00,59.7%,79.2%,100%,100%,71.6%,71.6%,100%,,100%,100%
2026-08-18 04:00:00,100%,100%,100%,100%,71.6%,71.6%,100%,71.6%,100%,100%
2026-08-18 07:00:00,100%,100%,100%,100%,71.6%,67.8%,100%,97.5%,100%,100%
2026-08-18 10:00:00,100%,100%,91.7%,79.8%,42.0%,66.9%,100%,100%,99.9%,100%
2026-08-18 13:00:00,94.3%,100.0%,74.5%,71.6%,27.0%,100%,96.8%,100%,80.6%,90.9%
2026-08-18 16:00:00,71.7%,82.9%,71.6%,71.5%,100%,100%,71.7%,100%,71.6%,71.8%
2026-08-18 19:00:00,71.6%,71.6%,71.6%,70.8%,100%,100.0%,71.6%,100%,71.6%,71.6%
2026-08-18 22:00:00,77.5%,71.6%,71.6%,41.1%,100%,87.1%,80.8%,100%,76.5%,78.6%
2026-08-19 01:00:00,100%,71.9%,84.4%,60.0%,90.8%,71.8%,100%,100%,100%,100%
2026-08-19 04:00:00,100%,100%,100%,100%,71.7%,71.6%,100%,,100%,100%
2026-08-19 07:00:00,100.0%,100%,100%,100%,71.6%,68.8%,96.2%,,100%,100%
2026-08-19 10:00:00,82.6%,100%,100%,100%,71.6%,37.2%,73.3%,,99.9%,95.9%
2026-08-19 13:00:00,71.6%,99.9%,94.2%,93.2%,71.6%,100%,71.6%,100%,84.5%,72.2%
2026-08-19 16:00:00,71.5%,73.8%,71.6%,71.8%,,100%,71.6%,100%,71.6%,71.6%
2026-08-19 19:00:00,69.1%,71.6%,71.6%,71.5%,,100%,54.3%,100%,71.5%,71.5%
2026-08-19 22:00:00,33.1%,71.6%,71.6%,71.4%,,84.7%,40.8%,100%,75.8%,72.1%
2026-08-20 01:00:00,28.1%,86.3%,95.1%,85.6%,71.6%,71.7%,100%,100%,100%,100%
2026-08-20 04:00:00,100%,100%,100%,100%,67.7%,71.5%,100%,99.4%,100%,100%
2026-08-20 07:00:00,100%,100%,100%,100%,34.9%,81.8%,100%,75.4%,100%,100%
2026-08-20 10:00:00,100%,100%,100%,100%,25.9%,100%,85.9%,71.6%,99.9%,100.0%
2026-08-20 13:00:00,99.3%,99.9%,100%,99.8%,20.2%,100%,71.6%,73.0%,80.0%,84.5%
2026-08-20 16:00:00,99.6%,73.5%,73.1%,74.0%,100%,100%,71.6%,100%,71.6%,71.6%
2026-08-20 19:00:00,,71.6%,71.6%,71.6%,100%,90.3%,71.3%,100%,71.6%,71.5%
2026-08-20 22:00:00,100%,71.6%,71.6%,72.6%,100%,71.6%,41.8%,100%,71.8%,68.5%
2026-08-21 01:00:00,,95.0%,96.3%,100%,99.9%,71.6%,27.0%,100.0%,100%,50.1%
2026-08-21 04:00:00,,100%,100%,100%,82.6%,71.6%,99.2%,85.1%,100%,100%
2026-08-21 07:00:00,,100%,100%,100%,71.6%,67.0%,100%,71.6%,100%,100%
2026-08-21 10:00:00,,100.0%,100%,100%,76.5%,34.1%,100%,71.6%,100%,99.3%
2026-08-21 13:00:00,100%,79.1%,79.5%,100.0%,100%,100%,99.9%,74.7%,85.2%,74.9%
2026-08-21 16:00:00,,71.6%,71.6%,75.7%,100%,100%,82.0%,100%,71.7%,71.6%
2026-08-21 19:00:00,,71.6%,71.6%,71.6%,100%,100%,71.6%,100%,71.6%,71.6%
2026-08-21 22:00:00,100%,71.5%,74.9%,74.7%,86.1%,92.6%,77.7%,100%,72.5%,68.7%
2026-08-22 01:00:00,100%,86.1%,100%,100%,71.6%,72.0%,100%,100%,100%,48.8%
2026-08-22 04:00:00,100%,100%,100%,100%,71.6%,71.6%,100%,94.3%,100%,100%
2026-08-22 07:00:00,96.2%,100%,100%,100%,71.6%,70.9%,99.4%,72.0%,100%,100%
2026-08-22 10:00:00,74.0%,100%,100%,87.3%,67.3%,38.6%,74.5%,71.6%,93.2%,100%
2026-08-22 13:00:00,71.6%,85.2%,88.9%,71.6%,31.1%,85.1%,71.6%,72.5%,72.0%,90.9%
2026-08-22 16:00:00,71.6%,71.6%,71.6%,71.6%,26.2%,100%,71.4%,100%,71.6%,71.6%
2026-08-22 19:00:00,54.6%,71.6%,71.6%,71.5%,21.1%,100%,45.0%,100%,71.6%,71.6%
2026-08-22 22:00:00,29.5%,71.6%,71.4%,58.6%,100%,98.9%,39.6%,100%,70.0%,71.3%
2026-08-23 01:00:00,100%,41.8%,88.9%,100%,86.6%,74.5%,100%,87.6%,81.4%,43.1%
2026-08-23 04:00:00,100%,76.6%,100%,100%,71.6%,71.6%,100%,71.6%,100%,100%
2026-08-23 07:00:00,100%,100%,100%,100%,71.6%,71.5%,100%,71.6%,100%,100%
2026-08-23 10:00:00,99.2%,99.9%,100%,100%,71.5%,56.6%,86.7%,71.5%,99.9%,100%
2026-08-23 13:00:00,74.4%,89.1%,100%,81.6%,45.6%,58.8%,71.6%,51.3%,75.7%,95.7%
2026-08-23 16:00:00,71.6%,71.6%,95.0%,71.7%,27.1%,100%,71.6%,30.4%,71.6%,72.0%
2026-08-23 19:00:00,71.4%,72.0%,76.7%,71.6%,25.2%,100%,71.5%,28.3%,72.3%,73.2%
2026-08-23 22:00:00,72.2%,72.6%,92.3%,72.6%,84.7%,100%,94.4%,32.7%,71.6%,100%
2026-08-24 01:00:00,100%,100%,100%,100%,100%,100%,100%,100%,82.3%,100%
2026-08-24 04:00:00,100%,100%,100%,100%,99.9%,97.7%,100%,100%,100%,100%
2026-08-24 07:00:00,100%,100%,100%,100%,74.8%,72.3%,94.5%,99.0%,71.6%,100%
2026-08-24 10:00:00,100%,90.1%,92.3%,96.4%,71.6%,79.9%,71.7%,76.4%,,91.3%
2026-08-24 13:00:00,93.5%,71.6%,71.7%,71.9%,98.4%,100%,71.6%,72.4%,,71.6%
2026-08-24 16:00:00,71.6%,71.6%,71.6%,71.6%,100%,100%,71.4%,100%,71.6%,71.6%
2026-08-24 19:00:00,71.6%,71.6%,71.6%,71.6%,100%,100%,46.3%,100%,71.6%,71.5%
2026-08-24 22:00:00,84.2%,64.9%,63.8%,72.0%,97.1%,99.5%,40.8%,100%,73.8%,42.8%
2026-08-25 01:00:00,100%,37.5%,100%,100%,72.8%,71.8%,100%,89.2%,100%,71.3%
2026-08-25 04:00:00,100%,100%,100%,100%,71.6%,71.6%,100%,71.6%,100%,100%
2026-08-25 07:00:00,100%,100%,100%,100%,71.6%,,99.9%,71.6%,100%,100%
2026-08-25 10:00:00,87.8%,100%,100%,100%,93.1%,71.6%,77.2%,71.6%,95.9%,100%
2026-08-25 13:00:00,71.5%,100.0%,,76.4%,100%,,71.6%,72.1%,75.1%,95.5%
2026-08-25 16:00:00,71.4%,78.9%,90.0%,71.6%,100%,,71.5%,100%,71.6%,73.6%
2026-08-25 19:00:00,71.5%,71.6%,71.7%,71.6%,100%,,61.6%,100%,71.6%,71.6%
2026-08-25 22:00:00,62.1%,71.6%,73.0%,58.2%,95.5%,,30.5%,100%,71.5%,73.1%
2026-08-26 01:00:00,58.1%,65.9%,100%,96.5%,73.2%,,82.5%,98.4%,74.5%,100%
2026-08-26 04:00:00,100%,87.1%,100%,100%,71.6%,,100%,75.4%,100%,100%
2026-08-26 07:00:00,100%,100%,100%,100%,71.6%,,100%,71.6%,100%,100%
2026-08-26 10:00:00,100%,100%,89.7%,98.7%,97.8%,,99.4%,72.8%,100%,88.5%
2026-08-26 13:00:00,94.2%,97.7%,71.5%,84.8%,100%,,75.3%,100%,87.6%,71.6%
2026-08-26 16:00:00,72.4%,79.1%,71.6%,71.6%,100%,,71.6%,100%,71.8%,71.5%
2026-08-26 19:00:00,71.4%,71.6%,71.6%,71.6%,90.5%,,71.6%,100%,71.6%,76.6%
2026-08-26 22:00:00,72.0%,73.9%,72.9%,72.5%,71.6%,100%,72.4%,99.9%,96.5%,100%
2026-08-27 01:00:00,100%,100%,100%,100%,71.6%,100%,100%,77.8%,100%,100%
2026-08-27 04:00:00,100%,100%,100%,100%,71.6%,100%,100%,71.6%,100%,100%
2026-08-27 07:00:00,100%,100%,100%,100%,70.7%,100%,100%,71.6%,100%,99.9%
2026-08-27 10:00:00,97.9%,91.9%,100%,91.3%,37.5%,99.7%,100%,71.5%,91.6%,74.3%
2026-08-27 13:00:00,75.2%,73.1%,85.3%,71.7%,100%,,87.1%,94.5%,71.6%,71.6%
2026-08-27 16:00:00,70.9%,71.6%,71.6%,71.6%,100%,100%,71.6%,100%,71.6%,71.6%
2026-08-27 19:00:00,53.6%,71.6%,71.6%,71.5%,100%,100%,71.5%,100%,71.5%,71.5%
2026-08-27 22:00:00,56.5%,71.6%,71.2%,51.3%,80.8%,100%,76.9%,100%,70.6%,61.4%
2026-08-28 01:00:00,100%,70.0%,100%,100%,71.6%,100.0%,100%,86.1%,92.8%,100%
2026-08-28 04:00:00,100%,100%,100%,100%,71.6%,79.8%,100%,71.6%,100%,100%
2026-08-28 07:00:00,100%,100%,100%,100%,77.2%,71.6%,100%,71.6%,100%,
2026-08-28 10:00:00,95.1%,100%,97.4%,88.9%,100%,75.1%,95.3%,75.0%,100%,
2026-08-28 13:00:00,52.1%,91.6%,72.8%,71.6%,100%,100%,73.0%,100%,84.3%,
2026-08-28 16:00:00,67.6%,72.4%,71.6%,71.6%,100%,100%,71.6%,100%,71.6%,
2026-08-28 19:00:00,54.2%,71.6%,71.6%,71.2%,100%,100%,71.2%,100%,71.6%,71.5%
2026-08-28 22:00:00,67.4%,71.6%,71.2%,49.4%,99.6%,100%,67.0%,100%,77.4%,53.3%
2026-08-29 01:00:00,100%,72.5%,98.8%,100%,77.2%,97.8%,100%,89.5%,100%,85.6%
2026-08-29 04:00:00,100%,100%,100%,100%,71.6%,71.9%,100%,71.7%,100%,100%
2026-08-29 07:00:00,100%,100%,100%,100%,71.6%,71.6%,100%,71.6%,100%,100%
2026-08-29 10:00:00,100%,100%,99.0%,100%,68.9%,86.6%,99.8%,71.6%,99.1%,96.9%
2026-08-29 13:00:00,94.3%,88.8%,74.8%,100.0%,59.1%,100%,83.8%,64.8%,80.0%,71.7%
2026-08-29 16:00:00,66.5%,78.2%,71.6%,87.6%,100%,100%,71.6%,100%,71.6%,71.6%
2026-08-29 19:00:00,70.3%,100%,71.6%,85.6%,100%,100%,71.6%,100%,71.6%,71.3%
2026-08-29 22:00:00,91.6%,100%,61.1%,100%,100%,85.6%,91.2%,100%,71.3%,44.0%
2026-08-30 01:00:00,100%,100%,92.6%,100%,99.9%,71.6%,100%,87.8%,79.0%,83.0%
2026-08-30 04:00:00,100%,100%,100%,100.0%,81.0%,71.6%,100%,71.6%,100%,100%
2026-08-30 07:00:00,100%,100%,100%,81.8%,71.6%,63.2%,99.0%,71.6%,100%,100%
2026-08-30 10:00:00,100%,90.2%,100%,71.6%,71.5%,66.6%,73.7%,71.2%,100%,100.0%
2026-08-30 13:00:00,100%,71.6%,91.0%,71.6%,74.0%,100%,71.6%,44.2%,100%,77.0%
2026-08-30 16:00:00,99.0%,,71.6%,71.4%,100%,100%,71.6%,29.1%,98.2%,71.6%
2026-08-30 19:00:00,81.0%,,71.6%,35.9%,100%,100%,71.5%,100%,76.8%,71.5%
2026-08-30 22:00:00,66.1%,71.6%,71.6%,23.6%,100%,91.6%,98.3%,100%,71.6%,64.0%
2026-08-31 01:00:00,100%,71.6%,93.7%,98.2%,100%,71.6%,100%,100%,85.9%,100%
2026-08-31 04:00:00,100%,,100%,100%,100.0%,71.6%,100%,93.6%,100%,100%
2026-08-31 07:00:00,100%,71.6%,100%,100%,83.5%,71.6%,92.6%,71.6%,100%,100.0%
2026-08-31 10:00:00,100%,71.6%,100%,99.9%,71.6%,99.4%,71.7%,71.6%,100%,87.9%
2026-08-31 13:00:00,89.2%,,87.8%,76.9%,83.5%,100%,71.6%,71.6%,100%,71.6%
2026-08-31 16:00:00,60.8%,,71.7%,72.5%,100%,100%,71.5%,49.0%,95.8%,71.6%
2026-08-31 19:00:00,64.8%,71.6%,71.6%,100%,100%,84.5%,46.0%,61.2%,76.4%,71.6%
2026-08-31 22:00:00,77.7%,,71.6%,100%,100%,71.6%,27.7%,100%,71.6%,64.3%
2026-09-01 01:00:00,100%,,,100%,,71.6%,26.7%,100%,71.6%,39.3%
2026-09-01 04:00:00,100%,,71.5%,100%,100%,71.6%,26.7%,100%,71.6%,29.9%
2026-09-01 07:00:00,100%,,68.7%,100%,100%,80.6%,22.0%,100%,71.3%,66.7%
2026-09-01 10:00:00,100%,,32.8%,100%,100%,100%,55.7%,89.0%,47.1%,84.9%
2026-09-01 13:00:00,100.0%,,50.9%,93.9%,,100%,71.6%,71.6%,28.1%,71.6%
2026-09-01 16:00:00,88.3%,,75.5%,72.2%,,100%,71.6%,71.6%,26.8%,71.6%
2026-09-01 19:00:00,70.9%,,72.7%,71.6%,,,71.6%,71.6%,,71.5%
2026-09-01 22:00:00,71.5%,,100%,71.6%,,,71.6%,79.3%,,71.6%
2026-09-02 01:00:00,64.9%,,100%,88.1%,,,73.4%,100%,31.5%,87.4%
2026-09-02 04:00:00,70.4%,,100%,100%,100%,,100%,100%,100%,100%
2026-09-02 07:00:00,53.2%,,100%,100%,,,100%,100%,100%,100%
2026-09-02 10:00:00,33.5%,,100%,98.1%,100%,100%,100%,99.7%,100%,100%
2026-09-02 13:00:00,100%,71.6%,90.8%,73.0%,100%,100%,100.0%,73.8%,100%,99.6%
2026-09-02 16:00:00,100.0%,73.5%,71.6%,71.6%,100%,100%,79.6%,95.5%,87.2%,75.4%
2026-09-02 19:00:00,100%,,71.5%,71.4%,100%,100%,,100%,71.7%,71.6%
2026-09-02 22:00:00,83.8%,100%,71.7%,60.3%,99.1%,85.1%,100%,100.0%,72.5%,71.6%
2026-09-03 01:00:00,100%,100%,100%,100%,78.2%,71.6%,100%,82.8%,100%,76.9%
2026-09-03 04:00:00,100%,100%,100%,100%,71.7%,71.6%,100%,71.6%,100%,100%
2026-09-03 07:00:00,100%,100%,100%,100%,71.6%,71.5%,99.6%,71.6%,100%,100%
2026-09-03 10:00:00,100%,100%,100%,88.7%,72.0%,79.7%,74.4%,71.6%,99.9%,100%
2026-09-03 13:00:00,86.8%,100%,95.6%,71.6%,100%,100%,71.6%,71.4%,83.4%,98.8%
2026-09-03 16:00:00,71.6%,89.0%,73.5%,71.6%,100%,100%,71.5%,,71.7%,71.7%
2026-09-03 19:00:00,70.2%,71.6%,71.6%,96.1%,100%,100%,52.3%,,71.6%,71.6%
2026-09-03 22:00:00,68.1%,71.6%,72.3%,100%,91.6%,96.3%,67.8%,70.2%,74.2%,71.6%
2026-09-04 01:00:00,45.6%,90.4%,100%,100.0%,71.9%,71.8%,100%,84.7%,100%,72.4%
2026-09-04 04:00:00,100%,100%,100%,95.2%,71.6%,71.6%,100%,,100%,100%
2026-09-04 07:00:00,100%,100%,100%,74.2%,71.6%,71.6%,99.9%,,100%,100%
2026-09-04 10:00:00,100%,100.0%,100%,71.5%,70.2%,88.5%,74.4%,,100%,100%
2026-09-04 13:00:00,97.6%,82.3%,96.1%,71.6%,100%,100%,71.6%,,86.0%,100%
2026-09-04 16:00:00,74.7%,72.1%,71.6%,60.2%,100%,100%,71.6%,100%,71.6%,98.7%
2026-09-04 19:00:00,71.6%,71.6%,71.6%,76.1%,100%,100%,84.2%,100%,71.6%,79.2%
2026-09-04 22:00:00,78.0%,71.5%,75.8%,100%,87.4%,84.3%,100%,100%,75.4%,71.6%
2026-09-05 01:00:00,100%,99.4%,100%,100%,71.6%,71.6%,100%,100%,100%,81.0%
2026-09-05 04:00:00,100%,100%,100%,100%,71.6%,71.6%,100%,98.1%,100%,
2026-09-05 07:00:00,100%,100%,100%,95.3%,71.4%,71.5%,89.1%,81.2%,100%,
2026-09-05 10:00:00,99.9%,100%,98.7%,71.8%,46.7%,43.4%,71.8%,78.1%,100%,100%
2026-09-05 13:00:00,85.8%,95.5%,83.3%,71.6%,100%,99.9%,71.6%,100%,84.6%,
2026-09-05 16:00:00,71.6%,71.6%,71.6%,71.1%,100%,100%,71.6%,100%,71.6%,
2026-09-05 19:00:00,71.6%,71.6%,71.6%,38.1%,100%,100%,69.3%,100.0%,71.6%,
2026-09-05 22:00:00,71.6%,71.6%,71.5%,36.3%,98.5%,91.6%,70.2%,81.5%,72.5%,
2026-09-06 01:00:00,100%,98.7%,98.8%,100%,72.4%,71.7%,100%,71.6%,100%,100%
2026-09-06 04:00:00,100%,95.0%,100%,100%,71.6%,70.6%,100%,71.6%,100%,100%
2026-09-06 07:00:00,100%,100%,100%,100%,71.6%,71.6%,100%,71.6%,100%,100%
2026-09-06 10:00:00,88.6%,100.0%,100%,94.5%,74.6%,80.8%,80.7%,63.3%,100%,100%
2026-09-06 13:00:00,71.6%,82.4%,83.7%,71.7%,100%,100%,71.6%,100%,99.8%,100%
2026-09-06 16:00:00,71.6%,71.6%,71.6%,71.6%,100%,100%,71.6%,100%,78.8%,79.3%
2026-09-06 19:00:00,66.6%,71.6%,71.6%,71.1%,100.0%,97.1%,67.5%,100%,71.6%,71.6%
2026-09-06 22:00:00,30.8%,71.6%,71.5%,35.8%,86.8%,74.3%,83.4%,96.5%,72.4%,71.6%
2026-09-07 01:00:00,90.9%,61.7%,92.9%,100%,71.6%,71.6%,100%,71.8%,100%,89.7%
2026-09-07 04:00:00,100%,100%,100%,100%,71.6%,71.5%,100%,71.6%,100%,100%
2026-09-07 07:00:00,100%,100%,100%,100%,71.5%,51.8%,99.9%,71.6%,100%,100%
2026-09-07 10:00:00,95.7%,100%,86.4%,89.9%,46.5%,39.6%,74.8%,57.5%,99.9%,100%
2026-09-07 13:00:00,71.6%,99.6%,71.7%,71.7%,100%,100%,71.6%,97.8%,83.1%,100%
2026-09-07 16:00:00,71.6%,72.2%,71.6%,71.6%,100%,100%,71.6%,100%,87.9%,97.2%
2026-09-07 19:00:00,73.8%,71.6%,71.5%,71.4%,100%,100%,72.5%,100%,,72.3%
2026-09-07 22:00:00,100%,71.6%,50.1%,72.4%,96.3%,100%,100%,98.2%,100%,71.6%
2026-09-08 01:00:00,100%,83.0%,88.1%,100%,71.7%,96.9%,100%,75.1%,100%,96.0%
2026-09-08 04:00:00,100%,100%,,100%,71.6%,71.7%,100%,71.4%,100%,100%
2026-09-08 07:00:00,95.9%,100%,,100%,71.5%,71.6%,97.9%,71.5%,100%,100%
2026-09-08 10:00:00,71.7%,100%,,89.9%,77.4%,72.6%,72.1%,70.7%,90.0%,100%
2026-09-08 13:00:00,71.5%,89.2%,,72.3%,100%,100%,71.6%,40.5%,71.6%,95.6%
2026-09-08 16:00:00,71.4%,71.6%,,71.6%,100%,100%,71.6%,100%,71.6%,72.0%
2026-09-08 19:00:00,49.0%,71.6%,,71.5%,100%,100%,57.2%,100%,71.6%,71.6%
2026-09-08 22:00:00,31.0%,71.5%,,65.0%,90.8%,88.8%,30.6%,100%,76.2%,71.5%
2026-09-09 01:00:00,100%,82.0%,,100%,72.1%,71.6%,100%,93.3%,100%,91.2%
2026-09-09 04:00:00,100%,100%,100%,100%,71.6%,71.6%,100%,71.7%,100%,100%
2026-09-09 07:00:00,100%,100%,,100%,71.4%,68.9%,100%,71.6%,100%,100%
2026-09-09 10:00:00,94.5%,100%,100%,100%,78.1%,45.8%,87.0%,71.6%,96.8%,100%
2026-09-09 13:00:00,72.9%,100%,100%,82.0%,100%,100%,71.7%,86.9%,73.8%,98.0%
2026-09-09 16:00:00,71.9%,86.2%,100%,71.7%,100%,100%,71.6%,100%,71.6%,73.7%
2026-09-09 19:00:00,71.6%,71.6%,100%,75.4%,100.0%,100%,71.6%,100%,71.5%,71.6%
2026-09-09 22:00:00,71.3%,73.6%,89.6%,100%,78.5%,83.4%,87.7%,100%,67.4%,71.5%
2026-09-10 01:00:00,,100%,89.0%,100%,71.6%,71.6%,100%,84.1%,43.8%,88.5%
2026-09-10 04:00:00,,100%,100%,100%,71.6%,71.6%,100%,71.5%,100%,100%
2026-09-10 07:00:00,79.0%,100%,100%,95.9%,71.5%,71.5%,99.8%,71.6%,100%,100%
2026-09-10 10:00:00,,100%,99.9%,72.5%,40.0%,39.7%,77.5%,70.7%,100%,100%
2026-09-10 13:00:00,,97.9%,77.9%,71.6%,63.2%,26.6%,71.6%,40.6%,100.0%,92.0%
2026-09-10 16:00:00,,73.0%,71.6%,71.4%,100%,23.7%,71.6%,100%,74.9%,71.6%
2026-09-10 19:00:00,,71.6%,71.6%,55.8%,100%,100%,50.7%,100%,71.6%,71.6%
2026-09-10 22:00:00,,71.6%,71.5%,38.6%,99.8%,100%,61.3%,100%,72.0%,71.6%
2026-09-11 01:00:00,100%,90.0%,97.7%,100%,75.0%,96.4%,100%,87.5%,100%,79.9%
2026-09-11 04:00:00,100%,100%,100%,100%,71.6%,71.7%,100%,70.9%,100%,100%
2026-09-11 07:00:00,100%,100%,100%,100.0%,71.6%,72.7%,100%,71.4%,100%,100%
2026-09-11 10:00:00,100%,100%,94.5%,78.8%,56.4%,100%,77.1%,71.5%,99.7%,100%
2026-09-11 13:00:00,99.6%,94.3%,77.4%,71.6%,82.8%,100%,71.6%,60.8%,79.2%,86.7%
2026-09-11 16:00:00,77.2%,71.6%,71.6%,71.6%,100%,100%,71.6%,100%,71.6%,71.6%
2026-09-11 19:00:00,71.6%,71.6%,71.6%,60.3%,100%,100.0%,71.4%,100%,71.6%,71.6%
2026-09-11 22:00:00,73.2%,71.5%,71.6%,44.1%,99.9%,84.3%,92.7%,100%,72.5%,71.6%
2026-09-12 01:00:00,,96.6%,99.4%,100%,80.3%,71.6%,100%,86.6%,100%,79.6%
2026-09-12 04:00:00,,100%,100%,100%,71.7%,71.6%,100%,69.8%,100%,100%
2026-09-12 07:00:00,,100%,100%,100%,71.6%,71.6%,99.2%,71.6%,100%,100%
2026-09-12 10:00:00,97.2%,100.0%,99.1%,91.0%,72.4%,83.9%,72.6%,70.2%,100%,100%
2026-09-12 13:00:00,72.2%,95.6%,72.9%,71.6%,99.8%,100%,71.6%,71.3%,98.7%,100%
2026-09-12 16:00:00,72.6%,72.1%,71.6%,71.6%,,100%,71.6%,100%,72.6%,79.8%
2026-09-12 19:00:00,100%,71.6%,71.4%,95.3%,,100%,65.0%,100%,71.6%,71.6%
2026-09-12 22:00:00,100%,71.6%,46.4%,100%,,81.9%,30.1%,99.0%,73.8%,71.6%
2026-09-13 01:00:00,100%,75.7%,100%,100%,,71.6%,83.5%,79.9%,100%,94.0%
2026-09-13 04:00:00,99.1%,100%,100%,100.0%,,71.5%,100%,71.6%,100%,100%
2026-09-13 07:00:00,79.4%,100%,100%,81.9%,,65.4%,100%,70.0%,100%,100%
2026-09-13 10:00:00,71.6%,100%,100%,71.6%,,52.6%,97.8%,70.8%,100.0%,100%
2026-09-13 13:00:00,71.6%,99.5%,85.5%,71.6%,34.4%,100%,73.5%,38.7%,80.4%,99.4%
2026-09-13 16:00:00,71.5%,80.3%,71.6%,71.4%,87.5%,100%,71.6%,100%,71.6%,73.5%
2026-09-13 19:00:00,46.6%,71.6%,71.5%,39.1%,100%,100%,71.4%,100%,71.6%,71.6%
2026-09-13 22:00:00,65.2%,71.6%,80.3%,73.5%,100%,82.1%,54.4%,100%,71.4%,72.6%
2026-09-14 01:00:00,100%,72.1%,100%,100%,100%,71.6%,85.5%,97.5%,59.4%,100%
2026-09-14 04:00:00,100%,100%,100%,100%,96.9%,71.6%,100%,74.1%,38.6%,100%
2026-09-14 07:00:00,100%,100%,100.0%,90.4%,76.0%,67.2%,100%,71.4%,,100%
2026-09-14 10:00:00,100%,100%,92.6%,71.6%,71.6%,34.5%,100%,71.5%,,100%

