"Time","P_FW - I38","P_FW - I39","P_FW - I40","P_FW - I41","P_FW - I42","P_FW - I43","P_FW - I44","P_FW - I47","P_FW - I48"
2026-06-16 10:00:00,0.170 Mpa,0.159 Mpa,,,,0.364 Mpa,0.200 Mpa,0.132 Mpa,
2026-06-16 13:00:00,0.159 Mpa,0.434 Mpa,0.177 Mpa,,0.200 Mpa,0.341 Mpa,0.294 Mpa,0.295 Mpa,
2026-06-16 16:00:00,0.0986 Mpa,0.189 Mpa,0.164 Mpa,,,0.285 Mpa,0.187 Mpa,0.292 Mpa,
2026-06-16 19:00:00,0.0762 Mpa,0.363 Mpa,0.143 Mpa,,,0.291 Mpa,0.239 Mpa,0.298 Mpa,
2026-06-16 22:00:00,0.0832 Mpa,0.217 Mpa,0.129 Mpa,,0.100 Mpa,0.293 Mpa,0.112 Mpa,0.245 Mpa,
2026-06-17 01:00:00,0.179 Mpa,0.242 Mpa,0.141 Mpa,,0.0845 Mpa,0.278 Mpa,0.297 Mpa,0.178 Mpa,
2026-06-17 04:00:00,,0.385 Mpa,0.119 Mpa,,0.214 Mpa,0.318 Mpa,0.213 Mpa,0.225 Mpa,
2026-06-17 07:00:00,0.0953 Mpa,0.350 Mpa,0.241 Mpa,,0.145 Mpa,0.294 Mpa,0.546 Mpa,0.284 Mpa,
2026-06-17 10:00:00,0.0129 Mpa,0.213 Mpa,0.228 Mpa,,0.171 Mpa,0.356 Mpa,0.276 Mpa,0.222 Mpa,
2026-06-17 13:00:00,,0.217 Mpa,0.0750 Mpa,,0.478 Mpa,0.421 Mpa,0.533 Mpa,0.258 Mpa,
2026-06-17 16:00:00,,0.189 Mpa,0.129 Mpa,0.176 Mpa,0.164 Mpa,0.258 Mpa,0.298 Mpa,0.286 Mpa,
2026-06-17 19:00:00,,0.174 Mpa,0.202 Mpa,0.102 Mpa,0.122 Mpa,0.292 Mpa,0.153 Mpa,0.208 Mpa,
2026-06-17 22:00:00,,0.183 Mpa,0.176 Mpa,0.140 Mpa,0.180 Mpa,0.316 Mpa,0.168 Mpa,0.245 Mpa,
2026-06-18 01:00:00,,1.58 Mpa,0.135 Mpa,0.202 Mpa,0.0918 Mpa,0.293 Mpa,0.139 Mpa,0.256 Mpa,
2026-06-18 04:00:00,,0.0653 Mpa,0.114 Mpa,0.205 Mpa,0.0972 Mpa,0.252 Mpa,0.140 Mpa,0.252 Mpa,
2026-06-18 07:00:00,,0.444 Mpa,0.158 Mpa,0.147 Mpa,0.338 Mpa,0.331 Mpa,0.136 Mpa,0.227 Mpa,
2026-06-18 10:00:00,,0.421 Mpa,0.173 Mpa,0.180 Mpa,0.246 Mpa,0.357 Mpa,0.117 Mpa,0.483 Mpa,
2026-06-18 13:00:00,,0.0753 Mpa,0.705 Mpa,0.0940 Mpa,0.0910 Mpa,0.312 Mpa,0.0851 Mpa,0.315 Mpa,
2026-06-18 16:00:00,0.209 Mpa,0.141 Mpa,0.270 Mpa,0.295 Mpa,0.106 Mpa,0.354 Mpa,0.0995 Mpa,0.323 Mpa,
2026-06-18 19:00:00,0.202 Mpa,0.0812 Mpa,0.197 Mpa,0.178 Mpa,0.272 Mpa,0.373 Mpa,0.170 Mpa,0.360 Mpa,
2026-06-18 22:00:00,0.123 Mpa,0.0702 Mpa,0.193 Mpa,0.181 Mpa,0.312 Mpa,0.291 Mpa,0.166 Mpa,0.251 Mpa,
2026-06-19 01:00:00,0.179 Mpa,0.234 Mpa,0.262 Mpa,0.234 Mpa,0.107 Mpa,0.307 Mpa,0.149 Mpa,0.272 Mpa,
2026-06-19 04:00:00,0.259 Mpa,0.122 Mpa,0.178 Mpa,0.146 Mpa,0.129 Mpa,0.317 Mpa,0.208 Mpa,0.337 Mpa,
2026-06-19 07:00:00,0.490 Mpa,0.00109 Mpa,0.216 Mpa,0.220 Mpa,0.0951 Mpa,0.332 Mpa,0.167 Mpa,0.279 Mpa,
2026-06-19 10:00:00,0.338 Mpa,0.211 Mpa,0.143 Mpa,0.304 Mpa,0.166 Mpa,0.344 Mpa,0.371 Mpa,0.305 Mpa,
2026-06-19 13:00:00,0.263 Mpa,0.105 Mpa,0.216 Mpa,0.279 Mpa,0.224 Mpa,0.262 Mpa,0.265 Mpa,0.359 Mpa,
2026-06-19 16:00:00,0.283 Mpa,0.133 Mpa,0.207 Mpa,0.263 Mpa,0.109 Mpa,0.279 Mpa,0.300 Mpa,0.424 Mpa,
2026-06-19 19:00:00,0.239 Mpa,0.163 Mpa,0.226 Mpa,0.173 Mpa,0.0260 Mpa,0.265 Mpa,0.243 Mpa,0.289 Mpa,
2026-06-19 22:00:00,0.178 Mpa,0.134 Mpa,0.177 Mpa,0.258 Mpa,0.0624 Mpa,0.300 Mpa,0.204 Mpa,0.282 Mpa,
2026-06-20 01:00:00,0.0830 Mpa,0.155 Mpa,0.230 Mpa,0.250 Mpa,,0.363 Mpa,0.141 Mpa,0.300 Mpa,
2026-06-20 04:00:00,0.156 Mpa,0.221 Mpa,0.127 Mpa,0.352 Mpa,,0.314 Mpa,0.230 Mpa,0.328 Mpa,
2026-06-20 07:00:00,0.104 Mpa,0.180 Mpa,0.271 Mpa,0.511 Mpa,,0.423 Mpa,0.142 Mpa,0.410 Mpa,
2026-06-20 10:00:00,0.170 Mpa,0.329 Mpa,0.192 Mpa,0.376 Mpa,0.00106 Mpa,0.441 Mpa,0.223 Mpa,0.317 Mpa,
2026-06-20 13:00:00,0.115 Mpa,0.162 Mpa,0.167 Mpa,0.190 Mpa,,0.411 Mpa,0.147 Mpa,0.307 Mpa,
2026-06-20 16:00:00,0.0551 Mpa,0.0915 Mpa,0.132 Mpa,0.138 Mpa,,0.401 Mpa,0.181 Mpa,0.249 Mpa,
2026-06-20 19:00:00,0.00408 Mpa,0.231 Mpa,0.132 Mpa,0.311 Mpa,,0.397 Mpa,0.119 Mpa,0.325 Mpa,
2026-06-20 22:00:00,0 Mpa,0.196 Mpa,0.160 Mpa,0.196 Mpa,,0.311 Mpa,0.257 Mpa,0.247 Mpa,
2026-06-21 01:00:00,0 Mpa,0.136 Mpa,0.238 Mpa,0.258 Mpa,,0.250 Mpa,0.157 Mpa,0.210 Mpa,
2026-06-21 04:00:00,0.0524 Mpa,0.0806 Mpa,0.269 Mpa,0.157 Mpa,,0.412 Mpa,0.164 Mpa,0.378 Mpa,
2026-06-21 07:00:00,0.156 Mpa,3.92 Mpa,0.285 Mpa,0.303 Mpa,,0.469 Mpa,0.240 Mpa,0.383 Mpa,
2026-06-21 10:00:00,0.219 Mpa,5.89 Mpa,0.245 Mpa,0.174 Mpa,,0.456 Mpa,0.0543 Mpa,0.377 Mpa,
2026-06-21 13:00:00,0.115 Mpa,3.26 Mpa,,0.0611 Mpa,,,,0.139 Mpa,
2026-06-21 16:00:00,0.0755 Mpa,5.96 Mpa,0.156 Mpa,0.252 Mpa,,0.465 Mpa,0.105 Mpa,0.195 Mpa,
2026-06-21 19:00:00,0.0833 Mpa,6.10 Mpa,0.180 Mpa,0.178 Mpa,,0.302 Mpa,0.222 Mpa,0.462 Mpa,
2026-06-21 22:00:00,0.0984 Mpa,6.10 Mpa,0.207 Mpa,0.210 Mpa,0.202 Mpa,0.310 Mpa,0.206 Mpa,0.254 Mpa,
2026-06-22 01:00:00,0.255 Mpa,5.90 Mpa,0.233 Mpa,0.180 Mpa,0.00212 Mpa,0.344 Mpa,0.194 Mpa,0.257 Mpa,
2026-06-22 04:00:00,0.171 Mpa,0.222 Mpa,0.161 Mpa,0.228 Mpa,0.0565 Mpa,0.338 Mpa,0.144 Mpa,0.423 Mpa,
2026-06-22 07:00:00,0.0989 Mpa,0.111 Mpa,0.480 Mpa,0.189 Mpa,0.154 Mpa,0.338 Mpa,0.496 Mpa,0.350 Mpa,
2026-06-22 10:00:00,0.221 Mpa,0.126 Mpa,0.357 Mpa,0.209 Mpa,0.0983 Mpa,0.477 Mpa,0.157 Mpa,0.495 Mpa,
2026-06-22 13:00:00,0.140 Mpa,0.167 Mpa,0.223 Mpa,0.171 Mpa,0.0300 Mpa,,0.329 Mpa,0.708 Mpa,
2026-06-22 16:00:00,0.102 Mpa,0.0720 Mpa,0.160 Mpa,0.182 Mpa,0.0606 Mpa,,0.136 Mpa,0.536 Mpa,
2026-06-22 19:00:00,0.103 Mpa,0.259 Mpa,0.161 Mpa,0.209 Mpa,0.0705 Mpa,0.180 Mpa,0.226 Mpa,0.344 Mpa,
2026-06-22 22:00:00,0.0832 Mpa,0.185 Mpa,0.223 Mpa,0.213 Mpa,0.0898 Mpa,,0.179 Mpa,0.284 Mpa,
2026-06-23 01:00:00,0.207 Mpa,0.0778 Mpa,0.197 Mpa,0.226 Mpa,0.0448 Mpa,,0.215 Mpa,0.243 Mpa,
2026-06-23 04:00:00,0.130 Mpa,0.0608 Mpa,0.158 Mpa,0.215 Mpa,0.0872 Mpa,,0.178 Mpa,0.317 Mpa,
2026-06-23 07:00:00,0.0882 Mpa,0.0132 Mpa,0.245 Mpa,0.241 Mpa,0.102 Mpa,,0.202 Mpa,0.243 Mpa,
2026-06-23 10:00:00,0.201 Mpa,0.307 Mpa,0.141 Mpa,0.278 Mpa,0.0652 Mpa,0.235 Mpa,0.187 Mpa,0.252 Mpa,
2026-06-23 13:00:00,0.221 Mpa,0.424 Mpa,0.110 Mpa,0.225 Mpa,0.229 Mpa,,0.230 Mpa,0.267 Mpa,
2026-06-23 16:00:00,0.103 Mpa,,0.206 Mpa,0.199 Mpa,0.128 Mpa,0.144 Mpa,0.151 Mpa,0.354 Mpa,
2026-06-23 19:00:00,0.117 Mpa,,0.180 Mpa,0.219 Mpa,0.115 Mpa,,0.148 Mpa,0.271 Mpa,
2026-06-23 22:00:00,0.112 Mpa,0.424 Mpa,0.225 Mpa,0.341 Mpa,0.0769 Mpa,0.148 Mpa,0.146 Mpa,0.354 Mpa,
2026-06-24 01:00:00,0.111 Mpa,0.431 Mpa,0.220 Mpa,0.260 Mpa,0.110 Mpa,,0.0838 Mpa,0.366 Mpa,
2026-06-24 04:00:00,0.0662 Mpa,,0.186 Mpa,0.383 Mpa,0.155 Mpa,,,0.285 Mpa,
2026-06-24 07:00:00,0.187 Mpa,,0.283 Mpa,0.468 Mpa,0.188 Mpa,,,0.299 Mpa,
2026-06-24 10:00:00,0.237 Mpa,,0.160 Mpa,0.321 Mpa,0.111 Mpa,0.147 Mpa,0.0470 Mpa,0.263 Mpa,
2026-06-24 13:00:00,0.154 Mpa,,0.142 Mpa,0.176 Mpa,0.104 Mpa,0.176 Mpa,,0.274 Mpa,
2026-06-24 16:00:00,0.144 Mpa,0.425 Mpa,0.326 Mpa,0.232 Mpa,0.0103 Mpa,0.315 Mpa,,0.285 Mpa,
2026-06-24 19:00:00,0.105 Mpa,0.439 Mpa,0.225 Mpa,0.290 Mpa,0.127 Mpa,0.316 Mpa,,0.359 Mpa,
2026-06-24 22:00:00,0.0906 Mpa,0.455 Mpa,0.256 Mpa,0.214 Mpa,0.0797 Mpa,0.343 Mpa,,0.256 Mpa,
2026-06-25 01:00:00,0.117 Mpa,0.441 Mpa,0.164 Mpa,0.236 Mpa,0.0924 Mpa,0.261 Mpa,,0.148 Mpa,
2026-06-25 04:00:00,0.161 Mpa,0.428 Mpa,0.273 Mpa,0.342 Mpa,0.0283 Mpa,0.341 Mpa,,0.541 Mpa,
2026-06-25 07:00:00,0.155 Mpa,0.438 Mpa,0.308 Mpa,0.269 Mpa,0.178 Mpa,0.362 Mpa,,0.257 Mpa,
2026-06-25 10:00:00,0.214 Mpa,,0.151 Mpa,0.196 Mpa,0.0884 Mpa,0.299 Mpa,0.101 Mpa,0.266 Mpa,
2026-06-25 13:00:00,0.0904 Mpa,,0.206 Mpa,0.228 Mpa,0.111 Mpa,0.475 Mpa,0.198 Mpa,0.243 Mpa,
2026-06-25 16:00:00,0.111 Mpa,0.451 Mpa,0.145 Mpa,0.284 Mpa,0.0836 Mpa,0.291 Mpa,0.222 Mpa,0.259 Mpa,
2026-06-25 19:00:00,0.251 Mpa,,0.191 Mpa,0.140 Mpa,0.171 Mpa,0.357 Mpa,0.246 Mpa,0.267 Mpa,
2026-06-25 22:00:00,0.254 Mpa,,0.0517 Mpa,0.220 Mpa,0.167 Mpa,0.269 Mpa,0.326 Mpa,0.268 Mpa,
2026-06-26 01:00:00,0.0723 Mpa,0.464 Mpa,,0.331 Mpa,0.0630 Mpa,0.276 Mpa,0.186 Mpa,0.316 Mpa,
2026-06-26 04:00:00,0.0850 Mpa,,0.427 Mpa,0.206 Mpa,0.140 Mpa,0.271 Mpa,0.282 Mpa,0.228 Mpa,
2026-06-26 07:00:00,0.140 Mpa,,,0.227 Mpa,0.132 Mpa,0.380 Mpa,0.323 Mpa,0.305 Mpa,
2026-06-26 10:00:00,0.0673 Mpa,,,0.234 Mpa,0.117 Mpa,0.285 Mpa,0.228 Mpa,0.390 Mpa,
2026-06-26 13:00:00,0.0667 Mpa,0.0420 Mpa,,0.295 Mpa,0.276 Mpa,0.503 Mpa,0.425 Mpa,0.291 Mpa,
2026-06-26 16:00:00,0.0385 Mpa,0.00150 Mpa,,0.188 Mpa,0.0991 Mpa,0.397 Mpa,0.268 Mpa,0.203 Mpa,
2026-06-26 19:00:00,0.0786 Mpa,0.0526 Mpa,,0.241 Mpa,0.0826 Mpa,0.255 Mpa,0.223 Mpa,0.285 Mpa,
2026-06-26 22:00:00,0.106 Mpa,0.00171 Mpa,0.0197 Mpa,0.244 Mpa,0.0678 Mpa,0.392 Mpa,0.207 Mpa,0.287 Mpa,
2026-06-27 01:00:00,0.0306 Mpa,0.0842 Mpa,,0.263 Mpa,0.118 Mpa,0.394 Mpa,0.0409 Mpa,0.332 Mpa,
2026-06-27 04:00:00,0.0487 Mpa,,,0.228 Mpa,0.157 Mpa,0.277 Mpa,0.222 Mpa,0.340 Mpa,
2026-06-27 07:00:00,0.341 Mpa,,,0.201 Mpa,0.151 Mpa,0.302 Mpa,0.197 Mpa,0.284 Mpa,
2026-06-27 10:00:00,0.0880 Mpa,,,0.188 Mpa,0.134 Mpa,0.441 Mpa,0.216 Mpa,0.318 Mpa,
2026-06-27 13:00:00,0.0852 Mpa,,0.141 Mpa,0.283 Mpa,0.144 Mpa,0.352 Mpa,0.347 Mpa,0.276 Mpa,
2026-06-27 16:00:00,0.232 Mpa,,0.0849 Mpa,0.209 Mpa,0.310 Mpa,0.351 Mpa,0.212 Mpa,0.245 Mpa,
2026-06-27 19:00:00,0.116 Mpa,,0.142 Mpa,0.279 Mpa,0.110 Mpa,0.421 Mpa,0.590 Mpa,0.318 Mpa,
2026-06-27 22:00:00,0.228 Mpa,,0.135 Mpa,0.139 Mpa,0.130 Mpa,0.377 Mpa,0.215 Mpa,0.268 Mpa,
2026-06-28 01:00:00,0.274 Mpa,,0.123 Mpa,0.253 Mpa,0.0550 Mpa,0.309 Mpa,0.184 Mpa,0.272 Mpa,
2026-06-28 04:00:00,0.109 Mpa,,0.128 Mpa,0.201 Mpa,0.207 Mpa,0.295 Mpa,0.157 Mpa,0.316 Mpa,
2026-06-28 07:00:00,0.0923 Mpa,,0.202 Mpa,0.258 Mpa,0.110 Mpa,0.294 Mpa,0.220 Mpa,0.319 Mpa,
2026-06-28 10:00:00,0.130 Mpa,,0.243 Mpa,0.0690 Mpa,0.233 Mpa,0.316 Mpa,0.303 Mpa,0.484 Mpa,
2026-06-28 13:00:00,0.0660 Mpa,,0.111 Mpa,0.0612 Mpa,0.285 Mpa,0.413 Mpa,0.272 Mpa,0.234 Mpa,
2026-06-28 16:00:00,0.151 Mpa,,0.141 Mpa,0.197 Mpa,0.105 Mpa,0.347 Mpa,0.260 Mpa,0.247 Mpa,
2026-06-28 19:00:00,0.265 Mpa,,0.146 Mpa,0.159 Mpa,0.253 Mpa,0.412 Mpa,0.676 Mpa,0.327 Mpa,
2026-06-28 22:00:00,0.0915 Mpa,,0.143 Mpa,0.181 Mpa,0.231 Mpa,0.302 Mpa,0.278 Mpa,0.288 Mpa,
2026-06-29 01:00:00,0.111 Mpa,,0.253 Mpa,0.231 Mpa,0.0810 Mpa,0.320 Mpa,0.592 Mpa,0.313 Mpa,
2026-06-29 04:00:00,0.110 Mpa,,0.210 Mpa,0.216 Mpa,0.203 Mpa,0.254 Mpa,0.426 Mpa,0.237 Mpa,
2026-06-29 07:00:00,0.0780 Mpa,,0.176 Mpa,0.224 Mpa,0.192 Mpa,0.272 Mpa,0.532 Mpa,0.302 Mpa,
2026-06-29 10:00:00,0.100 Mpa,,0.172 Mpa,0.154 Mpa,0.190 Mpa,0.271 Mpa,0.305 Mpa,0.328 Mpa,
2026-06-29 13:00:00,0.116 Mpa,,0.162 Mpa,0.220 Mpa,0.258 Mpa,0.294 Mpa,0.260 Mpa,0.256 Mpa,
2026-06-29 16:00:00,0.101 Mpa,,0.177 Mpa,0.211 Mpa,0.104 Mpa,0.292 Mpa,0.231 Mpa,0.269 Mpa,
2026-06-29 19:00:00,0.170 Mpa,,0.195 Mpa,0.159 Mpa,0.0879 Mpa,0.344 Mpa,0.661 Mpa,0.298 Mpa,
2026-06-29 22:00:00,0.0886 Mpa,,0.140 Mpa,0.161 Mpa,0.0704 Mpa,0.276 Mpa,0.650 Mpa,0.232 Mpa,
2026-06-30 01:00:00,0.111 Mpa,,0.131 Mpa,0.168 Mpa,0.220 Mpa,0.289 Mpa,0.387 Mpa,0.297 Mpa,
2026-06-30 04:00:00,0.0793 Mpa,,0.190 Mpa,0.162 Mpa,0.142 Mpa,0.288 Mpa,0.448 Mpa,0.278 Mpa,
2026-06-30 07:00:00,0.186 Mpa,,0.460 Mpa,0.225 Mpa,0.0324 Mpa,0.342 Mpa,0.292 Mpa,0.288 Mpa,
2026-06-30 10:00:00,0.182 Mpa,,0.131 Mpa,0.304 Mpa,0.0749 Mpa,0.410 Mpa,0.336 Mpa,0.301 Mpa,
2026-06-30 13:00:00,0.114 Mpa,,0.171 Mpa,0.157 Mpa,0.0776 Mpa,0.369 Mpa,0.176 Mpa,0.344 Mpa,
2026-06-30 16:00:00,0.182 Mpa,,0.177 Mpa,0.171 Mpa,0.0966 Mpa,0.314 Mpa,0.334 Mpa,0.314 Mpa,
2026-06-30 19:00:00,0.162 Mpa,,0.167 Mpa,0.175 Mpa,0.188 Mpa,0.280 Mpa,0.286 Mpa,0.376 Mpa,
2026-06-30 22:00:00,0.200 Mpa,,0.247 Mpa,0.0924 Mpa,0.268 Mpa,0.264 Mpa,0.168 Mpa,0.191 Mpa,
2026-07-01 01:00:00,0.178 Mpa,,0.130 Mpa,0.279 Mpa,0.0926 Mpa,0.359 Mpa,0.233 Mpa,,
2026-07-01 04:00:00,0.153 Mpa,,0.129 Mpa,0.237 Mpa,0.257 Mpa,0.291 Mpa,0.233 Mpa,,
2026-07-01 07:00:00,0.187 Mpa,,0.414 Mpa,0.186 Mpa,0.352 Mpa,0.380 Mpa,0.200 Mpa,,
2026-07-01 10:00:00,0.193 Mpa,,0.146 Mpa,0.349 Mpa,0.0839 Mpa,0.393 Mpa,0.386 Mpa,0.837 Mpa,
2026-07-01 13:00:00,0.0849 Mpa,,0.160 Mpa,0.209 Mpa,0.142 Mpa,0.396 Mpa,0.290 Mpa,,
2026-07-01 16:00:00,0.0667 Mpa,,0.128 Mpa,0.250 Mpa,0.183 Mpa,0.409 Mpa,0.365 Mpa,,
2026-07-01 19:00:00,0.0717 Mpa,,0.155 Mpa,0.318 Mpa,0.232 Mpa,0.292 Mpa,0.247 Mpa,0.523 Mpa,
2026-07-01 22:00:00,0.178 Mpa,,0.175 Mpa,0.217 Mpa,0.0773 Mpa,0.308 Mpa,0.286 Mpa,,
2026-07-02 01:00:00,0.138 Mpa,,0.116 Mpa,0.211 Mpa,0.242 Mpa,0.333 Mpa,0.257 Mpa,,
2026-07-02 04:00:00,0.142 Mpa,,0.147 Mpa,0.165 Mpa,0.0467 Mpa,0.278 Mpa,0.241 Mpa,,
2026-07-02 07:00:00,0.197 Mpa,,0.210 Mpa,0.176 Mpa,0.240 Mpa,0.282 Mpa,0.238 Mpa,,
2026-07-02 10:00:00,0.130 Mpa,,0.133 Mpa,0.162 Mpa,0.132 Mpa,0.282 Mpa,0.197 Mpa,,
2026-07-02 13:00:00,0.0880 Mpa,,0.175 Mpa,0.142 Mpa,0.0802 Mpa,0.300 Mpa,0.316 Mpa,,
2026-07-02 16:00:00,0.0908 Mpa,,0.191 Mpa,0.273 Mpa,0.149 Mpa,0.522 Mpa,0.163 Mpa,,
2026-07-02 19:00:00,0.231 Mpa,,0.188 Mpa,0.235 Mpa,0.120 Mpa,0.332 Mpa,0.278 Mpa,,
2026-07-02 22:00:00,0.128 Mpa,,0.163 Mpa,,0.0889 Mpa,0.317 Mpa,0.310 Mpa,,
2026-07-03 01:00:00,0.123 Mpa,,0.0983 Mpa,0.0726 Mpa,0.172 Mpa,0.372 Mpa,0.244 Mpa,,
2026-07-03 04:00:00,0.213 Mpa,,0.0984 Mpa,0.227 Mpa,0.138 Mpa,0.336 Mpa,0.566 Mpa,,
2026-07-03 07:00:00,0.111 Mpa,,0.226 Mpa,0.344 Mpa,0.0724 Mpa,0.517 Mpa,0.254 Mpa,,
2026-07-03 10:00:00,0.177 Mpa,,0.143 Mpa,0.182 Mpa,0.170 Mpa,0.526 Mpa,0.313 Mpa,,
2026-07-03 13:00:00,0.136 Mpa,,0.142 Mpa,0.234 Mpa,0.250 Mpa,0.464 Mpa,0.255 Mpa,,
2026-07-03 16:00:00,0.107 Mpa,,0.124 Mpa,0.228 Mpa,0.121 Mpa,0.436 Mpa,0.298 Mpa,,
2026-07-03 19:00:00,0.00791 Mpa,,0.119 Mpa,0.200 Mpa,0.151 Mpa,0.419 Mpa,0.298 Mpa,,
2026-07-03 22:00:00,0.108 Mpa,,0.132 Mpa,0.206 Mpa,0.0617 Mpa,0.364 Mpa,0.343 Mpa,,
2026-07-04 01:00:00,0.00128 Mpa,,0.182 Mpa,0.209 Mpa,0.123 Mpa,0.360 Mpa,0.264 Mpa,,
2026-07-04 04:00:00,,,0.149 Mpa,0.174 Mpa,0.110 Mpa,0.353 Mpa,0.316 Mpa,,
2026-07-04 07:00:00,0.0139 Mpa,,0.268 Mpa,0.232 Mpa,0.149 Mpa,0.285 Mpa,0.238 Mpa,,
2026-07-04 10:00:00,0.117 Mpa,,0.219 Mpa,0.338 Mpa,0.183 Mpa,0.894 Mpa,0.301 Mpa,,
2026-07-04 13:00:00,0.138 Mpa,,0.184 Mpa,0.301 Mpa,0.0176 Mpa,0.560 Mpa,0.457 Mpa,,
2026-07-04 16:00:00,0.0882 Mpa,,0.146 Mpa,0.221 Mpa,0.166 Mpa,0.352 Mpa,0.273 Mpa,,
2026-07-04 19:00:00,0.162 Mpa,,0.130 Mpa,0.249 Mpa,0.163 Mpa,0.453 Mpa,0.274 Mpa,,
2026-07-04 22:00:00,0.270 Mpa,,0.140 Mpa,0.349 Mpa,0.253 Mpa,0.277 Mpa,0.400 Mpa,0.263 Mpa,
2026-07-05 01:00:00,0.109 Mpa,,0.0602 Mpa,0.184 Mpa,0.0454 Mpa,0.289 Mpa,0.200 Mpa,,
2026-07-05 04:00:00,0.116 Mpa,,0.121 Mpa,0.209 Mpa,0.265 Mpa,0.300 Mpa,0.263 Mpa,,
2026-07-05 07:00:00,0.120 Mpa,,0.330 Mpa,0.403 Mpa,0.101 Mpa,0.299 Mpa,0.341 Mpa,,
2026-07-05 10:00:00,0.117 Mpa,,0.185 Mpa,0.233 Mpa,0.123 Mpa,0.292 Mpa,0.248 Mpa,,
2026-07-05 13:00:00,0.200 Mpa,,0.219 Mpa,0.343 Mpa,0.313 Mpa,0.374 Mpa,0.470 Mpa,,
2026-07-05 16:00:00,0.242 Mpa,,0.234 Mpa,0.153 Mpa,0.231 Mpa,0.304 Mpa,0.252 Mpa,,
2026-07-05 19:00:00,0.106 Mpa,,0.132 Mpa,0.172 Mpa,0.142 Mpa,0.264 Mpa,0.269 Mpa,,
2026-07-05 22:00:00,0.183 Mpa,,0.135 Mpa,0.241 Mpa,0.0410 Mpa,0.417 Mpa,0.211 Mpa,,
2026-07-06 01:00:00,0.0626 Mpa,,0.133 Mpa,0.197 Mpa,0.0450 Mpa,0.325 Mpa,0.241 Mpa,,
2026-07-06 04:00:00,0.0835 Mpa,,0.152 Mpa,0.245 Mpa,0.104 Mpa,0.426 Mpa,0.204 Mpa,,
2026-07-06 07:00:00,0.0394 Mpa,,0.256 Mpa,0.257 Mpa,0.208 Mpa,0.316 Mpa,0.321 Mpa,,
2026-07-06 10:00:00,0.249 Mpa,,0.283 Mpa,0.256 Mpa,0.206 Mpa,0.291 Mpa,0.301 Mpa,0.221 Mpa,
2026-07-06 13:00:00,0.105 Mpa,,0.247 Mpa,0.322 Mpa,0.226 Mpa,0.533 Mpa,0.296 Mpa,0.168 Mpa,
2026-07-06 16:00:00,0.119 Mpa,,0.220 Mpa,0.197 Mpa,0.261 Mpa,0.326 Mpa,0.207 Mpa,0.276 Mpa,
2026-07-06 19:00:00,0.112 Mpa,,0.148 Mpa,0.239 Mpa,0.252 Mpa,0.275 Mpa,0.273 Mpa,,
2026-07-06 22:00:00,0.121 Mpa,,0.247 Mpa,0.251 Mpa,0.0687 Mpa,0.307 Mpa,0.299 Mpa,,
2026-07-07 01:00:00,0.0813 Mpa,,0.129 Mpa,0.322 Mpa,0.0202 Mpa,0.279 Mpa,0.207 Mpa,,
2026-07-07 04:00:00,0.123 Mpa,,0.116 Mpa,0.246 Mpa,0.135 Mpa,0.358 Mpa,0.215 Mpa,,
2026-07-07 07:00:00,0.0751 Mpa,,0.339 Mpa,0.0861 Mpa,0.216 Mpa,0.277 Mpa,0.270 Mpa,,
2026-07-07 10:00:00,0.108 Mpa,,0.197 Mpa,0.364 Mpa,0.109 Mpa,,0.370 Mpa,,
2026-07-07 13:00:00,0.127 Mpa,,0.402 Mpa,,0.341 Mpa,1.54 Mpa,0.316 Mpa,,
2026-07-07 16:00:00,0.114 Mpa,,0.236 Mpa,0.182 Mpa,0.0757 Mpa,0.583 Mpa,0.294 Mpa,,
2026-07-07 19:00:00,0.107 Mpa,,0.0654 Mpa,0.192 Mpa,0.0876 Mpa,0.371 Mpa,0.283 Mpa,,
2026-07-07 22:00:00,0.116 Mpa,,0.0720 Mpa,0.170 Mpa,0.0352 Mpa,0.287 Mpa,0.315 Mpa,,
2026-07-08 01:00:00,0.210 Mpa,,0.154 Mpa,0.106 Mpa,0.210 Mpa,0.329 Mpa,0.322 Mpa,,
2026-07-08 04:00:00,0.0963 Mpa,,0.156 Mpa,,0.345 Mpa,0.289 Mpa,0.248 Mpa,,
2026-07-08 07:00:00,0.0835 Mpa,,0.165 Mpa,0.313 Mpa,0.201 Mpa,0.298 Mpa,0.363 Mpa,,
2026-07-08 10:00:00,0.0927 Mpa,,0.0671 Mpa,,0.163 Mpa,0.429 Mpa,0.490 Mpa,,
2026-07-08 13:00:00,0.0415 Mpa,,0.203 Mpa,,0.414 Mpa,0.370 Mpa,0.217 Mpa,,
2026-07-08 16:00:00,0.0942 Mpa,,0.144 Mpa,,0.233 Mpa,0.278 Mpa,0.266 Mpa,,
2026-07-08 19:00:00,0.197 Mpa,,0.120 Mpa,,0.144 Mpa,0.301 Mpa,0.442 Mpa,,0.359 Mpa
2026-07-08 22:00:00,0.161 Mpa,,0.189 Mpa,,0.243 Mpa,0.268 Mpa,0.516 Mpa,,0.284 Mpa
2026-07-09 01:00:00,0.324 Mpa,,0.128 Mpa,,0.162 Mpa,0.298 Mpa,0.268 Mpa,,0.331 Mpa
2026-07-09 04:00:00,0.246 Mpa,,0.141 Mpa,,0.109 Mpa,0.307 Mpa,0.344 Mpa,,0.316 Mpa
2026-07-09 07:00:00,0.336 Mpa,,0.147 Mpa,,0.150 Mpa,0.327 Mpa,0.282 Mpa,,0.278 Mpa
2026-07-09 10:00:00,0.280 Mpa,,0.128 Mpa,,0.232 Mpa,0.316 Mpa,0.312 Mpa,,0.228 Mpa
2026-07-09 13:00:00,0.0721 Mpa,,0.174 Mpa,0.0321 Mpa,0.298 Mpa,0.307 Mpa,0.307 Mpa,,0.171 Mpa
2026-07-09 16:00:00,0.245 Mpa,,0.178 Mpa,0.0518 Mpa,0.267 Mpa,0.257 Mpa,0.219 Mpa,,0.195 Mpa
2026-07-09 19:00:00,0.0957 Mpa,,0.206 Mpa,,0.451 Mpa,0.259 Mpa,0.230 Mpa,,0.208 Mpa
2026-07-09 22:00:00,0.0831 Mpa,,0.155 Mpa,,0.530 Mpa,0.290 Mpa,0.248 Mpa,,0.270 Mpa
2026-07-10 01:00:00,0.114 Mpa,,0.218 Mpa,0.0481 Mpa,0.345 Mpa,0.285 Mpa,0.336 Mpa,,0.260 Mpa
2026-07-10 04:00:00,0.125 Mpa,,0.234 Mpa,0.100 Mpa,0.260 Mpa,0.284 Mpa,0.181 Mpa,,0.241 Mpa
2026-07-10 07:00:00,0.141 Mpa,,0.187 Mpa,0.333 Mpa,0.0948 Mpa,0.331 Mpa,0.0606 Mpa,,0.257 Mpa
2026-07-10 10:00:00,0.110 Mpa,,0.152 Mpa,0.420 Mpa,0.104 Mpa,0.389 Mpa,0.139 Mpa,,0.368 Mpa
2026-07-10 13:00:00,0.120 Mpa,,0.227 Mpa,0.199 Mpa,0.128 Mpa,0.452 Mpa,0.194 Mpa,,0.242 Mpa
2026-07-10 16:00:00,0.101 Mpa,,0.141 Mpa,0.315 Mpa,0.492 Mpa,0.340 Mpa,0.232 Mpa,,0.321 Mpa
2026-07-10 19:00:00,0.122 Mpa,,0.162 Mpa,0.235 Mpa,,0.273 Mpa,0.396 Mpa,,0.275 Mpa
2026-07-10 22:00:00,0.130 Mpa,,0.180 Mpa,0.212 Mpa,,0.271 Mpa,0.259 Mpa,,0.224 Mpa
2026-07-11 01:00:00,0.117 Mpa,,0.162 Mpa,0.137 Mpa,0.443 Mpa,0.355 Mpa,0.289 Mpa,,0.235 Mpa
2026-07-11 04:00:00,0.136 Mpa,,0.0242 Mpa,0.196 Mpa,0.162 Mpa,0.333 Mpa,0.304 Mpa,,0.211 Mpa
2026-07-11 07:00:00,0.114 Mpa,,,0.105 Mpa,0.0416 Mpa,0.308 Mpa,0.241 Mpa,,0.281 Mpa
2026-07-11 10:00:00,0.0705 Mpa,,0.131 Mpa,0.243 Mpa,0.102 Mpa,0.252 Mpa,0.210 Mpa,,0.341 Mpa
2026-07-11 13:00:00,0.143 Mpa,,0.157 Mpa,0.288 Mpa,0.166 Mpa,0.334 Mpa,0.200 Mpa,,0.344 Mpa
2026-07-11 16:00:00,0.262 Mpa,,0.161 Mpa,0.239 Mpa,0.169 Mpa,0.288 Mpa,0.242 Mpa,,0.303 Mpa
2026-07-11 19:00:00,0.230 Mpa,,0.104 Mpa,0.214 Mpa,0.106 Mpa,0.281 Mpa,0.353 Mpa,,0.267 Mpa
2026-07-11 22:00:00,0.143 Mpa,,0.200 Mpa,0.222 Mpa,0.0291 Mpa,0.290 Mpa,0.213 Mpa,,0.244 Mpa
2026-07-12 01:00:00,0.130 Mpa,,0.281 Mpa,0.159 Mpa,0.0833 Mpa,0.384 Mpa,0.259 Mpa,,0.214 Mpa
2026-07-12 04:00:00,0.126 Mpa,,0.227 Mpa,0.187 Mpa,0.0814 Mpa,0.287 Mpa,0.324 Mpa,,0.232 Mpa
2026-07-12 07:00:00,0.143 Mpa,,0.167 Mpa,0.137 Mpa,0.145 Mpa,0.269 Mpa,0.390 Mpa,,0.297 Mpa
2026-07-12 10:00:00,0.269 Mpa,,0.136 Mpa,0.216 Mpa,0.410 Mpa,0.284 Mpa,0.284 Mpa,,0.323 Mpa
2026-07-12 13:00:00,0.202 Mpa,,0.202 Mpa,0.180 Mpa,0.295 Mpa,0.299 Mpa,0.460 Mpa,,0.292 Mpa
2026-07-12 16:00:00,0.167 Mpa,,0.156 Mpa,0.317 Mpa,0.299 Mpa,0.302 Mpa,0.277 Mpa,,0.339 Mpa
2026-07-12 19:00:00,0.361 Mpa,,0.266 Mpa,0.209 Mpa,0.354 Mpa,0.312 Mpa,0.367 Mpa,,0.247 Mpa
2026-07-12 22:00:00,0.468 Mpa,,0.253 Mpa,0.106 Mpa,0.272 Mpa,0.307 Mpa,0.211 Mpa,,0.415 Mpa
2026-07-13 01:00:00,0.282 Mpa,,0.159 Mpa,0.107 Mpa,0.223 Mpa,0.291 Mpa,0.255 Mpa,,0.306 Mpa
2026-07-13 04:00:00,,,0.234 Mpa,0.310 Mpa,0.0869 Mpa,0.283 Mpa,0.225 Mpa,,0.318 Mpa
2026-07-13 07:00:00,,,0.160 Mpa,0.274 Mpa,0.284 Mpa,0.400 Mpa,0.230 Mpa,,0.278 Mpa
2026-07-13 10:00:00,0.00249 Mpa,,0.184 Mpa,0.242 Mpa,0.0591 Mpa,0.516 Mpa,0.273 Mpa,,0.399 Mpa
2026-07-13 13:00:00,,,0.192 Mpa,0.682 Mpa,0.240 Mpa,0.516 Mpa,0.455 Mpa,,0.254 Mpa
2026-07-13 16:00:00,,,0.179 Mpa,0.285 Mpa,0.204 Mpa,0.259 Mpa,0.317 Mpa,,0.206 Mpa
2026-07-13 19:00:00,,,0.297 Mpa,0.182 Mpa,0.153 Mpa,0.275 Mpa,0.584 Mpa,,0.204 Mpa
2026-07-13 22:00:00,,,0.313 Mpa,0.192 Mpa,0.0874 Mpa,0.290 Mpa,0.333 Mpa,,0.131 Mpa
2026-07-14 01:00:00,,,0.103 Mpa,0.174 Mpa,0.177 Mpa,0.478 Mpa,0.607 Mpa,,0.184 Mpa
2026-07-14 04:00:00,,,0.196 Mpa,0.327 Mpa,0.659 Mpa,0.371 Mpa,0.245 Mpa,,0.210 Mpa
2026-07-14 07:00:00,,,0.392 Mpa,0.201 Mpa,0.471 Mpa,0.685 Mpa,0.238 Mpa,,0.211 Mpa
2026-07-14 10:00:00,,,0.208 Mpa,0.281 Mpa,,0.591 Mpa,0.287 Mpa,,0.230 Mpa
2026-07-14 13:00:00,,,0.170 Mpa,0.214 Mpa,0.340 Mpa,0.482 Mpa,0.228 Mpa,,0.237 Mpa
2026-07-14 16:00:00,,,0.193 Mpa,0.177 Mpa,0.197 Mpa,0.565 Mpa,0.213 Mpa,,0.281 Mpa
2026-07-14 19:00:00,,,0.197 Mpa,0.177 Mpa,0.102 Mpa,0.283 Mpa,0.321 Mpa,,0.259 Mpa
2026-07-14 22:00:00,0.00130 Mpa,,0.384 Mpa,0.209 Mpa,0.0795 Mpa,0.289 Mpa,0.261 Mpa,,0.242 Mpa
2026-07-15 01:00:00,0.00663 Mpa,,0.100 Mpa,0.224 Mpa,0.106 Mpa,0.273 Mpa,0.183 Mpa,,0.175 Mpa
2026-07-15 04:00:00,0.315 Mpa,,0.119 Mpa,0.246 Mpa,0.0940 Mpa,0.261 Mpa,0.264 Mpa,,0.164 Mpa
2026-07-15 07:00:00,0.260 Mpa,,0.198 Mpa,0.209 Mpa,0.154 Mpa,0.265 Mpa,0.257 Mpa,,0.294 Mpa
2026-07-15 10:00:00,0 Mpa,,0.141 Mpa,0.229 Mpa,0.0884 Mpa,0.382 Mpa,0.261 Mpa,,0.152 Mpa
2026-07-15 13:00:00,0.00219 Mpa,,0.175 Mpa,0.405 Mpa,0.0732 Mpa,0.244 Mpa,0.260 Mpa,,0.181 Mpa
2026-07-15 16:00:00,0.118 Mpa,,0.142 Mpa,0.181 Mpa,0.0238 Mpa,0.299 Mpa,0.221 Mpa,,0.204 Mpa
2026-07-15 19:00:00,0.381 Mpa,,0.137 Mpa,0.245 Mpa,0.0534 Mpa,0.298 Mpa,0.235 Mpa,,0.171 Mpa
2026-07-15 22:00:00,0.337 Mpa,,0.228 Mpa,0.140 Mpa,0.127 Mpa,0.283 Mpa,0.341 Mpa,,0.191 Mpa
2026-07-16 01:00:00,0.419 Mpa,,0.160 Mpa,0.226 Mpa,0.266 Mpa,0.259 Mpa,0.156 Mpa,,0.208 Mpa
2026-07-16 04:00:00,0.224 Mpa,,0.188 Mpa,0.232 Mpa,0.169 Mpa,0.271 Mpa,0.218 Mpa,,0.157 Mpa
2026-07-16 07:00:00,0.0760 Mpa,,0.140 Mpa,0.206 Mpa,0.141 Mpa,0.321 Mpa,0.248 Mpa,,0.177 Mpa
2026-07-16 10:00:00,0.132 Mpa,,0.176 Mpa,0.187 Mpa,0.347 Mpa,0.292 Mpa,0.220 Mpa,,0.159 Mpa
2026-07-16 13:00:00,0.0729 Mpa,,0.163 Mpa,0.207 Mpa,0.158 Mpa,0.360 Mpa,0.293 Mpa,,0.241 Mpa
2026-07-16 16:00:00,0.202 Mpa,,0.147 Mpa,0.208 Mpa,0.446 Mpa,0.283 Mpa,0.362 Mpa,,0.211 Mpa
2026-07-16 19:00:00,0.134 Mpa,,0.239 Mpa,0.190 Mpa,0.241 Mpa,0.279 Mpa,0.222 Mpa,,0.209 Mpa
2026-07-16 22:00:00,0.348 Mpa,,0.262 Mpa,0.218 Mpa,0.280 Mpa,0.262 Mpa,0.232 Mpa,,0.195 Mpa
2026-07-17 01:00:00,0.108 Mpa,,0.173 Mpa,0.247 Mpa,0.189 Mpa,0.288 Mpa,0.241 Mpa,,0.233 Mpa
2026-07-17 04:00:00,0.152 Mpa,,0.128 Mpa,0.246 Mpa,0.332 Mpa,0.301 Mpa,0.309 Mpa,,0.431 Mpa
2026-07-17 07:00:00,0.205 Mpa,,0.200 Mpa,0.225 Mpa,0.0911 Mpa,0.311 Mpa,0.415 Mpa,,0.238 Mpa
2026-07-17 10:00:00,0.179 Mpa,,0.165 Mpa,0.222 Mpa,0.0965 Mpa,0.292 Mpa,0.229 Mpa,,0.291 Mpa
2026-07-17 13:00:00,0.165 Mpa,0.0242 Mpa,0.157 Mpa,0.182 Mpa,0.0463 Mpa,0.183 Mpa,0.260 Mpa,,0.227 Mpa
2026-07-17 16:00:00,0.124 Mpa,0.00593 Mpa,0.108 Mpa,0.204 Mpa,0.104 Mpa,0.268 Mpa,0.304 Mpa,,0.369 Mpa
2026-07-17 19:00:00,0.151 Mpa,,0.152 Mpa,0.276 Mpa,0.141 Mpa,0.267 Mpa,0.197 Mpa,,0.255 Mpa
2026-07-17 22:00:00,0.177 Mpa,0.0166 Mpa,0.198 Mpa,0.211 Mpa,0.0673 Mpa,0.269 Mpa,,,0.196 Mpa
2026-07-18 01:00:00,0.228 Mpa,,0.184 Mpa,0.235 Mpa,0.225 Mpa,0.268 Mpa,0.286 Mpa,,0.223 Mpa
2026-07-18 04:00:00,0.152 Mpa,,0.129 Mpa,0.162 Mpa,0.126 Mpa,0.342 Mpa,0.235 Mpa,,0.228 Mpa
2026-07-18 07:00:00,0.0753 Mpa,,0.194 Mpa,0.300 Mpa,0.174 Mpa,0.311 Mpa,0.264 Mpa,,0.231 Mpa
2026-07-18 10:00:00,0.297 Mpa,,0.143 Mpa,0.317 Mpa,0.139 Mpa,0.383 Mpa,0.254 Mpa,,0.302 Mpa
2026-07-18 13:00:00,0.118 Mpa,,0.282 Mpa,0.173 Mpa,0.218 Mpa,0.332 Mpa,0.401 Mpa,,0.288 Mpa
2026-07-18 16:00:00,0.101 Mpa,,0.199 Mpa,0.227 Mpa,0.258 Mpa,0.262 Mpa,0.526 Mpa,,0.309 Mpa
2026-07-18 19:00:00,0.0810 Mpa,,0.209 Mpa,0.216 Mpa,0.199 Mpa,0.270 Mpa,0.274 Mpa,,0.227 Mpa
2026-07-18 22:00:00,0.0578 Mpa,,0.250 Mpa,0.191 Mpa,0.0931 Mpa,0.263 Mpa,0.236 Mpa,,0.224 Mpa
2026-07-19 01:00:00,0.242 Mpa,0.00567 Mpa,0.256 Mpa,0.231 Mpa,0.0289 Mpa,0.260 Mpa,0.206 Mpa,,0.336 Mpa
2026-07-19 04:00:00,0.112 Mpa,0.00900 Mpa,0.292 Mpa,0.202 Mpa,0.0911 Mpa,0.300 Mpa,0.229 Mpa,,0.309 Mpa
2026-07-19 07:00:00,0.214 Mpa,0.0125 Mpa,0.227 Mpa,0.238 Mpa,0.0673 Mpa,0.284 Mpa,0.310 Mpa,,0.410 Mpa
2026-07-19 10:00:00,0.221 Mpa,0.0120 Mpa,0.383 Mpa,0.281 Mpa,0.0920 Mpa,0.428 Mpa,0.711 Mpa,,0.282 Mpa
2026-07-19 13:00:00,0.199 Mpa,0.0604 Mpa,0.205 Mpa,0.311 Mpa,0.219 Mpa,0.302 Mpa,0.541 Mpa,,0.186 Mpa
2026-07-19 16:00:00,0.102 Mpa,0.0217 Mpa,0.184 Mpa,0.192 Mpa,,0.235 Mpa,0.333 Mpa,,0.220 Mpa
2026-07-19 19:00:00,0.0935 Mpa,0.000690 Mpa,0.219 Mpa,0.278 Mpa,0.0614 Mpa,0.470 Mpa,0.299 Mpa,,0.639 Mpa
2026-07-19 22:00:00,0.0952 Mpa,0.000906 Mpa,0.177 Mpa,0.194 Mpa,,0.207 Mpa,0.249 Mpa,,0.314 Mpa
2026-07-20 01:00:00,0.0930 Mpa,0.0284 Mpa,0.183 Mpa,0.203 Mpa,,0.266 Mpa,0.219 Mpa,,0.219 Mpa
2026-07-20 04:00:00,0.0875 Mpa,0.0124 Mpa,0.203 Mpa,0.207 Mpa,,0.317 Mpa,0.357 Mpa,,0.201 Mpa
2026-07-20 07:00:00,0.284 Mpa,1.11 Mpa,0.315 Mpa,0.224 Mpa,,0.334 Mpa,0.315 Mpa,,0.211 Mpa
2026-07-20 10:00:00,0.269 Mpa,0.169 Mpa,1.16 Mpa,0.176 Mpa,,0.404 Mpa,0.397 Mpa,,0.274 Mpa
2026-07-20 13:00:00,0.156 Mpa,0.000836 Mpa,0.584 Mpa,0.411 Mpa,,0.453 Mpa,0.335 Mpa,,0.241 Mpa
2026-07-20 16:00:00,0.201 Mpa,0.00325 Mpa,0.505 Mpa,0.282 Mpa,,0.248 Mpa,0.0873 Mpa,,0.619 Mpa
2026-07-20 19:00:00,0.0820 Mpa,0.00619 Mpa,0.302 Mpa,0.171 Mpa,,0.278 Mpa,0.271 Mpa,,0.426 Mpa
2026-07-20 22:00:00,0.0849 Mpa,0.00690 Mpa,0.296 Mpa,0.233 Mpa,,0.412 Mpa,0.279 Mpa,,0.458 Mpa
2026-07-21 01:00:00,0.267 Mpa,0 Mpa,0.270 Mpa,0.235 Mpa,0.0372 Mpa,0.375 Mpa,0.285 Mpa,,0.246 Mpa
2026-07-21 04:00:00,0.133 Mpa,,0.263 Mpa,0.209 Mpa,0.155 Mpa,0.239 Mpa,0.255 Mpa,,0.266 Mpa
2026-07-21 07:00:00,0.123 Mpa,0.0364 Mpa,0.198 Mpa,0.166 Mpa,0.201 Mpa,0.275 Mpa,0.247 Mpa,,0.210 Mpa
2026-07-21 10:00:00,0.220 Mpa,0.146 Mpa,0.160 Mpa,0.236 Mpa,0.0784 Mpa,0.469 Mpa,0.271 Mpa,,0.272 Mpa
2026-07-21 13:00:00,0.210 Mpa,,0.245 Mpa,0.305 Mpa,0.119 Mpa,0.388 Mpa,0.340 Mpa,,0.274 Mpa
2026-07-21 16:00:00,0.0762 Mpa,,0.245 Mpa,0.211 Mpa,0.119 Mpa,0.244 Mpa,0.243 Mpa,,
2026-07-21 19:00:00,0.194 Mpa,,0.202 Mpa,0.236 Mpa,0.175 Mpa,0.435 Mpa,0.359 Mpa,,0.226 Mpa
2026-07-21 22:00:00,0.167 Mpa,,0.305 Mpa,0.357 Mpa,0.165 Mpa,0.467 Mpa,0.210 Mpa,,
2026-07-22 01:00:00,0.196 Mpa,,0.160 Mpa,0.330 Mpa,0.178 Mpa,0.271 Mpa,0.252 Mpa,,
2026-07-22 04:00:00,0.279 Mpa,,0.144 Mpa,0.376 Mpa,0.313 Mpa,0.313 Mpa,0.224 Mpa,,
2026-07-22 07:00:00,0.121 Mpa,,0.227 Mpa,0.290 Mpa,0.142 Mpa,0.242 Mpa,0.354 Mpa,,
2026-07-22 10:00:00,0.229 Mpa,,0.125 Mpa,0.375 Mpa,0.0804 Mpa,0.228 Mpa,0.343 Mpa,,
2026-07-22 13:00:00,0.0000258 Mpa,,0.186 Mpa,0.251 Mpa,0.104 Mpa,0.432 Mpa,0.329 Mpa,,
2026-07-22 16:00:00,0.145 Mpa,,0.156 Mpa,0.206 Mpa,0.224 Mpa,0.257 Mpa,0.315 Mpa,,0.110 Mpa
2026-07-22 19:00:00,0.135 Mpa,,0.186 Mpa,0.238 Mpa,0.251 Mpa,0.201 Mpa,0.236 Mpa,,0.201 Mpa
2026-07-22 22:00:00,0.242 Mpa,,0.164 Mpa,0.361 Mpa,0.144 Mpa,0.214 Mpa,0.222 Mpa,,0.241 Mpa
2026-07-23 01:00:00,0.341 Mpa,,0.296 Mpa,0.276 Mpa,0.0806 Mpa,0.293 Mpa,0.444 Mpa,,0.379 Mpa
2026-07-23 04:00:00,0.173 Mpa,,0.297 Mpa,0.234 Mpa,0.0394 Mpa,0.432 Mpa,,,0.278 Mpa
2026-07-23 07:00:00,0.139 Mpa,,0.305 Mpa,0.242 Mpa,0.0824 Mpa,,,,0.328 Mpa
2026-07-23 10:00:00,0.116 Mpa,,0.149 Mpa,0.279 Mpa,0.290 Mpa,0.180 Mpa,0.0888 Mpa,,0.208 Mpa
2026-07-23 13:00:00,0.178 Mpa,,0.179 Mpa,0.245 Mpa,0.135 Mpa,0.170 Mpa,,,0.318 Mpa
2026-07-23 16:00:00,0.422 Mpa,,0.175 Mpa,0.269 Mpa,0.243 Mpa,,,,0.0462 Mpa
2026-07-23 19:00:00,0.112 Mpa,,0.115 Mpa,0.264 Mpa,0.227 Mpa,,,,0.0480 Mpa
2026-07-23 22:00:00,0.322 Mpa,,0.222 Mpa,0.299 Mpa,0.188 Mpa,0.537 Mpa,,,0.125 Mpa
2026-07-24 01:00:00,0.131 Mpa,,0.195 Mpa,0.248 Mpa,0.0783 Mpa,,,,0.246 Mpa
2026-07-24 04:00:00,0.237 Mpa,,0.164 Mpa,0.461 Mpa,0.216 Mpa,1.01 Mpa,,,0.206 Mpa
2026-07-24 07:00:00,0.384 Mpa,,0.226 Mpa,0.139 Mpa,0.219 Mpa,0.176 Mpa,,,0.222 Mpa
2026-07-24 10:00:00,0.213 Mpa,,0.166 Mpa,0.193 Mpa,0.274 Mpa,0.209 Mpa,0.132 Mpa,,0.158 Mpa
2026-07-24 13:00:00,0.128 Mpa,,0.249 Mpa,0.205 Mpa,0.451 Mpa,,0.264 Mpa,,0.204 Mpa
2026-07-24 16:00:00,0.172 Mpa,,0.204 Mpa,0.238 Mpa,0.0624 Mpa,,0.186 Mpa,,0.259 Mpa
2026-07-24 19:00:00,0.145 Mpa,,0.187 Mpa,0.258 Mpa,0.0800 Mpa,,0.218 Mpa,,0.267 Mpa
2026-07-24 22:00:00,0.0939 Mpa,,0.157 Mpa,0.339 Mpa,0.0830 Mpa,,0.224 Mpa,,0.215 Mpa
2026-07-25 01:00:00,0.275 Mpa,,0.129 Mpa,0.299 Mpa,0.109 Mpa,,0.249 Mpa,,0.178 Mpa
2026-07-25 04:00:00,0.275 Mpa,,0.224 Mpa,0.349 Mpa,0.112 Mpa,,0.201 Mpa,,0.260 Mpa
2026-07-25 07:00:00,0.0945 Mpa,,0.198 Mpa,0.301 Mpa,0.163 Mpa,,0.381 Mpa,,0.198 Mpa
2026-07-25 10:00:00,0.0735 Mpa,0.701 Mpa,0.203 Mpa,0.387 Mpa,0.197 Mpa,,0.204 Mpa,,0.229 Mpa
2026-07-25 13:00:00,0.146 Mpa,,0.176 Mpa,0.356 Mpa,0.176 Mpa,,0.331 Mpa,,0.151 Mpa
2026-07-25 16:00:00,0.0768 Mpa,,0.213 Mpa,0.325 Mpa,0.125 Mpa,,0.184 Mpa,,0.211 Mpa
2026-07-25 19:00:00,0.135 Mpa,,0.171 Mpa,0.295 Mpa,0.149 Mpa,,0.297 Mpa,,0.178 Mpa
2026-07-25 22:00:00,0.0995 Mpa,,0.192 Mpa,0.291 Mpa,0.170 Mpa,,0.352 Mpa,,0.215 Mpa
2026-07-26 01:00:00,0.105 Mpa,,0.147 Mpa,0.279 Mpa,0.131 Mpa,,0.259 Mpa,,0.263 Mpa
2026-07-26 04:00:00,0.238 Mpa,,0.148 Mpa,0.266 Mpa,0.139 Mpa,,0.320 Mpa,,0.259 Mpa
2026-07-26 07:00:00,0.0782 Mpa,,0.222 Mpa,0.310 Mpa,0.175 Mpa,,0.262 Mpa,,0.243 Mpa
2026-07-26 10:00:00,0.0692 Mpa,,0.218 Mpa,0.241 Mpa,0.158 Mpa,,0.326 Mpa,,0.265 Mpa
2026-07-26 13:00:00,0.125 Mpa,,0.236 Mpa,0.390 Mpa,0.378 Mpa,,0.297 Mpa,,0.244 Mpa
2026-07-26 16:00:00,0.142 Mpa,,0.179 Mpa,0.334 Mpa,0.183 Mpa,,0.280 Mpa,,0.417 Mpa
2026-07-26 19:00:00,0.153 Mpa,,0.332 Mpa,0.305 Mpa,0.0677 Mpa,,0.297 Mpa,,0.245 Mpa
2026-07-26 22:00:00,0.194 Mpa,,0.264 Mpa,0.270 Mpa,0.171 Mpa,,0.272 Mpa,,0.236 Mpa
2026-07-27 01:00:00,0.240 Mpa,,0.209 Mpa,0.296 Mpa,,,0.270 Mpa,,0.441 Mpa
2026-07-27 04:00:00,0.522 Mpa,,0.189 Mpa,0.290 Mpa,0 Mpa,,0.270 Mpa,,0.279 Mpa
2026-07-27 07:00:00,0.111 Mpa,,0.238 Mpa,0.254 Mpa,0.476 Mpa,,0.253 Mpa,,0.507 Mpa
2026-07-27 10:00:00,0.133 Mpa,,0.206 Mpa,0.228 Mpa,0.162 Mpa,,0.302 Mpa,,0.234 Mpa
2026-07-27 13:00:00,0.139 Mpa,,0.184 Mpa,0.251 Mpa,0.0833 Mpa,,0.267 Mpa,,0.372 Mpa
2026-07-27 16:00:00,0 Mpa,,0.333 Mpa,0.270 Mpa,0.265 Mpa,,0.220 Mpa,,0.221 Mpa
2026-07-27 19:00:00,,,0.229 Mpa,0.266 Mpa,0.175 Mpa,,0.211 Mpa,,0.258 Mpa
2026-07-27 22:00:00,0.196 Mpa,,0.151 Mpa,0.220 Mpa,0.0775 Mpa,,0.225 Mpa,,0.246 Mpa
2026-07-28 01:00:00,0.243 Mpa,,0.0851 Mpa,0.230 Mpa,0.192 Mpa,,0.223 Mpa,,0.299 Mpa
2026-07-28 04:00:00,0.140 Mpa,,,0.317 Mpa,0.0578 Mpa,,0.264 Mpa,,0.261 Mpa
2026-07-28 07:00:00,0.111 Mpa,,,0.353 Mpa,0.0757 Mpa,,0.343 Mpa,,0.298 Mpa
2026-07-28 10:00:00,0.216 Mpa,,0 Mpa,0.236 Mpa,0.340 Mpa,,0.250 Mpa,,0.259 Mpa
2026-07-28 13:00:00,0.172 Mpa,,,0.436 Mpa,0.101 Mpa,,0.386 Mpa,,0.188 Mpa
2026-07-28 16:00:00,0.143 Mpa,,,0.280 Mpa,0.115 Mpa,,0.239 Mpa,,0.180 Mpa
2026-07-28 19:00:00,0.245 Mpa,,,0.230 Mpa,0.261 Mpa,,0.297 Mpa,,0.184 Mpa
2026-07-28 22:00:00,0.109 Mpa,,,0.285 Mpa,0.498 Mpa,,0.233 Mpa,,0.211 Mpa
2026-07-29 01:00:00,0.103 Mpa,,,0.267 Mpa,0.0416 Mpa,,0.267 Mpa,,0.280 Mpa
2026-07-29 04:00:00,0.227 Mpa,,,0.219 Mpa,0.169 Mpa,,0.209 Mpa,,0.282 Mpa
2026-07-29 07:00:00,0.128 Mpa,,,0.296 Mpa,0.124 Mpa,,0.232 Mpa,,0.335 Mpa
2026-07-29 10:00:00,0.155 Mpa,,,0.333 Mpa,0.103 Mpa,,0.349 Mpa,,0.417 Mpa
2026-07-29 13:00:00,0.183 Mpa,,0.0234 Mpa,0.273 Mpa,0.0300 Mpa,,0.325 Mpa,,0.307 Mpa
2026-07-29 16:00:00,0.227 Mpa,0.140 Mpa,0.00112 Mpa,0.337 Mpa,0.191 Mpa,,0.205 Mpa,,0.191 Mpa
2026-07-29 19:00:00,0.0917 Mpa,,0.353 Mpa,0.277 Mpa,0.175 Mpa,,0.199 Mpa,,0.194 Mpa
2026-07-29 22:00:00,0.0149 Mpa,,0.113 Mpa,0.246 Mpa,0.189 Mpa,,0.252 Mpa,,0.293 Mpa
2026-07-30 01:00:00,0.0957 Mpa,,0.131 Mpa,0.286 Mpa,0.192 Mpa,,0.281 Mpa,,0.492 Mpa
2026-07-30 04:00:00,0.134 Mpa,,0.112 Mpa,0.218 Mpa,0.158 Mpa,,0.214 Mpa,,0.207 Mpa
2026-07-30 07:00:00,0.102 Mpa,,0.238 Mpa,0.283 Mpa,0.0346 Mpa,,0.246 Mpa,,0.397 Mpa
2026-07-30 10:00:00,0.156 Mpa,0.241 Mpa,0.0884 Mpa,0.217 Mpa,0.152 Mpa,,0.301 Mpa,,0.513 Mpa
2026-07-30 13:00:00,0.114 Mpa,0.00553 Mpa,0.0753 Mpa,0.198 Mpa,0.197 Mpa,,0.560 Mpa,,0.207 Mpa
2026-07-30 16:00:00,0.166 Mpa,0.0938 Mpa,0.137 Mpa,0.236 Mpa,0.0785 Mpa,,0.296 Mpa,,0.206 Mpa
2026-07-30 19:00:00,0.138 Mpa,0.118 Mpa,0.197 Mpa,0.302 Mpa,0.0270 Mpa,,0.218 Mpa,,0.257 Mpa
2026-07-30 22:00:00,0.350 Mpa,0.144 Mpa,0.101 Mpa,0.168 Mpa,0.0865 Mpa,,0.212 Mpa,,0.463 Mpa
2026-07-31 01:00:00,0.142 Mpa,0.0749 Mpa,0.0535 Mpa,0.292 Mpa,0.0665 Mpa,,0.122 Mpa,,0.266 Mpa
2026-07-31 04:00:00,0.120 Mpa,0.145 Mpa,0.121 Mpa,0.171 Mpa,0.0605 Mpa,,0.182 Mpa,,0.266 Mpa
2026-07-31 07:00:00,0.0883 Mpa,0.0857 Mpa,0.316 Mpa,0.314 Mpa,0.0946 Mpa,,0.283 Mpa,,0.277 Mpa
2026-07-31 10:00:00,0.141 Mpa,0.160 Mpa,0.360 Mpa,0.106 Mpa,0.0467 Mpa,,0.254 Mpa,,0.212 Mpa
2026-07-31 13:00:00,0.000700 Mpa,0.122 Mpa,0.245 Mpa,0.268 Mpa,0.0958 Mpa,,0.407 Mpa,,0.209 Mpa
2026-07-31 16:00:00,,0.0914 Mpa,0.118 Mpa,0.279 Mpa,0.165 Mpa,,0.298 Mpa,,0.358 Mpa
2026-07-31 19:00:00,,0.290 Mpa,0.286 Mpa,0.178 Mpa,0.130 Mpa,,0.299 Mpa,,0.253 Mpa
2026-07-31 22:00:00,,0.105 Mpa,0.200 Mpa,0.170 Mpa,0.0740 Mpa,,0.154 Mpa,,0.170 Mpa
2026-08-01 01:00:00,,0.293 Mpa,0.376 Mpa,0.193 Mpa,0.0544 Mpa,,0.519 Mpa,,0.368 Mpa
2026-08-01 04:00:00,,0.608 Mpa,0.113 Mpa,0.197 Mpa,0.233 Mpa,,0.191 Mpa,,0.221 Mpa
2026-08-01 07:00:00,,0.142 Mpa,0.0799 Mpa,0.243 Mpa,0.000196 Mpa,,0.264 Mpa,,0.175 Mpa
2026-08-01 10:00:00,,0.142 Mpa,0.137 Mpa,0.252 Mpa,0.129 Mpa,,0.302 Mpa,,0.186 Mpa
2026-08-01 13:00:00,,0.103 Mpa,0.118 Mpa,0.236 Mpa,0.164 Mpa,,0.335 Mpa,,0.224 Mpa
2026-08-01 16:00:00,,0.147 Mpa,0.115 Mpa,0.0835 Mpa,0.0707 Mpa,,0.284 Mpa,,0.267 Mpa
2026-08-01 19:00:00,,0.0764 Mpa,0.109 Mpa,0.343 Mpa,0.0965 Mpa,,0.228 Mpa,,0.218 Mpa
2026-08-01 22:00:00,0.0162 Mpa,0.215 Mpa,0.0938 Mpa,0.245 Mpa,0.230 Mpa,,0.397 Mpa,,0.173 Mpa
2026-08-02 01:00:00,0.119 Mpa,0.203 Mpa,0.0977 Mpa,0.142 Mpa,0.0489 Mpa,,0.348 Mpa,,0.155 Mpa
2026-08-02 04:00:00,0.112 Mpa,0.153 Mpa,0.122 Mpa,0.320 Mpa,0.132 Mpa,,0.284 Mpa,,0.299 Mpa
2026-08-02 07:00:00,0.0934 Mpa,0.103 Mpa,0.176 Mpa,0.251 Mpa,0.133 Mpa,,0.362 Mpa,,0.254 Mpa
2026-08-02 10:00:00,0.270 Mpa,0.118 Mpa,0.121 Mpa,0.244 Mpa,0.210 Mpa,,0.347 Mpa,,0.282 Mpa
2026-08-02 13:00:00,0.325 Mpa,0.0854 Mpa,0.137 Mpa,0.451 Mpa,0.210 Mpa,,0.269 Mpa,,0.229 Mpa
2026-08-02 16:00:00,0.222 Mpa,0.130 Mpa,0.124 Mpa,0.318 Mpa,0.208 Mpa,,0.202 Mpa,,0.390 Mpa
2026-08-02 19:00:00,0.147 Mpa,0.0940 Mpa,0.118 Mpa,0.306 Mpa,0.218 Mpa,,0.311 Mpa,,0.145 Mpa
2026-08-02 22:00:00,0.264 Mpa,0.185 Mpa,0.145 Mpa,0.216 Mpa,0.141 Mpa,0.0716 Mpa,0.252 Mpa,,0.389 Mpa
2026-08-03 01:00:00,0.265 Mpa,0.0984 Mpa,0.112 Mpa,0.186 Mpa,0.0527 Mpa,0.0852 Mpa,0.199 Mpa,,0.190 Mpa
2026-08-03 04:00:00,0.345 Mpa,0.137 Mpa,0.147 Mpa,0.243 Mpa,0.000174 Mpa,,0.217 Mpa,,0.213 Mpa
2026-08-03 07:00:00,0.144 Mpa,0.160 Mpa,0.119 Mpa,0.571 Mpa,0.0408 Mpa,0.0951 Mpa,0.240 Mpa,,0.275 Mpa
2026-08-03 10:00:00,0.245 Mpa,0.163 Mpa,0.135 Mpa,0.279 Mpa,0.0170 Mpa,,0.286 Mpa,,0.297 Mpa
2026-08-03 13:00:00,0.135 Mpa,0.225 Mpa,0.0885 Mpa,0.255 Mpa,0.0694 Mpa,0.0952 Mpa,0.309 Mpa,,0.185 Mpa
2026-08-03 16:00:00,0.171 Mpa,0.133 Mpa,0.115 Mpa,0.233 Mpa,0.127 Mpa,0.0982 Mpa,0.235 Mpa,,0.239 Mpa
2026-08-03 19:00:00,0.144 Mpa,0.157 Mpa,0.123 Mpa,0.158 Mpa,0.192 Mpa,,0.297 Mpa,,0.198 Mpa
2026-08-03 22:00:00,0.159 Mpa,0.142 Mpa,0.124 Mpa,0.210 Mpa,3.13 Mpa,0.189 Mpa,0.203 Mpa,,0.241 Mpa
2026-08-04 01:00:00,0.183 Mpa,0.203 Mpa,0.0869 Mpa,0.253 Mpa,,0.0998 Mpa,0.253 Mpa,,0.162 Mpa
2026-08-04 04:00:00,0.134 Mpa,0.164 Mpa,0.0996 Mpa,0.270 Mpa,0.00329 Mpa,0.0866 Mpa,0.223 Mpa,,0.164 Mpa
2026-08-04 07:00:00,0.228 Mpa,0.312 Mpa,0.262 Mpa,0.236 Mpa,0.138 Mpa,0.0891 Mpa,0.435 Mpa,,0.179 Mpa
2026-08-04 10:00:00,0.262 Mpa,0.157 Mpa,0.159 Mpa,0.321 Mpa,0.0485 Mpa,,0.310 Mpa,,0.184 Mpa
2026-08-04 13:00:00,0.294 Mpa,0.137 Mpa,0.127 Mpa,0.463 Mpa,0.154 Mpa,,0.257 Mpa,,0.150 Mpa
2026-08-04 16:00:00,0.245 Mpa,0.265 Mpa,0.179 Mpa,0.226 Mpa,0 Mpa,,0.300 Mpa,,0.204 Mpa
2026-08-04 19:00:00,0.176 Mpa,0.134 Mpa,0.109 Mpa,0.308 Mpa,0.0450 Mpa,0.0717 Mpa,0.221 Mpa,,0.215 Mpa
2026-08-04 22:00:00,0.219 Mpa,0.197 Mpa,0.118 Mpa,0.204 Mpa,0.140 Mpa,,0.225 Mpa,,0.223 Mpa
2026-08-05 01:00:00,0.118 Mpa,0.144 Mpa,0.141 Mpa,0.353 Mpa,0.0972 Mpa,,0.293 Mpa,,0.189 Mpa
2026-08-05 04:00:00,0.170 Mpa,0.0642 Mpa,0.221 Mpa,0.229 Mpa,0.126 Mpa,,0.260 Mpa,,0.157 Mpa
2026-08-05 07:00:00,0.0774 Mpa,0.0211 Mpa,0.0935 Mpa,0.225 Mpa,0.236 Mpa,,0.262 Mpa,,0.519 Mpa
2026-08-05 10:00:00,0.00325 Mpa,0.0714 Mpa,0.177 Mpa,0.194 Mpa,0.0746 Mpa,0.0740 Mpa,0.405 Mpa,,0.448 Mpa
2026-08-05 13:00:00,0.0999 Mpa,0.108 Mpa,0.0742 Mpa,0.273 Mpa,0.297 Mpa,,0.270 Mpa,,0.298 Mpa
2026-08-05 16:00:00,0.0908 Mpa,0.126 Mpa,0.218 Mpa,0.287 Mpa,0.187 Mpa,0.110 Mpa,0.254 Mpa,,0.319 Mpa
2026-08-05 19:00:00,0.0898 Mpa,0.124 Mpa,0.113 Mpa,0.281 Mpa,0.190 Mpa,0.222 Mpa,0.249 Mpa,,0.286 Mpa
2026-08-05 22:00:00,0.203 Mpa,0.148 Mpa,0.105 Mpa,0.260 Mpa,0.129 Mpa,0.0923 Mpa,0.305 Mpa,,0.312 Mpa
2026-08-06 01:00:00,0.269 Mpa,0.199 Mpa,0.197 Mpa,0.262 Mpa,0.116 Mpa,0.223 Mpa,0.208 Mpa,,0.133 Mpa
2026-08-06 04:00:00,0.197 Mpa,0.172 Mpa,0.154 Mpa,0.387 Mpa,0.155 Mpa,0.0941 Mpa,0.205 Mpa,,0.386 Mpa
2026-08-06 07:00:00,0.126 Mpa,0.124 Mpa,0.117 Mpa,0.313 Mpa,0.206 Mpa,0.106 Mpa,0.206 Mpa,,0.246 Mpa
2026-08-06 10:00:00,0.208 Mpa,0.115 Mpa,0.155 Mpa,0.366 Mpa,0.121 Mpa,0.221 Mpa,0.277 Mpa,0.120 Mpa,0.397 Mpa
2026-08-06 13:00:00,0.0961 Mpa,0.129 Mpa,0.291 Mpa,0.302 Mpa,0.0256 Mpa,0.219 Mpa,0.223 Mpa,,0.451 Mpa
2026-08-06 16:00:00,0.0801 Mpa,0.0960 Mpa,0.131 Mpa,0.252 Mpa,0.198 Mpa,0.198 Mpa,0.242 Mpa,,0.235 Mpa
2026-08-06 19:00:00,0.0639 Mpa,0.0694 Mpa,0.153 Mpa,0.222 Mpa,0.427 Mpa,0.193 Mpa,0.236 Mpa,,0.482 Mpa
2026-08-06 22:00:00,0.114 Mpa,0.271 Mpa,0.207 Mpa,0.267 Mpa,0.123 Mpa,0.157 Mpa,0.253 Mpa,,
2026-08-07 01:00:00,0.180 Mpa,0.183 Mpa,0.150 Mpa,0.352 Mpa,0.147 Mpa,0.133 Mpa,0.255 Mpa,,0.516 Mpa
2026-08-07 04:00:00,0.135 Mpa,0.214 Mpa,0.123 Mpa,0.280 Mpa,0.173 Mpa,0.169 Mpa,0.261 Mpa,,0.271 Mpa
2026-08-07 07:00:00,0.166 Mpa,0.222 Mpa,0.139 Mpa,0.297 Mpa,0.149 Mpa,0.226 Mpa,0.433 Mpa,,0.379 Mpa
2026-08-07 10:00:00,0.139 Mpa,0.143 Mpa,0.0860 Mpa,0.231 Mpa,0.131 Mpa,0.309 Mpa,0.272 Mpa,,0.0506 Mpa
2026-08-07 13:00:00,0.184 Mpa,0.106 Mpa,0.164 Mpa,0.401 Mpa,0.0578 Mpa,0.196 Mpa,0.187 Mpa,,0.253 Mpa
2026-08-07 16:00:00,0.178 Mpa,0.0491 Mpa,0.155 Mpa,0.370 Mpa,0.179 Mpa,0.381 Mpa,0.304 Mpa,,0.225 Mpa
2026-08-07 19:00:00,0.0816 Mpa,0.00507 Mpa,0.167 Mpa,0.279 Mpa,0.181 Mpa,0.187 Mpa,0.235 Mpa,,0.418 Mpa
2026-08-07 22:00:00,0.0587 Mpa,0.105 Mpa,0.212 Mpa,0.355 Mpa,0.129 Mpa,0.152 Mpa,0.296 Mpa,,0.343 Mpa
2026-08-08 01:00:00,0.116 Mpa,0.104 Mpa,0.175 Mpa,0.242 Mpa,0.167 Mpa,0.151 Mpa,0.323 Mpa,,0.411 Mpa
2026-08-08 04:00:00,0.0780 Mpa,0.0879 Mpa,0.291 Mpa,0.262 Mpa,0.180 Mpa,0.153 Mpa,0.250 Mpa,,0.188 Mpa
2026-08-08 07:00:00,0.175 Mpa,0.177 Mpa,0.0952 Mpa,0.192 Mpa,0.123 Mpa,0.183 Mpa,0.264 Mpa,,0.193 Mpa
2026-08-08 10:00:00,0.0706 Mpa,0.233 Mpa,0.117 Mpa,0.269 Mpa,0.157 Mpa,0.232 Mpa,0.331 Mpa,,0.309 Mpa
2026-08-08 13:00:00,0.274 Mpa,0.0379 Mpa,0.105 Mpa,0.264 Mpa,0.0663 Mpa,0.246 Mpa,0.292 Mpa,,0.342 Mpa
2026-08-08 16:00:00,0.145 Mpa,0.0780 Mpa,0.195 Mpa,0.234 Mpa,0.133 Mpa,0.185 Mpa,0.338 Mpa,,0.295 Mpa
2026-08-08 19:00:00,0.168 Mpa,0.0851 Mpa,0.169 Mpa,0.284 Mpa,0.160 Mpa,0.196 Mpa,0.264 Mpa,,0.209 Mpa
2026-08-08 22:00:00,0.447 Mpa,0.157 Mpa,0.149 Mpa,0.187 Mpa,0.165 Mpa,0.204 Mpa,0.281 Mpa,,0.314 Mpa
2026-08-09 01:00:00,0.157 Mpa,0.194 Mpa,0.324 Mpa,0.285 Mpa,0.0952 Mpa,0.238 Mpa,0.387 Mpa,,0.569 Mpa
2026-08-09 04:00:00,0.0715 Mpa,0.0844 Mpa,0.0975 Mpa,0.229 Mpa,0.189 Mpa,0.203 Mpa,0.251 Mpa,,0.288 Mpa
2026-08-09 07:00:00,0.111 Mpa,0.0749 Mpa,0.0883 Mpa,0.181 Mpa,0.222 Mpa,0.226 Mpa,0.285 Mpa,0.151 Mpa,0.0966 Mpa
2026-08-09 10:00:00,0.0673 Mpa,0.131 Mpa,0.123 Mpa,0.212 Mpa,0.0803 Mpa,0.188 Mpa,0.237 Mpa,,0.164 Mpa
2026-08-09 13:00:00,0.0636 Mpa,0.131 Mpa,0.0742 Mpa,0.339 Mpa,0.0677 Mpa,0.158 Mpa,0.346 Mpa,,0.225 Mpa
2026-08-09 16:00:00,0.0554 Mpa,0.191 Mpa,0.0914 Mpa,0.276 Mpa,0 Mpa,0.343 Mpa,0.301 Mpa,,0.197 Mpa
2026-08-09 19:00:00,0.143 Mpa,0.169 Mpa,0.105 Mpa,0.218 Mpa,0.0619 Mpa,0.268 Mpa,0.317 Mpa,,0.210 Mpa
2026-08-09 22:00:00,0.139 Mpa,0.103 Mpa,0.154 Mpa,0.359 Mpa,0.0827 Mpa,0.313 Mpa,0.289 Mpa,,0.286 Mpa
2026-08-10 01:00:00,0.112 Mpa,0.192 Mpa,0.102 Mpa,0.121 Mpa,0.177 Mpa,0.148 Mpa,0.241 Mpa,,0.278 Mpa
2026-08-10 04:00:00,0.115 Mpa,0.0173 Mpa,0.123 Mpa,0.262 Mpa,0.0823 Mpa,0.247 Mpa,0.264 Mpa,,0.470 Mpa
2026-08-10 07:00:00,0.0656 Mpa,0.0516 Mpa,0.220 Mpa,0.207 Mpa,0.00108 Mpa,0.227 Mpa,0.297 Mpa,,0.188 Mpa
2026-08-10 10:00:00,0.0991 Mpa,0.138 Mpa,0.117 Mpa,0.140 Mpa,0.102 Mpa,0.350 Mpa,0.318 Mpa,,0.196 Mpa
2026-08-10 13:00:00,0.166 Mpa,0.148 Mpa,0.231 Mpa,0.259 Mpa,0.141 Mpa,0.195 Mpa,0.292 Mpa,,0.164 Mpa
2026-08-10 16:00:00,0.110 Mpa,0.159 Mpa,0.122 Mpa,0.206 Mpa,0.106 Mpa,0.205 Mpa,0.279 Mpa,,0.295 Mpa
2026-08-10 19:00:00,0.0882 Mpa,0.133 Mpa,0.141 Mpa,0.198 Mpa,0.202 Mpa,0.305 Mpa,0.264 Mpa,,0.144 Mpa
2026-08-10 22:00:00,0.170 Mpa,0.190 Mpa,0.187 Mpa,0.212 Mpa,0.141 Mpa,0.277 Mpa,0.308 Mpa,,0.348 Mpa
2026-08-11 01:00:00,0.154 Mpa,0.144 Mpa,0.147 Mpa,0.203 Mpa,0.0309 Mpa,0.230 Mpa,0.352 Mpa,,0.506 Mpa
2026-08-11 04:00:00,0.133 Mpa,0.122 Mpa,0.108 Mpa,0.444 Mpa,0.106 Mpa,0.342 Mpa,0.206 Mpa,,0.260 Mpa
2026-08-11 07:00:00,0.103 Mpa,0.160 Mpa,0.0325 Mpa,0.141 Mpa,0.00703 Mpa,0.217 Mpa,0.255 Mpa,,0.286 Mpa
2026-08-11 10:00:00,0.0551 Mpa,0.167 Mpa,0.151 Mpa,0.290 Mpa,0.0918 Mpa,0.316 Mpa,0.263 Mpa,,0.371 Mpa
2026-08-11 13:00:00,0.0745 Mpa,0.201 Mpa,0.151 Mpa,0.268 Mpa,0.202 Mpa,0.190 Mpa,0.208 Mpa,,0.458 Mpa
2026-08-11 16:00:00,0.163 Mpa,0.167 Mpa,0.144 Mpa,0.331 Mpa,0.0904 Mpa,0.185 Mpa,0.181 Mpa,,0.283 Mpa
2026-08-11 19:00:00,0.185 Mpa,0.251 Mpa,0.145 Mpa,0.189 Mpa,0.121 Mpa,0.174 Mpa,0.258 Mpa,,0.166 Mpa
2026-08-11 22:00:00,0.0904 Mpa,0.0802 Mpa,0.119 Mpa,0.216 Mpa,0.122 Mpa,0.224 Mpa,0.241 Mpa,,0.226 Mpa
2026-08-12 01:00:00,0.375 Mpa,0.0966 Mpa,0.120 Mpa,0.488 Mpa,0.180 Mpa,0.209 Mpa,0.269 Mpa,,0.315 Mpa
2026-08-12 04:00:00,0.0961 Mpa,0.108 Mpa,0.110 Mpa,0.366 Mpa,0.138 Mpa,0.319 Mpa,0.290 Mpa,,0.542 Mpa
2026-08-12 07:00:00,0.0757 Mpa,0.120 Mpa,0.197 Mpa,0.238 Mpa,0.172 Mpa,0.188 Mpa,0.250 Mpa,,0.244 Mpa
2026-08-12 10:00:00,0.0613 Mpa,0.243 Mpa,0.146 Mpa,0.201 Mpa,0.0689 Mpa,0.222 Mpa,0.271 Mpa,,0.277 Mpa
2026-08-12 13:00:00,0.187 Mpa,0.191 Mpa,0.104 Mpa,0.113 Mpa,0.217 Mpa,0.218 Mpa,0.406 Mpa,,0.438 Mpa
2026-08-12 16:00:00,0.136 Mpa,0.105 Mpa,0.107 Mpa,,0.0728 Mpa,0.154 Mpa,0.290 Mpa,,0.247 Mpa
2026-08-12 19:00:00,0.0824 Mpa,0.205 Mpa,0.125 Mpa,,0.0224 Mpa,0.209 Mpa,0.262 Mpa,,0.207 Mpa
2026-08-12 22:00:00,0.261 Mpa,0.264 Mpa,0.171 Mpa,0.273 Mpa,,0.235 Mpa,0.246 Mpa,,0.246 Mpa
2026-08-13 01:00:00,0.215 Mpa,0.0669 Mpa,0.289 Mpa,0.0447 Mpa,,0.210 Mpa,0.222 Mpa,,0.170 Mpa
2026-08-13 04:00:00,,0.0632 Mpa,0.162 Mpa,,,0.276 Mpa,0.207 Mpa,,0.166 Mpa
2026-08-13 07:00:00,,0.0801 Mpa,0.391 Mpa,,0.244 Mpa,0.218 Mpa,0.421 Mpa,,0.235 Mpa
2026-08-13 10:00:00,0.00883 Mpa,0.109 Mpa,0.230 Mpa,,0.332 Mpa,0.291 Mpa,0.313 Mpa,,0.255 Mpa
2026-08-13 13:00:00,,0.149 Mpa,0.148 Mpa,,0.264 Mpa,0.165 Mpa,0.323 Mpa,,0.284 Mpa
2026-08-13 16:00:00,,0.0605 Mpa,0.115 Mpa,,0.116 Mpa,0.237 Mpa,0.362 Mpa,,
2026-08-13 19:00:00,,0.109 Mpa,0.178 Mpa,,0.00888 Mpa,0.272 Mpa,0.304 Mpa,,0.143 Mpa
2026-08-13 22:00:00,,0.222 Mpa,0.158 Mpa,,,0.221 Mpa,0.435 Mpa,,0.291 Mpa
2026-08-14 01:00:00,,0.362 Mpa,0.223 Mpa,0.0797 Mpa,,0.185 Mpa,0.301 Mpa,,0.358 Mpa
2026-08-14 04:00:00,,0.148 Mpa,0.148 Mpa,,,0.225 Mpa,0.506 Mpa,,0.318 Mpa
2026-08-14 07:00:00,,0.223 Mpa,0.237 Mpa,,0.148 Mpa,0.211 Mpa,0.274 Mpa,,0.413 Mpa
2026-08-14 10:00:00,,0.211 Mpa,0.0845 Mpa,,0.220 Mpa,0.191 Mpa,0.279 Mpa,,0.203 Mpa
2026-08-14 13:00:00,,0.551 Mpa,0.225 Mpa,0.0278 Mpa,0.0731 Mpa,0.244 Mpa,0.392 Mpa,,0.271 Mpa
2026-08-14 16:00:00,,0.250 Mpa,0.182 Mpa,,0.224 Mpa,0.263 Mpa,0.116 Mpa,,0.531 Mpa
2026-08-14 19:00:00,,0.453 Mpa,0.180 Mpa,,0.0339 Mpa,0.217 Mpa,0.247 Mpa,,0.279 Mpa
2026-08-14 22:00:00,,0.428 Mpa,0.185 Mpa,0.0424 Mpa,0.106 Mpa,0.210 Mpa,0.288 Mpa,,0.213 Mpa
2026-08-15 01:00:00,,0.171 Mpa,0.205 Mpa,0.190 Mpa,0.104 Mpa,0.416 Mpa,0.299 Mpa,,0.222 Mpa
2026-08-15 04:00:00,,0.113 Mpa,0.170 Mpa,2.62 Mpa,0.524 Mpa,0.285 Mpa,0.417 Mpa,,0.283 Mpa
2026-08-15 07:00:00,0.00348 Mpa,0.342 Mpa,0.195 Mpa,0.0754 Mpa,0.153 Mpa,0.226 Mpa,0.456 Mpa,,0.318 Mpa
2026-08-15 10:00:00,,0.312 Mpa,0.115 Mpa,0.338 Mpa,0.180 Mpa,0.300 Mpa,0.285 Mpa,,0.462 Mpa
2026-08-15 13:00:00,0.0665 Mpa,0.192 Mpa,0.145 Mpa,0.394 Mpa,0.0702 Mpa,0.389 Mpa,0.329 Mpa,,0.219 Mpa
2026-08-15 16:00:00,0.154 Mpa,0.181 Mpa,0.184 Mpa,0.250 Mpa,0.232 Mpa,0.182 Mpa,0.343 Mpa,,0.136 Mpa
2026-08-15 19:00:00,0.0908 Mpa,0.0920 Mpa,0.157 Mpa,0.182 Mpa,0.244 Mpa,0.210 Mpa,0.225 Mpa,,0.236 Mpa
2026-08-15 22:00:00,0.0808 Mpa,0.0862 Mpa,0.152 Mpa,0.152 Mpa,0.195 Mpa,0.270 Mpa,0.280 Mpa,,0.359 Mpa
2026-08-16 01:00:00,0.129 Mpa,0.190 Mpa,0.178 Mpa,0.181 Mpa,0.220 Mpa,0.174 Mpa,0.230 Mpa,,0.328 Mpa
2026-08-16 04:00:00,0.116 Mpa,0.248 Mpa,0.193 Mpa,0.198 Mpa,0.166 Mpa,0.220 Mpa,0.243 Mpa,,0.225 Mpa
2026-08-16 07:00:00,0.0960 Mpa,0.207 Mpa,0.110 Mpa,0.224 Mpa,0.150 Mpa,0.219 Mpa,0.334 Mpa,,0.185 Mpa
2026-08-16 10:00:00,0.133 Mpa,0.235 Mpa,0.132 Mpa,0.226 Mpa,0.0793 Mpa,0.329 Mpa,0.125 Mpa,,0.179 Mpa
2026-08-16 13:00:00,0.127 Mpa,0.132 Mpa,0.181 Mpa,0.204 Mpa,0.210 Mpa,0.0916 Mpa,0.287 Mpa,,0.189 Mpa
2026-08-16 16:00:00,0.0954 Mpa,0.163 Mpa,0.289 Mpa,0.144 Mpa,0.1000 Mpa,0.274 Mpa,0.278 Mpa,,0.222 Mpa
2026-08-16 19:00:00,0.0865 Mpa,0.202 Mpa,0.143 Mpa,0.153 Mpa,0.105 Mpa,0.198 Mpa,0.451 Mpa,,0.269 Mpa
2026-08-16 22:00:00,0.0468 Mpa,0.219 Mpa,0.224 Mpa,0.254 Mpa,0.0876 Mpa,0.193 Mpa,0.328 Mpa,,0.316 Mpa
2026-08-17 01:00:00,0.119 Mpa,0.237 Mpa,0.192 Mpa,0.212 Mpa,0.0874 Mpa,0.202 Mpa,0.248 Mpa,,0.168 Mpa
2026-08-17 04:00:00,0.158 Mpa,0.324 Mpa,0.331 Mpa,0.144 Mpa,0.0717 Mpa,0.230 Mpa,0.246 Mpa,,0.230 Mpa
2026-08-17 07:00:00,0.147 Mpa,0.276 Mpa,0.285 Mpa,0.155 Mpa,0.111 Mpa,0.229 Mpa,0.323 Mpa,,0.276 Mpa
2026-08-17 10:00:00,0.253 Mpa,0.333 Mpa,0.221 Mpa,0.349 Mpa,0.135 Mpa,0.251 Mpa,0.307 Mpa,,0.235 Mpa
2026-08-17 13:00:00,0.0186 Mpa,0.216 Mpa,0.188 Mpa,0.255 Mpa,0.134 Mpa,0.301 Mpa,0.433 Mpa,,0.212 Mpa
2026-08-17 16:00:00,0.123 Mpa,0.279 Mpa,0.272 Mpa,0.222 Mpa,0.164 Mpa,0.188 Mpa,0.354 Mpa,,0.270 Mpa
2026-08-17 19:00:00,0.170 Mpa,0.333 Mpa,0.181 Mpa,0.126 Mpa,0.151 Mpa,0.226 Mpa,0.380 Mpa,,0.0515 Mpa
2026-08-17 22:00:00,0.117 Mpa,0.177 Mpa,0.148 Mpa,0.193 Mpa,0.138 Mpa,0.174 Mpa,0.341 Mpa,,0.249 Mpa
2026-08-18 01:00:00,0.137 Mpa,0.267 Mpa,0.172 Mpa,0.226 Mpa,0.114 Mpa,0.199 Mpa,0.284 Mpa,,0.249 Mpa
2026-08-18 04:00:00,0.0705 Mpa,0.0549 Mpa,0.140 Mpa,0.234 Mpa,0.194 Mpa,0.166 Mpa,0.360 Mpa,,0.299 Mpa
2026-08-18 07:00:00,0.0691 Mpa,0.314 Mpa,0.159 Mpa,0.175 Mpa,0.158 Mpa,0.183 Mpa,0.298 Mpa,,0.439 Mpa
2026-08-18 10:00:00,0.124 Mpa,0.262 Mpa,0.540 Mpa,0.310 Mpa,0.0830 Mpa,0.217 Mpa,0.337 Mpa,,0.202 Mpa
2026-08-18 13:00:00,0.381 Mpa,0.168 Mpa,0.129 Mpa,0.302 Mpa,0.0918 Mpa,0.284 Mpa,0.254 Mpa,,0.271 Mpa
2026-08-18 16:00:00,0.153 Mpa,0.258 Mpa,0.174 Mpa,,0.159 Mpa,0.263 Mpa,0.245 Mpa,,0.294 Mpa
2026-08-18 19:00:00,0.263 Mpa,0.127 Mpa,0.172 Mpa,,0.111 Mpa,0.237 Mpa,0.364 Mpa,,0.208 Mpa
2026-08-18 22:00:00,0.183 Mpa,0.387 Mpa,0.167 Mpa,,0.244 Mpa,0.327 Mpa,0.323 Mpa,,0.244 Mpa
2026-08-19 01:00:00,0.137 Mpa,0.399 Mpa,0.132 Mpa,,0.0448 Mpa,0.266 Mpa,0.284 Mpa,,0.330 Mpa
2026-08-19 04:00:00,0.250 Mpa,0.184 Mpa,0.144 Mpa,,0.160 Mpa,0.217 Mpa,0.334 Mpa,,0.218 Mpa
2026-08-19 07:00:00,0.266 Mpa,0.388 Mpa,0.172 Mpa,,0.186 Mpa,0.207 Mpa,0.323 Mpa,,0.191 Mpa
2026-08-19 10:00:00,0.142 Mpa,0.509 Mpa,0.127 Mpa,,0.0842 Mpa,0.212 Mpa,0.297 Mpa,,0.211 Mpa
2026-08-19 13:00:00,0.306 Mpa,0.230 Mpa,0.117 Mpa,0.0596 Mpa,0.0650 Mpa,0.142 Mpa,0.355 Mpa,,0.214 Mpa
2026-08-19 16:00:00,0.0624 Mpa,0.121 Mpa,0.0934 Mpa,0.258 Mpa,0.0783 Mpa,0.236 Mpa,0.267 Mpa,,0.240 Mpa
2026-08-19 19:00:00,0.334 Mpa,0.266 Mpa,0.152 Mpa,0.213 Mpa,0.0438 Mpa,0.221 Mpa,0.302 Mpa,,0.266 Mpa
2026-08-19 22:00:00,0.105 Mpa,0.467 Mpa,0.117 Mpa,0.183 Mpa,0.260 Mpa,0.197 Mpa,0.308 Mpa,,0.405 Mpa
2026-08-20 01:00:00,0.138 Mpa,0.186 Mpa,0.222 Mpa,0.162 Mpa,0.0159 Mpa,0.305 Mpa,0.372 Mpa,,0.287 Mpa
2026-08-20 04:00:00,0.0716 Mpa,0.225 Mpa,0.227 Mpa,0.121 Mpa,0.188 Mpa,0.175 Mpa,0.317 Mpa,,0.225 Mpa
2026-08-20 07:00:00,0.0717 Mpa,0.205 Mpa,0.238 Mpa,0.101 Mpa,0.216 Mpa,0.222 Mpa,0.292 Mpa,,0.267 Mpa
2026-08-20 10:00:00,0.197 Mpa,0.242 Mpa,0.00346 Mpa,0.110 Mpa,0.130 Mpa,0.213 Mpa,0.290 Mpa,,0.386 Mpa
2026-08-20 13:00:00,0.150 Mpa,0.256 Mpa,0.136 Mpa,0.253 Mpa,0.0507 Mpa,0.220 Mpa,0.254 Mpa,,0.311 Mpa
2026-08-20 16:00:00,0.123 Mpa,0.204 Mpa,0.241 Mpa,0.169 Mpa,0.105 Mpa,0.180 Mpa,0.237 Mpa,,0.216 Mpa
2026-08-20 19:00:00,0.106 Mpa,0.0420 Mpa,0.255 Mpa,0.356 Mpa,0.107 Mpa,0.181 Mpa,0.233 Mpa,,0.331 Mpa
2026-08-20 22:00:00,0.108 Mpa,0.173 Mpa,0.118 Mpa,0.246 Mpa,0.149 Mpa,0.181 Mpa,0.219 Mpa,,0.276 Mpa
2026-08-21 01:00:00,0.206 Mpa,0.139 Mpa,0.105 Mpa,0.212 Mpa,0.252 Mpa,0.223 Mpa,0.225 Mpa,,0.196 Mpa
2026-08-21 04:00:00,0.259 Mpa,0.192 Mpa,0.110 Mpa,0.179 Mpa,0.116 Mpa,0.318 Mpa,0.251 Mpa,,0.205 Mpa
2026-08-21 07:00:00,0.204 Mpa,0.126 Mpa,0.214 Mpa,0.155 Mpa,0.168 Mpa,0.404 Mpa,0.273 Mpa,,0.243 Mpa
2026-08-21 10:00:00,0.181 Mpa,0.0753 Mpa,0.148 Mpa,0.275 Mpa,0.260 Mpa,0.293 Mpa,0.343 Mpa,,0.304 Mpa
2026-08-21 13:00:00,0.163 Mpa,0.259 Mpa,0.286 Mpa,0.167 Mpa,0.238 Mpa,0.118 Mpa,0.338 Mpa,,0.300 Mpa
2026-08-21 16:00:00,0.220 Mpa,0.0993 Mpa,0.106 Mpa,0.217 Mpa,0.0374 Mpa,0.179 Mpa,,,0.235 Mpa
2026-08-21 19:00:00,0.254 Mpa,0.0745 Mpa,0.247 Mpa,0.151 Mpa,0.0719 Mpa,0.216 Mpa,0.363 Mpa,,0.267 Mpa
2026-08-21 22:00:00,0.354 Mpa,0.245 Mpa,0.148 Mpa,0.218 Mpa,0.131 Mpa,0.254 Mpa,0.0686 Mpa,,0.258 Mpa
2026-08-22 01:00:00,0.306 Mpa,,0.0734 Mpa,0.132 Mpa,0.0663 Mpa,0.221 Mpa,0.0745 Mpa,,0.310 Mpa
2026-08-22 04:00:00,0.106 Mpa,0.143 Mpa,0.131 Mpa,0.157 Mpa,0.120 Mpa,0.200 Mpa,,,0.496 Mpa
2026-08-22 07:00:00,0.169 Mpa,0.0222 Mpa,0.179 Mpa,0.134 Mpa,0.124 Mpa,0.287 Mpa,,,0.388 Mpa
2026-08-22 10:00:00,0.124 Mpa,0.0905 Mpa,0.192 Mpa,0.159 Mpa,0.298 Mpa,0.196 Mpa,,,0.232 Mpa
2026-08-22 13:00:00,0.0942 Mpa,0.0383 Mpa,0.0944 Mpa,0.227 Mpa,0.0184 Mpa,0.308 Mpa,,,0.323 Mpa
2026-08-22 16:00:00,0.141 Mpa,0.0551 Mpa,0.192 Mpa,0.135 Mpa,0.171 Mpa,0.314 Mpa,,,0.234 Mpa
2026-08-22 19:00:00,0.107 Mpa,0.0983 Mpa,0.220 Mpa,0.154 Mpa,0.136 Mpa,0.313 Mpa,,,0.190 Mpa
2026-08-22 22:00:00,0.0872 Mpa,0.197 Mpa,0.132 Mpa,0.169 Mpa,0.0874 Mpa,0.237 Mpa,0.206 Mpa,,0.277 Mpa
2026-08-23 01:00:00,0.111 Mpa,0.127 Mpa,0.332 Mpa,0.276 Mpa,0.528 Mpa,0.214 Mpa,0.199 Mpa,,0.128 Mpa
2026-08-23 04:00:00,0.195 Mpa,0.376 Mpa,0.192 Mpa,0.150 Mpa,0.147 Mpa,0.299 Mpa,0.248 Mpa,,
2026-08-23 07:00:00,0.120 Mpa,0.301 Mpa,0.194 Mpa,0.226 Mpa,0.308 Mpa,0.221 Mpa,0.266 Mpa,,
2026-08-23 10:00:00,0.157 Mpa,0.0691 Mpa,0.273 Mpa,0.170 Mpa,0.0931 Mpa,0.275 Mpa,0.336 Mpa,,0.580 Mpa
2026-08-23 13:00:00,0.0658 Mpa,0.112 Mpa,0.212 Mpa,0.104 Mpa,0.333 Mpa,0.244 Mpa,0.301 Mpa,,
2026-08-23 16:00:00,0.0987 Mpa,0.279 Mpa,0.392 Mpa,0.273 Mpa,0.0336 Mpa,0.270 Mpa,0.253 Mpa,,
2026-08-23 19:00:00,0.184 Mpa,0.267 Mpa,0.370 Mpa,0.309 Mpa,0.195 Mpa,0.580 Mpa,0.297 Mpa,,
2026-08-23 22:00:00,0.103 Mpa,0.115 Mpa,0.144 Mpa,0.396 Mpa,0.0482 Mpa,0.236 Mpa,0.234 Mpa,,
2026-08-24 01:00:00,0.165 Mpa,0.219 Mpa,0.155 Mpa,0.303 Mpa,,0.413 Mpa,0.229 Mpa,,
2026-08-24 04:00:00,0.166 Mpa,0.0784 Mpa,0.129 Mpa,0.184 Mpa,,0.189 Mpa,0.202 Mpa,,
2026-08-24 07:00:00,0.108 Mpa,0.156 Mpa,0.257 Mpa,0.203 Mpa,0.107 Mpa,0.272 Mpa,0.266 Mpa,,
2026-08-24 10:00:00,0.158 Mpa,0.180 Mpa,0.0439 Mpa,0.217 Mpa,,0.220 Mpa,0.271 Mpa,,
2026-08-24 13:00:00,0.183 Mpa,0.0898 Mpa,0.0251 Mpa,0.223 Mpa,,0.132 Mpa,0.338 Mpa,,
2026-08-24 16:00:00,0.119 Mpa,0.134 Mpa,0.336 Mpa,0.182 Mpa,,0.254 Mpa,0.260 Mpa,,0.129 Mpa
2026-08-24 19:00:00,0.118 Mpa,0.245 Mpa,0.121 Mpa,0.232 Mpa,0.0326 Mpa,0.298 Mpa,0.261 Mpa,,0.0607 Mpa
2026-08-24 22:00:00,0.114 Mpa,0.237 Mpa,0.0954 Mpa,0.270 Mpa,0.0651 Mpa,0.219 Mpa,0.266 Mpa,,0.219 Mpa
2026-08-25 01:00:00,0.117 Mpa,0.134 Mpa,0.146 Mpa,0.168 Mpa,,0.200 Mpa,0.284 Mpa,,0.188 Mpa
2026-08-25 04:00:00,0.243 Mpa,0.145 Mpa,0.166 Mpa,0.189 Mpa,,0.232 Mpa,0.263 Mpa,,0.141 Mpa
2026-08-25 07:00:00,0.243 Mpa,0.295 Mpa,0.192 Mpa,0.213 Mpa,,0.241 Mpa,0.262 Mpa,,0.275 Mpa
2026-08-25 10:00:00,0.396 Mpa,0.267 Mpa,0.328 Mpa,0.223 Mpa,,0.254 Mpa,0.315 Mpa,,0.211 Mpa
2026-08-25 13:00:00,0.305 Mpa,0.217 Mpa,0.158 Mpa,0.109 Mpa,,0.203 Mpa,0.261 Mpa,,0.223 Mpa
2026-08-25 16:00:00,0.104 Mpa,0.106 Mpa,0.173 Mpa,0.243 Mpa,,0.259 Mpa,0.531 Mpa,,0.227 Mpa
2026-08-25 19:00:00,0.00446 Mpa,0.130 Mpa,0.331 Mpa,0.171 Mpa,,0.242 Mpa,0.383 Mpa,,0.232 Mpa
2026-08-25 22:00:00,0.0520 Mpa,0.0676 Mpa,0.392 Mpa,0.174 Mpa,,0.200 Mpa,0.586 Mpa,,0.225 Mpa
2026-08-26 01:00:00,0.0665 Mpa,0.0855 Mpa,0.277 Mpa,0.137 Mpa,,0.219 Mpa,0.294 Mpa,,0.175 Mpa
2026-08-26 04:00:00,0.0881 Mpa,0.261 Mpa,0.269 Mpa,0.237 Mpa,,0.218 Mpa,0.374 Mpa,,0.177 Mpa
2026-08-26 07:00:00,0.290 Mpa,0.402 Mpa,0.324 Mpa,0.209 Mpa,,0.251 Mpa,0.275 Mpa,,0.182 Mpa
2026-08-26 10:00:00,0.479 Mpa,0.355 Mpa,0.348 Mpa,0.143 Mpa,,0.259 Mpa,0.318 Mpa,,0.193 Mpa
2026-08-26 13:00:00,0.463 Mpa,0.394 Mpa,0.115 Mpa,0.228 Mpa,,0.293 Mpa,0.401 Mpa,,0.198 Mpa
2026-08-26 16:00:00,0.164 Mpa,0.174 Mpa,0.292 Mpa,0.192 Mpa,,0.192 Mpa,0.222 Mpa,,0.193 Mpa
2026-08-26 19:00:00,0.0714 Mpa,0.377 Mpa,0.307 Mpa,0.155 Mpa,,0.171 Mpa,0.265 Mpa,,0.199 Mpa
2026-08-26 22:00:00,0.147 Mpa,0.325 Mpa,0.190 Mpa,0.212 Mpa,,0.182 Mpa,0.261 Mpa,,0.205 Mpa
2026-08-27 01:00:00,0.0696 Mpa,0.241 Mpa,0.0849 Mpa,0.218 Mpa,,0.212 Mpa,0.283 Mpa,,0.175 Mpa
2026-08-27 04:00:00,0.0747 Mpa,0.213 Mpa,0 Mpa,0.252 Mpa,,0.181 Mpa,0.392 Mpa,,0.266 Mpa
2026-08-27 07:00:00,0.234 Mpa,0.201 Mpa,,0.185 Mpa,,0.176 Mpa,0.234 Mpa,,0.211 Mpa
2026-08-27 10:00:00,0.226 Mpa,0.0401 Mpa,0.203 Mpa,0.173 Mpa,,0.183 Mpa,0.258 Mpa,,0.206 Mpa
2026-08-27 13:00:00,0.220 Mpa,0.104 Mpa,,0.352 Mpa,,0.215 Mpa,0.511 Mpa,,0.198 Mpa
2026-08-27 16:00:00,0.131 Mpa,0.0168 Mpa,,0.0573 Mpa,,0.226 Mpa,0.367 Mpa,,0.169 Mpa
2026-08-27 19:00:00,0.0932 Mpa,0.00311 Mpa,,0.221 Mpa,,0.283 Mpa,0.296 Mpa,,0.202 Mpa
2026-08-27 22:00:00,0.154 Mpa,0.00300 Mpa,,0.186 Mpa,,0.330 Mpa,0.364 Mpa,,0.293 Mpa
2026-08-28 01:00:00,0.0267 Mpa,0.0271 Mpa,,0.129 Mpa,,0.283 Mpa,0.288 Mpa,,0.263 Mpa
2026-08-28 04:00:00,0.0907 Mpa,0.165 Mpa,,0.143 Mpa,,0.226 Mpa,0.237 Mpa,,0.206 Mpa
2026-08-28 07:00:00,0.0730 Mpa,0.209 Mpa,,0.231 Mpa,,0.233 Mpa,0.263 Mpa,,0.385 Mpa
2026-08-28 10:00:00,0.101 Mpa,0.0271 Mpa,,0.177 Mpa,,0.304 Mpa,0.251 Mpa,,0.184 Mpa
2026-08-28 13:00:00,,0.113 Mpa,,0.233 Mpa,,0.526 Mpa,0.416 Mpa,,0.198 Mpa
2026-08-28 16:00:00,,0.167 Mpa,0.000327 Mpa,0.148 Mpa,,0.251 Mpa,0.322 Mpa,,0.201 Mpa
2026-08-28 19:00:00,,0.134 Mpa,0.0577 Mpa,0.154 Mpa,,0.267 Mpa,0.333 Mpa,,0.141 Mpa
2026-08-28 22:00:00,0.0643 Mpa,0.129 Mpa,0.335 Mpa,0.132 Mpa,,0.258 Mpa,0.315 Mpa,,0.220 Mpa
2026-08-29 01:00:00,0.0578 Mpa,0.221 Mpa,0.0897 Mpa,0.303 Mpa,,0.327 Mpa,0.351 Mpa,,0.220 Mpa
2026-08-29 04:00:00,0.0744 Mpa,,0.136 Mpa,0.389 Mpa,,0.249 Mpa,0.309 Mpa,,0.249 Mpa
2026-08-29 07:00:00,0.0770 Mpa,0.0151 Mpa,0.0845 Mpa,0.217 Mpa,,0.266 Mpa,0.229 Mpa,,0.215 Mpa
2026-08-29 10:00:00,0.139 Mpa,0.0259 Mpa,0.211 Mpa,0.272 Mpa,,0.261 Mpa,0.310 Mpa,,0.252 Mpa
2026-08-29 13:00:00,0.178 Mpa,,0.300 Mpa,0.217 Mpa,,0.367 Mpa,0.278 Mpa,,0.178 Mpa
2026-08-29 16:00:00,0.132 Mpa,,0.0674 Mpa,0.369 Mpa,,0.240 Mpa,0.274 Mpa,,0.207 Mpa
2026-08-29 19:00:00,0.155 Mpa,,0.250 Mpa,0.128 Mpa,,0.269 Mpa,0.226 Mpa,,0.189 Mpa
2026-08-29 22:00:00,0.184 Mpa,,0.297 Mpa,0.144 Mpa,,0.258 Mpa,0.296 Mpa,,0.156 Mpa
2026-08-30 01:00:00,0.123 Mpa,,0.223 Mpa,0.279 Mpa,,0.606 Mpa,0.226 Mpa,,0.280 Mpa
2026-08-30 04:00:00,0.0939 Mpa,,0.103 Mpa,0.223 Mpa,,0.239 Mpa,0.270 Mpa,,0.226 Mpa
2026-08-30 07:00:00,0.0748 Mpa,0 Mpa,0.253 Mpa,0.189 Mpa,,0.264 Mpa,0.339 Mpa,,0.198 Mpa
2026-08-30 10:00:00,0.149 Mpa,0.0279 Mpa,0.0393 Mpa,0.442 Mpa,,0.225 Mpa,0.340 Mpa,,0.191 Mpa
2026-08-30 13:00:00,0.142 Mpa,0.199 Mpa,0.184 Mpa,0.278 Mpa,,0.320 Mpa,0.361 Mpa,,0.295 Mpa
2026-08-30 16:00:00,0.196 Mpa,0.151 Mpa,0.143 Mpa,0.229 Mpa,,0.211 Mpa,0.281 Mpa,,0.264 Mpa
2026-08-30 19:00:00,0.218 Mpa,0.213 Mpa,0.178 Mpa,0.220 Mpa,,0.155 Mpa,0.393 Mpa,,0.233 Mpa
2026-08-30 22:00:00,0.112 Mpa,0.261 Mpa,0.139 Mpa,0.232 Mpa,,0.312 Mpa,0.442 Mpa,,0.193 Mpa
2026-08-31 01:00:00,0.0885 Mpa,0.201 Mpa,0.129 Mpa,0.219 Mpa,,0.242 Mpa,0.423 Mpa,,0.202 Mpa
2026-08-31 04:00:00,0.191 Mpa,0.146 Mpa,0.228 Mpa,0.307 Mpa,,0.250 Mpa,0.376 Mpa,,0.180 Mpa
2026-08-31 07:00:00,0.180 Mpa,0.166 Mpa,0.191 Mpa,0.326 Mpa,,0.226 Mpa,0.272 Mpa,,0.308 Mpa
2026-08-31 10:00:00,0.0963 Mpa,0.251 Mpa,0.126 Mpa,0.212 Mpa,,0.249 Mpa,0.402 Mpa,,0.265 Mpa
2026-08-31 13:00:00,0.179 Mpa,0.384 Mpa,0.0992 Mpa,0.0975 Mpa,,0.427 Mpa,0.443 Mpa,,0.254 Mpa
2026-08-31 16:00:00,0.146 Mpa,0.0514 Mpa,0.157 Mpa,0.0290 Mpa,,0.187 Mpa,0.404 Mpa,,0.278 Mpa
2026-08-31 19:00:00,0.126 Mpa,0.321 Mpa,0.150 Mpa,0.0590 Mpa,,0.231 Mpa,0.280 Mpa,,0.281 Mpa
2026-08-31 22:00:00,0.319 Mpa,0.0999 Mpa,0.383 Mpa,0.0801 Mpa,,0.233 Mpa,0.320 Mpa,,0.215 Mpa
2026-09-01 01:00:00,0.290 Mpa,0.0344 Mpa,0.0464 Mpa,0.0760 Mpa,,,0.0925 Mpa,,0.318 Mpa
2026-09-01 04:00:00,0.228 Mpa,0.102 Mpa,0.652 Mpa,0.0839 Mpa,,0.254 Mpa,,,
2026-09-01 07:00:00,0.109 Mpa,,0.659 Mpa,0.300 Mpa,,0.238 Mpa,0.303 Mpa,,0.167 Mpa
2026-09-01 10:00:00,0.109 Mpa,0.120 Mpa,0.191 Mpa,0.208 Mpa,,0.357 Mpa,0.343 Mpa,,0.261 Mpa
2026-09-01 13:00:00,0.287 Mpa,0.191 Mpa,0.148 Mpa,0.271 Mpa,,,0.318 Mpa,,0.140 Mpa
2026-09-01 16:00:00,0.000800 Mpa,0.0394 Mpa,0.212 Mpa,0.233 Mpa,,,0.524 Mpa,,0.379 Mpa
2026-09-01 19:00:00,,,0.0150 Mpa,0.270 Mpa,,,0.324 Mpa,,
2026-09-01 22:00:00,,,0.253 Mpa,0.204 Mpa,,0.759 Mpa,0.327 Mpa,,0.428 Mpa
2026-09-02 01:00:00,0.113 Mpa,0.0743 Mpa,0.191 Mpa,0.158 Mpa,,0.122 Mpa,0.354 Mpa,,0.141 Mpa
2026-09-02 04:00:00,0.244 Mpa,0.149 Mpa,0.116 Mpa,0.186 Mpa,,0.280 Mpa,0.337 Mpa,,0.261 Mpa
2026-09-02 07:00:00,0.145 Mpa,0.182 Mpa,0.197 Mpa,0.149 Mpa,,0.260 Mpa,0.228 Mpa,,0.366 Mpa
2026-09-02 10:00:00,0.130 Mpa,0.182 Mpa,0.0910 Mpa,0.138 Mpa,,0.465 Mpa,0.257 Mpa,,0.215 Mpa
2026-09-02 13:00:00,0.141 Mpa,0.210 Mpa,0.0973 Mpa,0.241 Mpa,,0.297 Mpa,0.455 Mpa,,0.303 Mpa
2026-09-02 16:00:00,0.388 Mpa,0.192 Mpa,0.117 Mpa,0.164 Mpa,,0.187 Mpa,0.240 Mpa,,0.152 Mpa
2026-09-02 19:00:00,0.181 Mpa,0.213 Mpa,0.159 Mpa,0.257 Mpa,,0.261 Mpa,0.284 Mpa,,0.200 Mpa
2026-09-02 22:00:00,0.127 Mpa,0.306 Mpa,0.157 Mpa,0.311 Mpa,,0.238 Mpa,0.311 Mpa,,0.209 Mpa
2026-09-03 01:00:00,0.124 Mpa,0.302 Mpa,0.338 Mpa,0.237 Mpa,,0.232 Mpa,0.302 Mpa,,0.298 Mpa
2026-09-03 04:00:00,0.243 Mpa,0.194 Mpa,0.190 Mpa,0.277 Mpa,,0.232 Mpa,0.316 Mpa,,0.176 Mpa
2026-09-03 07:00:00,0.231 Mpa,0.246 Mpa,0.208 Mpa,0.212 Mpa,,0.295 Mpa,0.289 Mpa,,0.194 Mpa
2026-09-03 10:00:00,0.293 Mpa,0.325 Mpa,0.184 Mpa,0.221 Mpa,,0.258 Mpa,0.413 Mpa,,0.205 Mpa
2026-09-03 13:00:00,0.111 Mpa,0.148 Mpa,0.135 Mpa,0.240 Mpa,,0.305 Mpa,0.143 Mpa,,0.257 Mpa
2026-09-03 16:00:00,0.309 Mpa,0.162 Mpa,0.0955 Mpa,0.244 Mpa,,0.241 Mpa,0.158 Mpa,,0.258 Mpa
2026-09-03 19:00:00,0.0781 Mpa,0.128 Mpa,0.248 Mpa,0.153 Mpa,,0.230 Mpa,0.172 Mpa,,0.231 Mpa
2026-09-03 22:00:00,0.165 Mpa,0.112 Mpa,0.167 Mpa,0.156 Mpa,,0.258 Mpa,0.252 Mpa,,0.218 Mpa
2026-09-04 01:00:00,0.114 Mpa,0.251 Mpa,0.190 Mpa,0.130 Mpa,,0.236 Mpa,0.242 Mpa,,0.249 Mpa
2026-09-04 04:00:00,0.317 Mpa,0.297 Mpa,0.211 Mpa,0.294 Mpa,,0.239 Mpa,0.197 Mpa,,0.198 Mpa
2026-09-04 07:00:00,0.149 Mpa,0.423 Mpa,0.205 Mpa,,,0.274 Mpa,0.257 Mpa,,0.635 Mpa
2026-09-04 10:00:00,0.164 Mpa,0.354 Mpa,0.306 Mpa,0.253 Mpa,0 Mpa,0.282 Mpa,0.240 Mpa,,0.148 Mpa
2026-09-04 13:00:00,0.0639 Mpa,0.129 Mpa,0.214 Mpa,0.216 Mpa,0 Mpa,0.315 Mpa,0.285 Mpa,,0.220 Mpa
2026-09-04 16:00:00,0.130 Mpa,0.289 Mpa,0.233 Mpa,0.160 Mpa,0.00188 Mpa,0.179 Mpa,0.228 Mpa,,0.346 Mpa
2026-09-04 19:00:00,0.113 Mpa,0.0791 Mpa,0.146 Mpa,0.164 Mpa,,0.195 Mpa,0.251 Mpa,,0.339 Mpa
2026-09-04 22:00:00,0.0876 Mpa,0.0654 Mpa,0.175 Mpa,0.233 Mpa,,0.289 Mpa,0.290 Mpa,,0.350 Mpa
2026-09-05 01:00:00,0.102 Mpa,0.0943 Mpa,0.0869 Mpa,0.221 Mpa,,0.290 Mpa,0.241 Mpa,,0.251 Mpa
2026-09-05 04:00:00,0.196 Mpa,0.119 Mpa,0.189 Mpa,0.340 Mpa,,0.213 Mpa,0.276 Mpa,,0.180 Mpa
2026-09-05 07:00:00,0.102 Mpa,0.100 Mpa,0.237 Mpa,0.424 Mpa,,0.237 Mpa,0.212 Mpa,,0.155 Mpa
2026-09-05 10:00:00,0.113 Mpa,0.0990 Mpa,0.296 Mpa,0.491 Mpa,,0.227 Mpa,0.252 Mpa,,0.185 Mpa
2026-09-05 13:00:00,0.257 Mpa,0.165 Mpa,0.359 Mpa,0.442 Mpa,,0.748 Mpa,0.309 Mpa,,0.209 Mpa
2026-09-05 16:00:00,0.0857 Mpa,0.211 Mpa,0.185 Mpa,0.297 Mpa,0.00110 Mpa,,0.237 Mpa,,0.641 Mpa
2026-09-05 19:00:00,0.114 Mpa,0.403 Mpa,0.176 Mpa,0.228 Mpa,0.0127 Mpa,0.372 Mpa,0.214 Mpa,,0.411 Mpa
2026-09-05 22:00:00,0.147 Mpa,0.295 Mpa,0.166 Mpa,0.220 Mpa,0.0167 Mpa,0.334 Mpa,0.233 Mpa,,0.205 Mpa
2026-09-06 01:00:00,0.234 Mpa,0.416 Mpa,0.316 Mpa,0.153 Mpa,0.00548 Mpa,0.235 Mpa,0.313 Mpa,,0.309 Mpa
2026-09-06 04:00:00,0.140 Mpa,0.287 Mpa,0.167 Mpa,0.182 Mpa,0.0531 Mpa,0.326 Mpa,0.297 Mpa,,0.214 Mpa
2026-09-06 07:00:00,0.202 Mpa,0.143 Mpa,0.364 Mpa,0.164 Mpa,0.146 Mpa,0.432 Mpa,0.247 Mpa,,0.138 Mpa
2026-09-06 10:00:00,0.0767 Mpa,0.169 Mpa,0.383 Mpa,0.198 Mpa,0.0634 Mpa,0.208 Mpa,0.235 Mpa,,0.186 Mpa
2026-09-06 13:00:00,0.144 Mpa,0.110 Mpa,0.151 Mpa,0.256 Mpa,0 Mpa,0.193 Mpa,0.209 Mpa,,0.246 Mpa
2026-09-06 16:00:00,0.176 Mpa,0.0967 Mpa,0.241 Mpa,0.214 Mpa,0 Mpa,,0.170 Mpa,,0.189 Mpa
2026-09-06 19:00:00,0.102 Mpa,0.107 Mpa,0.179 Mpa,0.396 Mpa,0.00441 Mpa,0.119 Mpa,0.264 Mpa,,0.922 Mpa
2026-09-06 22:00:00,0.173 Mpa,0.158 Mpa,0.197 Mpa,0.272 Mpa,0.108 Mpa,,0.342 Mpa,,0.225 Mpa
2026-09-07 01:00:00,0.140 Mpa,0.164 Mpa,0.171 Mpa,0.244 Mpa,,,0.293 Mpa,,0.372 Mpa
2026-09-07 04:00:00,0.148 Mpa,0.210 Mpa,0.146 Mpa,0.266 Mpa,,,0.226 Mpa,,0.163 Mpa
2026-09-07 07:00:00,0.106 Mpa,0.163 Mpa,0.191 Mpa,0.186 Mpa,,,0.234 Mpa,,0.220 Mpa
2026-09-07 10:00:00,0.185 Mpa,0.188 Mpa,0.273 Mpa,0.220 Mpa,,,0.231 Mpa,,0.197 Mpa
2026-09-07 13:00:00,0.348 Mpa,0.219 Mpa,0.160 Mpa,0.472 Mpa,,,0.230 Mpa,,0.228 Mpa
2026-09-07 16:00:00,0.154 Mpa,0.156 Mpa,0.167 Mpa,0.139 Mpa,0.185 Mpa,0.366 Mpa,0.224 Mpa,,0.348 Mpa
2026-09-07 19:00:00,0.201 Mpa,0.155 Mpa,0.224 Mpa,0.213 Mpa,,0.372 Mpa,0.250 Mpa,,0.170 Mpa
2026-09-07 22:00:00,0.254 Mpa,0.272 Mpa,0.203 Mpa,0.403 Mpa,0.00573 Mpa,0.342 Mpa,0.327 Mpa,,0.385 Mpa
2026-09-08 01:00:00,0.412 Mpa,0.101 Mpa,0.200 Mpa,0.192 Mpa,0.00115 Mpa,0.336 Mpa,0.277 Mpa,,0.269 Mpa
2026-09-08 04:00:00,2.21 Mpa,0.272 Mpa,0.156 Mpa,0.165 Mpa,0.0610 Mpa,0.251 Mpa,0.371 Mpa,,0.208 Mpa
2026-09-08 07:00:00,0.00281 Mpa,0.170 Mpa,0.115 Mpa,0.142 Mpa,,0.280 Mpa,0.386 Mpa,,0.191 Mpa
2026-09-08 10:00:00,0.0471 Mpa,0.291 Mpa,0.244 Mpa,0.198 Mpa,0 Mpa,0.280 Mpa,0.353 Mpa,,0.271 Mpa
2026-09-08 13:00:00,0.0168 Mpa,0.320 Mpa,0.131 Mpa,0.516 Mpa,0.321 Mpa,0.364 Mpa,0.306 Mpa,,0.232 Mpa
2026-09-08 16:00:00,,0.0807 Mpa,0.204 Mpa,0.251 Mpa,0.0835 Mpa,0.237 Mpa,0.264 Mpa,,0.178 Mpa
2026-09-08 19:00:00,,0.149 Mpa,0.252 Mpa,0.153 Mpa,0.0344 Mpa,0.232 Mpa,0.315 Mpa,,0.176 Mpa
2026-09-08 22:00:00,0.0122 Mpa,0.235 Mpa,0.195 Mpa,0.125 Mpa,0.107 Mpa,0.219 Mpa,0.296 Mpa,,0.173 Mpa
2026-09-09 01:00:00,0.123 Mpa,0.181 Mpa,0.159 Mpa,0.113 Mpa,0.107 Mpa,0.234 Mpa,0.472 Mpa,,0.264 Mpa
2026-09-09 04:00:00,,0.206 Mpa,0.171 Mpa,0.102 Mpa,0.196 Mpa,0.281 Mpa,0.349 Mpa,,0.192 Mpa
2026-09-09 07:00:00,,0.204 Mpa,0.179 Mpa,0.227 Mpa,0.203 Mpa,0.366 Mpa,0.369 Mpa,,0.238 Mpa
2026-09-09 10:00:00,0.159 Mpa,0.135 Mpa,0.396 Mpa,0.263 Mpa,0.157 Mpa,0.244 Mpa,0.366 Mpa,,0.214 Mpa
2026-09-09 13:00:00,,0.308 Mpa,0.134 Mpa,0.190 Mpa,0.0266 Mpa,0.298 Mpa,0.320 Mpa,,0.266 Mpa
2026-09-09 16:00:00,0.00950 Mpa,0.243 Mpa,0.151 Mpa,0.131 Mpa,0.0800 Mpa,0.214 Mpa,0.414 Mpa,,0.0505 Mpa
2026-09-09 19:00:00,0.00900 Mpa,0.146 Mpa,0.214 Mpa,0.149 Mpa,0.186 Mpa,0.218 Mpa,0.285 Mpa,,0.0479 Mpa
2026-09-09 22:00:00,0 Mpa,0.00431 Mpa,0.223 Mpa,0.165 Mpa,0.0950 Mpa,0.260 Mpa,0.306 Mpa,,0.0536 Mpa
2026-09-10 01:00:00,,0.450 Mpa,0.168 Mpa,0.361 Mpa,0.0624 Mpa,0.496 Mpa,0.206 Mpa,,0.0480 Mpa
2026-09-10 04:00:00,,0.227 Mpa,0.148 Mpa,0.266 Mpa,0.0987 Mpa,0.240 Mpa,0.291 Mpa,,
2026-09-10 07:00:00,,0.137 Mpa,0.221 Mpa,0.186 Mpa,0.130 Mpa,0.209 Mpa,0.311 Mpa,,
2026-09-10 10:00:00,,0.00362 Mpa,0.236 Mpa,0.393 Mpa,0.104 Mpa,0.383 Mpa,0.872 Mpa,,
2026-09-10 13:00:00,,0 Mpa,0.139 Mpa,0.276 Mpa,0.378 Mpa,0.202 Mpa,,,
2026-09-10 16:00:00,,0.0686 Mpa,0.121 Mpa,0.203 Mpa,0.159 Mpa,0.213 Mpa,0.258 Mpa,,
2026-09-10 19:00:00,,0.224 Mpa,0.120 Mpa,0.105 Mpa,0.144 Mpa,0.229 Mpa,0.369 Mpa,,
2026-09-10 22:00:00,,0.182 Mpa,0.127 Mpa,0.144 Mpa,0.109 Mpa,0.200 Mpa,0.318 Mpa,,
2026-09-11 01:00:00,0 Mpa,0.113 Mpa,0.175 Mpa,0.153 Mpa,0.257 Mpa,0.226 Mpa,0.401 Mpa,,0.0498 Mpa
2026-09-11 04:00:00,0.00489 Mpa,0.137 Mpa,0.192 Mpa,0.169 Mpa,0.279 Mpa,0.239 Mpa,0.275 Mpa,,0.0566 Mpa
2026-09-11 07:00:00,,0.179 Mpa,0.207 Mpa,0.250 Mpa,0.151 Mpa,0.288 Mpa,0.267 Mpa,,
2026-09-11 10:00:00,0.0893 Mpa,0.138 Mpa,0.369 Mpa,0.265 Mpa,0.165 Mpa,0.270 Mpa,0.369 Mpa,,0.128 Mpa
2026-09-11 13:00:00,0.0903 Mpa,0.0788 Mpa,0.201 Mpa,0.256 Mpa,0.318 Mpa,0.251 Mpa,0.422 Mpa,,0.348 Mpa
2026-09-11 16:00:00,0.115 Mpa,0.116 Mpa,0.177 Mpa,0.233 Mpa,0.175 Mpa,0.319 Mpa,0.289 Mpa,,0.395 Mpa
2026-09-11 19:00:00,0.104 Mpa,0.116 Mpa,0.182 Mpa,0.233 Mpa,0.287 Mpa,0.368 Mpa,0.251 Mpa,,0.203 Mpa
2026-09-11 22:00:00,0.228 Mpa,0.139 Mpa,0.263 Mpa,0.346 Mpa,0.0804 Mpa,0.263 Mpa,0.347 Mpa,,0.200 Mpa
2026-09-12 01:00:00,0.206 Mpa,0.169 Mpa,0.0971 Mpa,0.277 Mpa,0.113 Mpa,0.252 Mpa,0.355 Mpa,,0.242 Mpa
2026-09-12 04:00:00,0.165 Mpa,0.207 Mpa,0.108 Mpa,0.159 Mpa,0.0627 Mpa,0.288 Mpa,0.300 Mpa,,0.181 Mpa
2026-09-12 07:00:00,0.0191 Mpa,0.224 Mpa,0.223 Mpa,0.247 Mpa,0.0566 Mpa,0.338 Mpa,0.270 Mpa,,0.148 Mpa
2026-09-12 10:00:00,0.112 Mpa,0.204 Mpa,0.159 Mpa,0.150 Mpa,0.0632 Mpa,0.354 Mpa,0.332 Mpa,,0.244 Mpa
2026-09-12 13:00:00,0.162 Mpa,0.191 Mpa,0.198 Mpa,0.371 Mpa,0.191 Mpa,0.415 Mpa,0.329 Mpa,,0.455 Mpa
2026-09-12 16:00:00,0.330 Mpa,0.169 Mpa,0.159 Mpa,0.212 Mpa,0.0975 Mpa,0.266 Mpa,0.292 Mpa,,0.264 Mpa
2026-09-12 19:00:00,0.0442 Mpa,0.163 Mpa,0.170 Mpa,0.223 Mpa,0.134 Mpa,0.258 Mpa,0.297 Mpa,,0.210 Mpa
2026-09-12 22:00:00,0.163 Mpa,0.00564 Mpa,0.220 Mpa,0.200 Mpa,0.119 Mpa,0.265 Mpa,0.283 Mpa,,0.250 Mpa
2026-09-13 01:00:00,0.254 Mpa,0.0368 Mpa,0.125 Mpa,0.182 Mpa,0.0631 Mpa,0.321 Mpa,0.271 Mpa,,0.274 Mpa
2026-09-13 04:00:00,0.292 Mpa,0.127 Mpa,0.144 Mpa,0.243 Mpa,0.230 Mpa,0.313 Mpa,0.298 Mpa,,0.277 Mpa
2026-09-13 07:00:00,0.353 Mpa,0.194 Mpa,0.184 Mpa,0.184 Mpa,0.175 Mpa,0.377 Mpa,0.274 Mpa,,0.354 Mpa
2026-09-13 10:00:00,0.338 Mpa,0.173 Mpa,0.141 Mpa,0.213 Mpa,0.0817 Mpa,0.362 Mpa,0.278 Mpa,,0.576 Mpa
2026-09-13 13:00:00,0.319 Mpa,0.184 Mpa,0.125 Mpa,0.211 Mpa,0.0864 Mpa,0.271 Mpa,0.278 Mpa,,0.241 Mpa
2026-09-13 16:00:00,0.248 Mpa,0.172 Mpa,0.136 Mpa,0.248 Mpa,0.0848 Mpa,0.441 Mpa,0.288 Mpa,,0.459 Mpa
2026-09-13 19:00:00,0.152 Mpa,0.231 Mpa,0.193 Mpa,0.153 Mpa,0.123 Mpa,0.214 Mpa,0.304 Mpa,,0.180 Mpa
2026-09-13 22:00:00,0.109 Mpa,0.0941 Mpa,0.108 Mpa,0.104 Mpa,0.0834 Mpa,0.297 Mpa,0.285 Mpa,,
2026-09-14 01:00:00,0.169 Mpa,0.0809 Mpa,0.270 Mpa,0.205 Mpa,0.0919 Mpa,0.366 Mpa,0.333 Mpa,,
2026-09-14 04:00:00,0.172 Mpa,0.109 Mpa,0.178 Mpa,0.291 Mpa,0.0858 Mpa,0.348 Mpa,0.481 Mpa,,
2026-09-14 07:00:00,0.164 Mpa,0.220 Mpa,0.230 Mpa,0.229 Mpa,0.0449 Mpa,0.228 Mpa,0.341 Mpa,,
2026-09-14 10:00:00,0.440 Mpa,0.453 Mpa,0.185 Mpa,0.204 Mpa,0.0438 Mpa,0.263 Mpa,0.318 Mpa,,

