"Time","I38"
2026-08-18 08:24:45,26.7 V
2026-08-18 08:25:00,26.7 V
2026-08-18 08:25:15,26.6 V
2026-08-18 08:25:30,26.7 V
2026-08-18 08:25:45,26.8 V
2026-08-18 08:26:00,25.6 V
2026-08-18 08:26:15,25.4 V
2026-08-18 08:26:30,26.7 V
2026-08-18 08:26:45,26.7 V
2026-08-18 08:27:00,
2026-08-18 08:27:15,
2026-08-18 08:27:30,
2026-08-18 08:27:45,26.7 V
2026-08-18 08:28:00,
2026-08-18 08:28:15,
2026-08-18 08:28:30,
2026-08-18 08:28:45,26.8 V
2026-08-18 08:29:00,26.7 V
2026-08-18 08:29:15,26.7 V
2026-08-18 08:29:30,26.8 V
2026-08-18 08:29:45,26.7 V
2026-08-18 08:30:00,
2026-08-18 08:30:15,
2026-08-18 08:30:30,
2026-08-18 08:30:45,
2026-08-18 08:31:00,
2026-08-18 08:31:15,
2026-08-18 08:31:30,
2026-08-18 08:31:45,
2026-08-18 08:32:00,
2026-08-18 08:32:15,
2026-08-18 08:32:30,
2026-08-18 08:32:45,
2026-08-18 08:33:00,
2026-08-18 08:33:15,
2026-08-18 08:33:30,
2026-08-18 08:33:45,
2026-08-18 08:34:00,
2026-08-18 08:34:15,
2026-08-18 08:34:30,
2026-08-18 08:34:45,26.7 V
2026-08-18 08:35:00,26.7 V
2026-08-18 08:35:15,26.7 V
2026-08-18 08:35:30,26.7 V
2026-08-18 08:35:45,26.7 V
2026-08-18 08:36:00,26.7 V
2026-08-18 08:36:15,26.7 V
2026-08-18 08:36:30,26.7 V
2026-08-18 08:36:45,26.7 V
2026-08-18 08:37:00,26.7 V
2026-08-18 08:37:15,26.7 V
2026-08-18 08:37:30,26.7 V
2026-08-18 08:37:45,26.7 V
2026-08-18 08:38:00,26.7 V
2026-08-18 08:38:15,26.7 V
2026-08-18 08:38:30,26.7 V
2026-08-18 08:38:45,26.7 V
2026-08-18 08:39:00,26.7 V
2026-08-18 08:39:15,26.7 V
2026-08-18 08:39:30,26.7 V
2026-08-18 08:39:45,26.7 V
2026-08-18 08:40:00,26.7 V
2026-08-18 08:40:15,26.7 V
2026-08-18 08:40:30,26.7 V
2026-08-18 08:40:45,26.7 V
2026-08-18 08:41:00,26.7 V
2026-08-18 08:41:15,26.7 V
2026-08-18 08:41:30,26.7 V
2026-08-18 08:41:45,26.7 V
2026-08-18 08:42:00,26.7 V
2026-08-18 08:42:15,26.7 V
2026-08-18 08:42:30,26.7 V
2026-08-18 08:42:45,26.7 V
2026-08-18 08:43:00,26.7 V
2026-08-18 08:43:15,26.7 V
2026-08-18 08:43:30,26.6 V
2026-08-18 08:43:45,26.7 V
2026-08-18 08:44:00,26.7 V
2026-08-18 08:44:15,26.7 V
2026-08-18 08:44:30,26.7 V
2026-08-18 08:44:45,26.7 V
2026-08-18 08:45:00,26.7 V
2026-08-18 08:45:15,26.7 V
2026-08-18 08:45:30,26.7 V
2026-08-18 08:45:45,26.3 V
2026-08-18 08:46:00,25.8 V
2026-08-18 08:46:15,26.7 V
2026-08-18 08:46:30,
2026-08-18 08:46:45,
2026-08-18 08:47:00,
2026-08-18 08:47:15,26.7 V
2026-08-18 08:47:30,
2026-08-18 08:47:45,
2026-08-18 08:48:00,
2026-08-18 08:48:15,26.7 V
2026-08-18 08:48:30,26.7 V
2026-08-18 08:48:45,
2026-08-18 08:49:00,
2026-08-18 08:49:15,
2026-08-18 08:49:30,25.3 V
2026-08-18 08:49:45,
2026-08-18 08:50:00,
2026-08-18 08:50:15,
2026-08-18 08:50:30,26.7 V
2026-08-18 08:50:45,26.6 V
2026-08-18 08:51:00,26.7 V
2026-08-18 08:51:15,26.7 V
2026-08-18 08:51:30,
2026-08-18 08:51:45,
2026-08-18 08:52:00,
2026-08-18 08:52:15,26.7 V
2026-08-18 08:52:30,
2026-08-18 08:52:45,
2026-08-18 08:53:00,
2026-08-18 08:53:15,26.7 V
2026-08-18 08:53:30,26.7 V
2026-08-18 08:53:45,26.7 V
2026-08-18 08:54:00,26.7 V
2026-08-18 08:54:15,26.7 V
2026-08-18 08:54:30,26.7 V
2026-08-18 08:54:45,26.7 V
2026-08-18 08:55:00,26.7 V
2026-08-18 08:55:15,26.7 V
2026-08-18 08:55:30,26.7 V
2026-08-18 08:55:45,26.7 V
2026-08-18 08:56:00,26.7 V
2026-08-18 08:56:15,26.7 V
2026-08-18 08:56:30,25.4 V
2026-08-18 08:56:45,26.2 V
2026-08-18 08:57:00,26.7 V
2026-08-18 08:57:15,26.7 V
2026-08-18 08:57:30,26.7 V
2026-08-18 08:57:45,26.7 V
2026-08-18 08:58:00,26.7 V
2026-08-18 08:58:15,26.7 V
2026-08-18 08:58:30,26.7 V
2026-08-18 08:58:45,26.7 V
2026-08-18 08:59:00,26.7 V
2026-08-18 08:59:15,26.7 V
2026-08-18 08:59:30,26.7 V
2026-08-18 08:59:45,26.7 V
2026-08-18 09:00:00,26.7 V
2026-08-18 09:00:15,26.7 V
2026-08-18 09:00:30,25.9 V
2026-08-18 09:00:45,25.8 V
2026-08-18 09:01:00,26.7 V
2026-08-18 09:01:15,26.7 V
2026-08-18 09:01:30,26.7 V
2026-08-18 09:01:45,26.7 V
2026-08-18 09:02:00,26.7 V
2026-08-18 09:02:15,26.7 V
2026-08-18 09:02:30,26.7 V
2026-08-18 09:02:45,26.7 V
2026-08-18 09:03:00,26.7 V
2026-08-18 09:03:15,26.7 V
2026-08-18 09:03:30,26.7 V
2026-08-18 09:03:45,26.7 V
2026-08-18 09:04:00,26.7 V
2026-08-18 09:04:15,26.7 V
2026-08-18 09:04:30,26.7 V
2026-08-18 09:04:45,26.7 V
2026-08-18 09:05:00,26.7 V
2026-08-18 09:05:15,26.7 V
2026-08-18 09:05:30,26.7 V
2026-08-18 09:05:45,26.7 V
2026-08-18 09:06:00,26.7 V
2026-08-18 09:06:15,26.7 V
2026-08-18 09:06:30,26.7 V
2026-08-18 09:06:45,26.7 V
2026-08-18 09:07:00,26.7 V
2026-08-18 09:07:15,26.7 V
2026-08-18 09:07:30,26.7 V
2026-08-18 09:07:45,26.7 V
2026-08-18 09:08:00,
2026-08-18 09:08:15,
2026-08-18 09:08:30,
2026-08-18 09:08:45,26.7 V
2026-08-18 09:09:00,26.7 V
2026-08-18 09:09:15,26.7 V
2026-08-18 09:09:30,26.7 V
2026-08-18 09:09:45,26.7 V
2026-08-18 09:10:00,26.7 V
2026-08-18 09:10:15,26.7 V
2026-08-18 09:10:30,26.7 V
2026-08-18 09:10:45,26.7 V
2026-08-18 09:11:00,26.7 V
2026-08-18 09:11:15,26.7 V
2026-08-18 09:11:30,26.6 V
2026-08-18 09:11:45,26.7 V
2026-08-18 09:12:00,26.7 V
2026-08-18 09:12:15,25.8 V
2026-08-18 09:12:30,25.8 V
2026-08-18 09:12:45,26.7 V
2026-08-18 09:13:00,26.7 V
2026-08-18 09:13:15,26.6 V
2026-08-18 09:13:30,26.7 V
2026-08-18 09:13:45,26.6 V
2026-08-18 09:14:00,26.7 V
2026-08-18 09:14:15,26.6 V
2026-08-18 09:14:30,26.7 V
2026-08-18 09:14:45,26.7 V
2026-08-18 09:15:00,26.7 V
2026-08-18 09:15:15,26.7 V
2026-08-18 09:15:30,26.7 V
2026-08-18 09:15:45,26.7 V
2026-08-18 09:16:00,26.7 V
2026-08-18 09:16:15,26.7 V
2026-08-18 09:16:30,26.7 V
2026-08-18 09:16:45,26.7 V
2026-08-18 09:17:00,26.7 V
2026-08-18 09:17:15,26.7 V
2026-08-18 09:17:30,26.7 V
2026-08-18 09:17:45,26.7 V
2026-08-18 09:18:00,26.7 V
2026-08-18 09:18:15,26.7 V
2026-08-18 09:18:30,26.7 V
2026-08-18 09:18:45,26.6 V
2026-08-18 09:19:00,26.7 V
2026-08-18 09:19:15,26.7 V
2026-08-18 09:19:30,25.8 V
2026-08-18 09:19:45,26.2 V
2026-08-18 09:20:00,26.7 V
2026-08-18 09:20:15,26.7 V
2026-08-18 09:20:30,26.7 V
2026-08-18 09:20:45,26.6 V
2026-08-18 09:21:00,26.7 V
2026-08-18 09:21:15,26.7 V
2026-08-18 09:21:30,26.7 V
2026-08-18 09:21:45,26.7 V
2026-08-18 09:22:00,26.7 V
2026-08-18 09:22:15,26.7 V
2026-08-18 09:22:30,26.7 V
2026-08-18 09:22:45,26.7 V
2026-08-18 09:23:00,26.7 V
2026-08-18 09:23:15,26.7 V
2026-08-18 09:23:30,26.7 V
2026-08-18 09:23:45,26.7 V
2026-08-18 09:24:00,26.7 V
2026-08-18 09:24:15,26.7 V
2026-08-18 09:24:30,26.7 V
2026-08-18 09:24:45,26.7 V
2026-08-18 09:25:00,26.7 V
2026-08-18 09:25:15,26.7 V
2026-08-18 09:25:30,26.6 V
2026-08-18 09:25:45,26.7 V
2026-08-18 09:26:00,26.7 V
2026-08-18 09:26:15,26.7 V
2026-08-18 09:26:30,26.7 V
2026-08-18 09:26:45,26.7 V
2026-08-18 09:27:00,26.7 V
2026-08-18 09:27:15,26.7 V
2026-08-18 09:27:30,25.2 V
2026-08-18 09:27:45,25.3 V
2026-08-18 09:28:00,26.7 V
2026-08-18 09:28:15,26.7 V
2026-08-18 09:28:30,26.7 V
2026-08-18 09:28:45,26.7 V
2026-08-18 09:29:00,26.7 V
2026-08-18 09:29:15,26.7 V
2026-08-18 09:29:30,26.7 V
2026-08-18 09:29:45,26.7 V
2026-08-18 09:30:00,26.7 V
2026-08-18 09:30:15,26.7 V
2026-08-18 09:30:30,26.7 V
2026-08-18 09:30:45,26.7 V
2026-08-18 09:31:00,26.7 V
2026-08-18 09:31:15,26.6 V
2026-08-18 09:31:30,26.7 V
2026-08-18 09:31:45,26.7 V
2026-08-18 09:32:00,26.7 V
2026-08-18 09:32:15,26.3 V
2026-08-18 09:32:30,25.4 V
2026-08-18 09:32:45,26.7 V
2026-08-18 09:33:00,26.7 V
2026-08-18 09:33:15,
2026-08-18 09:33:30,
2026-08-18 09:33:45,
2026-08-18 09:34:00,26.7 V
2026-08-18 09:34:15,
2026-08-18 09:34:30,
2026-08-18 09:34:45,
2026-08-18 09:35:00,26.8 V
2026-08-18 09:35:15,26.7 V
2026-08-18 09:35:30,26.7 V
2026-08-18 09:35:45,26.7 V
2026-08-18 09:36:00,26.7 V
2026-08-18 09:36:15,26.7 V
2026-08-18 09:36:30,26.3 V
2026-08-18 09:36:45,25.8 V
2026-08-18 09:37:00,26.7 V
2026-08-18 09:37:15,26.7 V
2026-08-18 09:37:30,26.7 V
2026-08-18 09:37:45,26.7 V
2026-08-18 09:38:00,26.7 V
2026-08-18 09:38:15,26.7 V
2026-08-18 09:38:30,26.7 V
2026-08-18 09:38:45,26.7 V
2026-08-18 09:39:00,26.7 V
2026-08-18 09:39:15,26.6 V
2026-08-18 09:39:30,26.7 V
2026-08-18 09:39:45,26.7 V
2026-08-18 09:40:00,26.7 V
2026-08-18 09:40:15,26.7 V
2026-08-18 09:40:30,26.7 V
2026-08-18 09:40:45,26.7 V
2026-08-18 09:41:00,26.7 V
2026-08-18 09:41:15,26.7 V
2026-08-18 09:41:30,26.7 V
2026-08-18 09:41:45,26.7 V
2026-08-18 09:42:00,26.7 V
2026-08-18 09:42:15,26.6 V
2026-08-18 09:42:30,26.6 V
2026-08-18 09:42:45,26.7 V
2026-08-18 09:43:00,26.6 V
2026-08-18 09:43:15,26.6 V
2026-08-18 09:43:30,26.7 V
2026-08-18 09:43:45,26.6 V
2026-08-18 09:44:00,26.7 V
2026-08-18 09:44:15,26.7 V
2026-08-18 09:44:30,26.7 V
2026-08-18 09:44:45,26.7 V
2026-08-18 09:45:00,26.7 V
2026-08-18 09:45:15,26.7 V
2026-08-18 09:45:30,26.7 V
2026-08-18 09:45:45,26.6 V
2026-08-18 09:46:00,25.3 V
2026-08-18 09:46:15,26.7 V
2026-08-18 09:46:30,26.7 V
2026-08-18 09:46:45,26.7 V
2026-08-18 09:47:00,26.7 V
2026-08-18 09:47:15,26.7 V
2026-08-18 09:47:30,26.7 V
2026-08-18 09:47:45,26.7 V
2026-08-18 09:48:00,26.7 V
2026-08-18 09:48:15,26.7 V
2026-08-18 09:48:30,26.6 V
2026-08-18 09:48:45,26.7 V
2026-08-18 09:49:00,26.6 V
2026-08-18 09:49:15,26.6 V
2026-08-18 09:49:30,26.7 V
2026-08-18 09:49:45,26.7 V
2026-08-18 09:50:00,
2026-08-18 09:50:15,
2026-08-18 09:50:30,
2026-08-18 09:50:45,
2026-08-18 09:51:00,
2026-08-18 09:51:15,
2026-08-18 09:51:30,
2026-08-18 09:51:45,
2026-08-18 09:52:00,
2026-08-18 09:52:15,
2026-08-18 09:52:30,
2026-08-18 09:52:45,
2026-08-18 09:53:00,
2026-08-18 09:53:15,
2026-08-18 09:53:30,
2026-08-18 09:53:45,
2026-08-18 09:54:00,
2026-08-18 09:54:15,
2026-08-18 09:54:30,
2026-08-18 09:54:45,26.7 V
2026-08-18 09:55:00,26.6 V
2026-08-18 09:55:15,26.6 V
2026-08-18 09:55:30,26.7 V
2026-08-18 09:55:45,26.7 V
2026-08-18 09:56:00,26.7 V
2026-08-18 09:56:15,26.7 V
2026-08-18 09:56:30,26.6 V
2026-08-18 09:56:45,26.7 V
2026-08-18 09:57:00,25.4 V
2026-08-18 09:57:15,26.2 V
2026-08-18 09:57:30,26.7 V
2026-08-18 09:57:45,26.6 V
2026-08-18 09:58:00,26.6 V
2026-08-18 09:58:15,26.7 V
2026-08-18 09:58:30,26.6 V
2026-08-18 09:58:45,26.7 V
2026-08-18 09:59:00,26.7 V
2026-08-18 09:59:15,26.7 V
2026-08-18 09:59:30,26.7 V
2026-08-18 09:59:45,26.7 V
2026-08-18 10:00:00,26.6 V
2026-08-18 10:00:15,26.6 V
2026-08-18 10:00:30,26.6 V
2026-08-18 10:00:45,26.6 V
2026-08-18 10:01:00,26.6 V
2026-08-18 10:01:15,26.7 V
2026-08-18 10:01:30,26.6 V
2026-08-18 10:01:45,26.6 V
2026-08-18 10:02:00,26.6 V
2026-08-18 10:02:15,26.7 V
2026-08-18 10:02:30,26.6 V
2026-08-18 10:02:45,26.7 V
2026-08-18 10:03:00,26.7 V
2026-08-18 10:03:15,26.7 V
2026-08-18 10:03:30,26.6 V
2026-08-18 10:03:45,26.6 V
2026-08-18 10:04:00,26.6 V
2026-08-18 10:04:15,26.7 V
2026-08-18 10:04:30,25.3 V
2026-08-18 10:04:45,26.2 V
2026-08-18 10:05:00,26.7 V
2026-08-18 10:05:15,26.6 V
2026-08-18 10:05:30,26.7 V
2026-08-18 10:05:45,26.7 V
2026-08-18 10:06:00,26.6 V
2026-08-18 10:06:15,26.7 V
2026-08-18 10:06:30,26.6 V
2026-08-18 10:06:45,26.6 V
2026-08-18 10:07:00,26.7 V
2026-08-18 10:07:15,26.7 V
2026-08-18 10:07:30,26.7 V
2026-08-18 10:07:45,26.7 V
2026-08-18 10:08:00,26.6 V
2026-08-18 10:08:15,26.6 V
2026-08-18 10:08:30,26.6 V
2026-08-18 10:08:45,26.7 V
2026-08-18 10:09:00,26.6 V
2026-08-18 10:09:15,26.6 V
2026-08-18 10:09:30,26.6 V
2026-08-18 10:09:45,26.7 V
2026-08-18 10:10:00,26.7 V
2026-08-18 10:10:15,26.7 V
2026-08-18 10:10:30,26.7 V
2026-08-18 10:10:45,26.7 V
2026-08-18 10:11:00,26.7 V
2026-08-18 10:11:15,26.6 V
2026-08-18 10:11:30,26.6 V
2026-08-18 10:11:45,26.7 V
2026-08-18 10:12:00,26.7 V
2026-08-18 10:12:15,26.6 V
2026-08-18 10:12:30,26.7 V
2026-08-18 10:12:45,26.7 V
2026-08-18 10:13:00,26.7 V
2026-08-18 10:13:15,26.6 V
2026-08-18 10:13:30,26.6 V
2026-08-18 10:13:45,26.7 V
2026-08-18 10:14:00,26.7 V
2026-08-18 10:14:15,26.7 V
2026-08-18 10:14:30,26.6 V
2026-08-18 10:14:45,26.7 V
2026-08-18 10:15:00,26.7 V
2026-08-18 10:15:15,26.7 V
2026-08-18 10:15:30,26.7 V
2026-08-18 10:15:45,26.7 V
2026-08-18 10:16:00,26.7 V
2026-08-18 10:16:15,26.6 V
2026-08-18 10:16:30,26.7 V
2026-08-18 10:16:45,26.7 V
2026-08-18 10:17:00,25.8 V
2026-08-18 10:17:15,25.8 V
2026-08-18 10:17:30,26.7 V
2026-08-18 10:17:45,26.7 V
2026-08-18 10:18:00,26.6 V
2026-08-18 10:18:15,26.7 V
2026-08-18 10:18:30,26.6 V
2026-08-18 10:18:45,26.7 V
2026-08-18 10:19:00,26.7 V
2026-08-18 10:19:15,26.6 V
2026-08-18 10:19:30,26.7 V
2026-08-18 10:19:45,26.7 V
2026-08-18 10:20:00,26.6 V
2026-08-18 10:20:15,26.6 V
2026-08-18 10:20:30,26.7 V
2026-08-18 10:20:45,26.6 V
2026-08-18 10:21:00,26.7 V
2026-08-18 10:21:15,26.3 V
2026-08-18 10:21:30,25.4 V
2026-08-18 10:21:45,26.7 V
2026-08-18 10:22:00,26.7 V
2026-08-18 10:22:15,26.7 V
2026-08-18 10:22:30,26.6 V
2026-08-18 10:22:45,26.7 V
2026-08-18 10:23:00,26.7 V
2026-08-18 10:23:15,26.7 V
2026-08-18 10:23:30,26.6 V
2026-08-18 10:23:45,26.6 V
2026-08-18 10:24:00,26.7 V
2026-08-18 10:24:15,26.6 V
2026-08-18 10:24:30,
2026-08-18 10:24:45,
2026-08-18 10:25:00,
2026-08-18 10:25:15,26.7 V
2026-08-18 10:25:30,
2026-08-18 10:25:45,
2026-08-18 10:26:00,
2026-08-18 10:26:15,26.7 V
2026-08-18 10:26:30,26.7 V
2026-08-18 10:26:45,26.6 V
2026-08-18 10:27:00,26.6 V
2026-08-18 10:27:15,26.7 V
2026-08-18 10:27:30,26.7 V
2026-08-18 10:27:45,26.7 V
2026-08-18 10:28:00,26.7 V
2026-08-18 10:28:15,26.7 V
2026-08-18 10:28:30,26.6 V
2026-08-18 10:28:45,26.7 V
2026-08-18 10:29:00,26.7 V
2026-08-18 10:29:15,26.7 V
2026-08-18 10:29:30,26.6 V
2026-08-18 10:29:45,26.7 V
2026-08-18 10:30:00,26.6 V
2026-08-18 10:30:15,26.7 V
2026-08-18 10:30:30,26.7 V
2026-08-18 10:30:45,26.6 V
2026-08-18 10:31:00,26.6 V
2026-08-18 10:31:15,26.2 V
2026-08-18 10:31:30,25.3 V
2026-08-18 10:31:45,26.2 V
2026-08-18 10:32:00,26.6 V
2026-08-18 10:32:15,26.7 V
2026-08-18 10:32:30,26.6 V
2026-08-18 10:32:45,26.6 V
2026-08-18 10:33:00,26.7 V
2026-08-18 10:33:15,26.6 V
2026-08-18 10:33:30,26.6 V
2026-08-18 10:33:45,26.6 V
2026-08-18 10:34:00,26.6 V
2026-08-18 10:34:15,26.6 V
2026-08-18 10:34:30,26.6 V
2026-08-18 10:34:45,26.6 V
2026-08-18 10:35:00,26.6 V
2026-08-18 10:35:15,26.6 V
2026-08-18 10:35:30,26.6 V
2026-08-18 10:35:45,25.4 V
2026-08-18 10:36:00,26.2 V
2026-08-18 10:36:15,26.6 V
2026-08-18 10:36:30,26.6 V
2026-08-18 10:36:45,26.7 V
2026-08-18 10:37:00,26.6 V
2026-08-18 10:37:15,26.6 V
2026-08-18 10:37:30,26.7 V
2026-08-18 10:37:45,26.6 V
2026-08-18 10:38:00,26.6 V
2026-08-18 10:38:15,26.6 V
2026-08-18 10:38:30,26.6 V
2026-08-18 10:38:45,26.6 V
2026-08-18 10:39:00,26.6 V
2026-08-18 10:39:15,26.7 V
2026-08-18 10:39:30,26.6 V
2026-08-18 10:39:45,26.6 V
2026-08-18 10:40:00,26.6 V
2026-08-18 10:40:15,26.6 V
2026-08-18 10:40:30,26.6 V
2026-08-18 10:40:45,25.4 V
2026-08-18 10:41:00,26.2 V
2026-08-18 10:41:15,26.7 V
2026-08-18 10:41:30,26.7 V
2026-08-18 10:41:45,26.6 V
2026-08-18 10:42:00,26.6 V
2026-08-18 10:42:15,26.7 V
2026-08-18 10:42:30,26.7 V
2026-08-18 10:42:45,26.7 V
2026-08-18 10:43:00,26.7 V
2026-08-18 10:43:15,26.6 V
2026-08-18 10:43:30,26.6 V
2026-08-18 10:43:45,26.6 V
2026-08-18 10:44:00,26.7 V
2026-08-18 10:44:15,26.7 V
2026-08-18 10:44:30,26.6 V
2026-08-18 10:44:45,26.7 V
2026-08-18 10:45:00,26.6 V
2026-08-18 10:45:15,26.7 V
2026-08-18 10:45:30,26.6 V
2026-08-18 10:45:45,26.7 V
2026-08-18 10:46:00,26.7 V
2026-08-18 10:46:15,25.7 V
2026-08-18 10:46:30,25.8 V
2026-08-18 10:46:45,26.7 V
2026-08-18 10:47:00,26.6 V
2026-08-18 10:47:15,26.7 V
2026-08-18 10:47:30,26.7 V
2026-08-18 10:47:45,26.6 V
2026-08-18 10:48:00,26.6 V
2026-08-18 10:48:15,26.7 V
2026-08-18 10:48:30,26.6 V
2026-08-18 10:48:45,26.6 V
2026-08-18 10:49:00,26.7 V
2026-08-18 10:49:15,26.7 V
2026-08-18 10:49:30,26.6 V
2026-08-18 10:49:45,26.6 V
2026-08-18 10:50:00,26.6 V
2026-08-18 10:50:15,26.6 V
2026-08-18 10:50:30,26.7 V
2026-08-18 10:50:45,26.6 V
2026-08-18 10:51:00,26.6 V
2026-08-18 10:51:15,26.6 V
2026-08-18 10:51:30,26.7 V
2026-08-18 10:51:45,26.6 V
2026-08-18 10:52:00,25.8 V
2026-08-18 10:52:15,25.8 V
2026-08-18 10:52:30,26.6 V
2026-08-18 10:52:45,26.7 V
2026-08-18 10:53:00,26.6 V
2026-08-18 10:53:15,26.6 V
2026-08-18 10:53:30,26.6 V
2026-08-18 10:53:45,26.7 V
2026-08-18 10:54:00,26.6 V
2026-08-18 10:54:15,26.6 V
2026-08-18 10:54:30,26.6 V
2026-08-18 10:54:45,26.6 V
2026-08-18 10:55:00,26.6 V
2026-08-18 10:55:15,26.6 V
2026-08-18 10:55:30,26.6 V
2026-08-18 10:55:45,26.7 V
2026-08-18 10:56:00,26.6 V
2026-08-18 10:56:15,26.6 V
2026-08-18 10:56:30,26.6 V
2026-08-18 10:56:45,26.6 V
2026-08-18 10:57:00,26.7 V
2026-08-18 10:57:15,26.6 V
2026-08-18 10:57:30,26.6 V
2026-08-18 10:57:45,26.6 V
2026-08-18 10:58:00,26.6 V
2026-08-18 10:58:15,26.6 V
2026-08-18 10:58:30,26.7 V
2026-08-18 10:58:45,26.6 V
2026-08-18 10:59:00,26.6 V
2026-08-18 10:59:15,26.6 V
2026-08-18 10:59:30,26.6 V
2026-08-18 10:59:45,26.6 V
2026-08-18 11:00:00,26.6 V
2026-08-18 11:00:15,26.6 V
2026-08-18 11:00:30,26.6 V
2026-08-18 11:00:45,26.6 V
2026-08-18 11:01:00,26.6 V
2026-08-18 11:01:15,26.6 V
2026-08-18 11:01:30,26.6 V
2026-08-18 11:01:45,26.6 V
2026-08-18 11:02:00,26.6 V
2026-08-18 11:02:15,26.6 V
2026-08-18 11:02:30,
2026-08-18 11:02:45,
2026-08-18 11:03:00,
2026-08-18 11:03:15,26.7 V
2026-08-18 11:03:30,
2026-08-18 11:03:45,
2026-08-18 11:04:00,
2026-08-18 11:04:15,26.6 V
2026-08-18 11:04:30,26.6 V
2026-08-18 11:04:45,26.6 V
2026-08-18 11:05:00,26.7 V
2026-08-18 11:05:15,26.7 V
2026-08-18 11:05:30,26.6 V
2026-08-18 11:05:45,26.6 V
2026-08-18 11:06:00,26.6 V
2026-08-18 11:06:15,26.7 V
2026-08-18 11:06:30,26.7 V
2026-08-18 11:06:45,26.6 V
2026-08-18 11:07:00,26.6 V
2026-08-18 11:07:15,26.7 V
2026-08-18 11:07:30,26.7 V
2026-08-18 11:07:45,26.6 V
2026-08-18 11:08:00,26.6 V
2026-08-18 11:08:15,26.7 V
2026-08-18 11:08:30,26.7 V
2026-08-18 11:08:45,26.6 V
2026-08-18 11:09:00,26.6 V
2026-08-18 11:09:15,26.6 V
2026-08-18 11:09:30,26.7 V
2026-08-18 11:09:45,26.7 V
2026-08-18 11:10:00,26.6 V
2026-08-18 11:10:15,26.6 V
2026-08-18 11:10:30,26.6 V
2026-08-18 11:10:45,26.6 V
2026-08-18 11:11:00,26.7 V
2026-08-18 11:11:15,26.6 V
2026-08-18 11:11:30,26.7 V
2026-08-18 11:11:45,26.6 V
2026-08-18 11:12:00,26.6 V
2026-08-18 11:12:15,26.6 V
2026-08-18 11:12:30,26.6 V
2026-08-18 11:12:45,26.7 V
2026-08-18 11:13:00,26.6 V
2026-08-18 11:13:15,26.6 V
2026-08-18 11:13:30,26.6 V
2026-08-18 11:13:45,26.7 V
2026-08-18 11:14:00,26.7 V
2026-08-18 11:14:15,26.6 V
2026-08-18 11:14:30,26.6 V
2026-08-18 11:14:45,26.6 V
2026-08-18 11:15:00,26.6 V
2026-08-18 11:15:15,26.6 V
2026-08-18 11:15:30,26.7 V
2026-08-18 11:15:45,25.7 V
2026-08-18 11:16:00,25.8 V
2026-08-18 11:16:15,26.6 V
2026-08-18 11:16:30,26.6 V
2026-08-18 11:16:45,26.7 V
2026-08-18 11:17:00,26.6 V
2026-08-18 11:17:15,26.6 V
2026-08-18 11:17:30,26.6 V
2026-08-18 11:17:45,26.6 V
2026-08-18 11:18:00,26.6 V
2026-08-18 11:18:15,26.7 V
2026-08-18 11:18:30,26.6 V
2026-08-18 11:18:45,26.7 V
2026-08-18 11:19:00,26.6 V
2026-08-18 11:19:15,26.6 V
2026-08-18 11:19:30,26.7 V
2026-08-18 11:19:45,26.6 V
2026-08-18 11:20:00,26.6 V
2026-08-18 11:20:15,26.7 V
2026-08-18 11:20:30,26.7 V
2026-08-18 11:20:45,26.7 V
2026-08-18 11:21:00,26.7 V
2026-08-18 11:21:15,26.6 V
2026-08-18 11:21:30,26.7 V
2026-08-18 11:21:45,26.7 V
2026-08-18 11:22:00,26.7 V
2026-08-18 11:22:15,26.7 V
2026-08-18 11:22:30,26.7 V
2026-08-18 11:22:45,26.7 V
2026-08-18 11:23:00,26.7 V
2026-08-18 11:23:15,26.7 V
2026-08-18 11:23:30,
2026-08-18 11:23:45,
2026-08-18 11:24:00,
2026-08-18 11:24:15,26.6 V
2026-08-18 11:24:30,
2026-08-18 11:24:45,
2026-08-18 11:25:00,
2026-08-18 11:25:15,26.7 V
2026-08-18 11:25:30,26.6 V
2026-08-18 11:25:45,26.7 V
2026-08-18 11:26:00,26.7 V
2026-08-18 11:26:15,26.7 V
2026-08-18 11:26:30,26.7 V
2026-08-18 11:26:45,26.7 V
2026-08-18 11:27:00,26.7 V
2026-08-18 11:27:15,26.7 V
2026-08-18 11:27:30,26.7 V
2026-08-18 11:27:45,26.6 V
2026-08-18 11:28:00,26.7 V
2026-08-18 11:28:15,26.6 V
2026-08-18 11:28:30,26.7 V
2026-08-18 11:28:45,26.6 V
2026-08-18 11:29:00,26.6 V
2026-08-18 11:29:15,26.7 V
2026-08-18 11:29:30,26.6 V
2026-08-18 11:29:45,26.6 V
2026-08-18 11:30:00,26.6 V
2026-08-18 11:30:15,26.7 V
2026-08-18 11:30:30,26.7 V
2026-08-18 11:30:45,26.7 V
2026-08-18 11:31:00,26.7 V
2026-08-18 11:31:15,26.7 V
2026-08-18 11:31:30,26.6 V
2026-08-18 11:31:45,26.7 V
2026-08-18 11:32:00,26.6 V
2026-08-18 11:32:15,26.6 V
2026-08-18 11:32:30,26.7 V
2026-08-18 11:32:45,26.7 V
2026-08-18 11:33:00,26.7 V
2026-08-18 11:33:15,26.6 V
2026-08-18 11:33:30,26.7 V
2026-08-18 11:33:45,26.7 V
2026-08-18 11:34:00,26.6 V
2026-08-18 11:34:15,26.7 V
2026-08-18 11:34:30,26.6 V
2026-08-18 11:34:45,26.7 V
2026-08-18 11:35:00,26.7 V
2026-08-18 11:35:15,26.7 V
2026-08-18 11:35:30,26.7 V
2026-08-18 11:35:45,26.7 V
2026-08-18 11:36:00,26.7 V
2026-08-18 11:36:15,26.7 V
2026-08-18 11:36:30,26.7 V
2026-08-18 11:36:45,26.7 V
2026-08-18 11:37:00,26.7 V
2026-08-18 11:37:15,26.7 V
2026-08-18 11:37:30,26.7 V
2026-08-18 11:37:45,26.7 V
2026-08-18 11:38:00,26.7 V
2026-08-18 11:38:15,26.6 V
2026-08-18 11:38:30,25.8 V
2026-08-18 11:38:45,25.4 V
2026-08-18 11:39:00,26.7 V
2026-08-18 11:39:15,26.7 V
2026-08-18 11:39:30,26.7 V
2026-08-18 11:39:45,26.7 V
2026-08-18 11:40:00,26.7 V
2026-08-18 11:40:15,26.7 V
2026-08-18 11:40:30,26.7 V
2026-08-18 11:40:45,26.7 V
2026-08-18 11:41:00,26.7 V
2026-08-18 11:41:15,26.7 V
2026-08-18 11:41:30,26.7 V
2026-08-18 11:41:45,26.7 V
2026-08-18 11:42:00,26.7 V
2026-08-18 11:42:15,26.7 V
2026-08-18 11:42:30,26.6 V
2026-08-18 11:42:45,26.7 V
2026-08-18 11:43:00,26.7 V
2026-08-18 11:43:15,26.7 V
2026-08-18 11:43:30,26.7 V
2026-08-18 11:43:45,26.7 V
2026-08-18 11:44:00,26.6 V
2026-08-18 11:44:15,26.7 V
2026-08-18 11:44:30,26.7 V
2026-08-18 11:44:45,
2026-08-18 11:45:00,
2026-08-18 11:45:15,
2026-08-18 11:45:30,26.7 V
2026-08-18 11:45:45,
2026-08-18 11:46:00,
2026-08-18 11:46:15,
2026-08-18 11:46:30,
2026-08-18 11:46:45,26.7 V
2026-08-18 11:47:00,26.6 V
2026-08-18 11:47:15,26.7 V
2026-08-18 11:47:30,26.7 V
2026-08-18 11:47:45,26.6 V
2026-08-18 11:48:00,26.7 V
2026-08-18 11:48:15,26.7 V
2026-08-18 11:48:30,26.6 V
2026-08-18 11:48:45,26.6 V
2026-08-18 11:49:00,26.6 V
2026-08-18 11:49:15,26.6 V
2026-08-18 11:49:30,26.6 V
2026-08-18 11:49:45,26.6 V
2026-08-18 11:50:00,26.6 V
2026-08-18 11:50:15,26.6 V
2026-08-18 11:50:30,24.8 V
2026-08-18 11:50:45,25.4 V
2026-08-18 11:51:00,
2026-08-18 11:51:15,
2026-08-18 11:51:30,
2026-08-18 11:51:45,26.7 V
2026-08-18 11:52:00,
2026-08-18 11:52:15,
2026-08-18 11:52:30,
2026-08-18 11:52:45,26.6 V
2026-08-18 11:53:00,
2026-08-18 11:53:15,
2026-08-18 11:53:30,
2026-08-18 11:53:45,26.6 V
2026-08-18 11:54:00,
2026-08-18 11:54:15,
2026-08-18 11:54:30,
2026-08-18 11:54:45,
2026-08-18 11:55:00,26.6 V
2026-08-18 11:55:15,26.6 V
2026-08-18 11:55:30,26.6 V
2026-08-18 11:55:45,26.6 V
2026-08-18 11:56:00,26.6 V
2026-08-18 11:56:15,25.8 V
2026-08-18 11:56:30,25.3 V
2026-08-18 11:56:45,26.2 V
2026-08-18 11:57:00,26.6 V
2026-08-18 11:57:15,26.6 V
2026-08-18 11:57:30,26.6 V
2026-08-18 11:57:45,26.6 V
2026-08-18 11:58:00,26.6 V
2026-08-18 11:58:15,26.6 V
2026-08-18 11:58:30,26.6 V
2026-08-18 11:58:45,26.6 V
2026-08-18 11:59:00,26.6 V
2026-08-18 11:59:15,26.6 V
2026-08-18 11:59:30,26.6 V
2026-08-18 11:59:45,26.6 V
2026-08-18 12:00:00,26.6 V
2026-08-18 12:00:15,
2026-08-18 12:00:30,
2026-08-18 12:00:45,
2026-08-18 12:01:00,25.4 V
2026-08-18 12:01:15,
2026-08-18 12:01:30,
2026-08-18 12:01:45,
2026-08-18 12:02:00,26.6 V
2026-08-18 12:02:15,26.6 V
2026-08-18 12:02:30,26.6 V
2026-08-18 12:02:45,26.6 V
2026-08-18 12:03:00,26.6 V
2026-08-18 12:03:15,26.6 V
2026-08-18 12:03:30,26.6 V
2026-08-18 12:03:45,26.6 V
2026-08-18 12:04:00,26.6 V
2026-08-18 12:04:15,26.6 V
2026-08-18 12:04:30,26.6 V
2026-08-18 12:04:45,26.6 V
2026-08-18 12:05:00,26.6 V
2026-08-18 12:05:15,26.2 V
2026-08-18 12:05:30,25.7 V
2026-08-18 12:05:45,26.6 V
2026-08-18 12:06:00,26.6 V
2026-08-18 12:06:15,26.6 V
2026-08-18 12:06:30,26.6 V
2026-08-18 12:06:45,26.6 V
2026-08-18 12:07:00,25.3 V
2026-08-18 12:07:15,26.1 V
2026-08-18 12:07:30,26.6 V
2026-08-18 12:07:45,26.6 V
2026-08-18 12:08:00,26.6 V
2026-08-18 12:08:15,26.6 V
2026-08-18 12:08:30,26.6 V
2026-08-18 12:08:45,26.6 V
2026-08-18 12:09:00,26.6 V
2026-08-18 12:09:15,26.6 V
2026-08-18 12:09:30,26.6 V
2026-08-18 12:09:45,26.6 V
2026-08-18 12:10:00,26.6 V
2026-08-18 12:10:15,26.6 V
2026-08-18 12:10:30,26.6 V
2026-08-18 12:10:45,26.6 V
2026-08-18 12:11:00,26.6 V
2026-08-18 12:11:15,26.6 V
2026-08-18 12:11:30,25.7 V
2026-08-18 12:11:45,25.3 V
2026-08-18 12:12:00,26.2 V
2026-08-18 12:12:15,26.6 V
2026-08-18 12:12:30,26.6 V
2026-08-18 12:12:45,26.6 V
2026-08-18 12:13:00,26.6 V
2026-08-18 12:13:15,26.6 V
2026-08-18 12:13:30,26.6 V
2026-08-18 12:13:45,26.6 V
2026-08-18 12:14:00,26.6 V
2026-08-18 12:14:15,26.6 V
2026-08-18 12:14:30,26.6 V
2026-08-18 12:14:45,26.6 V
2026-08-18 12:15:00,26.6 V
2026-08-18 12:15:15,26.6 V
2026-08-18 12:15:30,26.6 V
2026-08-18 12:15:45,26.6 V
2026-08-18 12:16:00,26.6 V
2026-08-18 12:16:15,26.6 V
2026-08-18 12:16:30,26.6 V
2026-08-18 12:16:45,26.6 V
2026-08-18 12:17:00,25.7 V
2026-08-18 12:17:15,25.3 V
2026-08-18 12:17:30,26.6 V
2026-08-18 12:17:45,26.6 V
2026-08-18 12:18:00,26.6 V
2026-08-18 12:18:15,26.6 V
2026-08-18 12:18:30,26.6 V
2026-08-18 12:18:45,26.6 V
2026-08-18 12:19:00,26.6 V
2026-08-18 12:19:15,26.5 V
2026-08-18 12:19:30,26.6 V
2026-08-18 12:19:45,26.6 V
2026-08-18 12:20:00,26.6 V
2026-08-18 12:20:15,26.6 V
2026-08-18 12:20:30,26.6 V
2026-08-18 12:20:45,26.6 V
2026-08-18 12:21:00,26.6 V
2026-08-18 12:21:15,26.5 V
2026-08-18 12:21:30,26.6 V
2026-08-18 12:21:45,25.7 V
2026-08-18 12:22:00,25.7 V
2026-08-18 12:22:15,26.6 V
2026-08-18 12:22:30,26.6 V
2026-08-18 12:22:45,25.3 V
2026-08-18 12:23:00,26.1 V
2026-08-18 12:23:15,26.6 V
2026-08-18 12:23:30,26.5 V
2026-08-18 12:23:45,26.6 V
2026-08-18 12:24:00,
2026-08-18 12:24:15,
2026-08-18 12:24:30,
2026-08-18 12:24:45,26.6 V
2026-08-18 12:25:00,
2026-08-18 12:25:15,
2026-08-18 12:25:30,
2026-08-18 12:25:45,26.6 V
2026-08-18 12:26:00,26.6 V
2026-08-18 12:26:15,26.6 V
2026-08-18 12:26:30,26.6 V
2026-08-18 12:26:45,26.6 V
2026-08-18 12:27:00,26.6 V
2026-08-18 12:27:15,26.5 V
2026-08-18 12:27:30,26.6 V
2026-08-18 12:27:45,26.5 V
2026-08-18 12:28:00,26.5 V
2026-08-18 12:28:15,26.6 V
2026-08-18 12:28:30,26.5 V
2026-08-18 12:28:45,26.5 V
2026-08-18 12:29:00,26.5 V
2026-08-18 12:29:15,26.5 V
2026-08-18 12:29:30,26.5 V
2026-08-18 12:29:45,26.6 V
2026-08-18 12:30:00,26.6 V
2026-08-18 12:30:15,26.6 V
2026-08-18 12:30:30,26.5 V
2026-08-18 12:30:45,26.5 V
2026-08-18 12:31:00,26.6 V
2026-08-18 12:31:15,26.6 V
2026-08-18 12:31:30,25.7 V
2026-08-18 12:31:45,25.2 V
2026-08-18 12:32:00,26.5 V
2026-08-18 12:32:15,26.6 V
2026-08-18 12:32:30,26.6 V
2026-08-18 12:32:45,26.6 V
2026-08-18 12:33:00,26.6 V
2026-08-18 12:33:15,26.6 V
2026-08-18 12:33:30,26.6 V
2026-08-18 12:33:45,26.6 V
2026-08-18 12:34:00,26.5 V
2026-08-18 12:34:15,26.6 V
2026-08-18 12:34:30,26.6 V
2026-08-18 12:34:45,26.5 V
2026-08-18 12:35:00,26.6 V
2026-08-18 12:35:15,26.5 V
2026-08-18 12:35:30,
2026-08-18 12:35:45,
2026-08-18 12:36:00,
2026-08-18 12:36:15,26.6 V
2026-08-18 12:36:30,
2026-08-18 12:36:45,
2026-08-18 12:37:00,
2026-08-18 12:37:15,26.6 V
2026-08-18 12:37:30,26.6 V
2026-08-18 12:37:45,26.6 V
2026-08-18 12:38:00,26.6 V
2026-08-18 12:38:15,26.6 V
2026-08-18 12:38:30,26.6 V
2026-08-18 12:38:45,26.6 V
2026-08-18 12:39:00,26.6 V
2026-08-18 12:39:15,26.6 V
2026-08-18 12:39:30,26.6 V
2026-08-18 12:39:45,26.6 V
2026-08-18 12:40:00,26.6 V
2026-08-18 12:40:15,26.6 V
2026-08-18 12:40:30,25.3 V
2026-08-18 12:40:45,26.1 V
2026-08-18 12:41:00,26.6 V
2026-08-18 12:41:15,26.6 V
2026-08-18 12:41:30,26.6 V
2026-08-18 12:41:45,26.6 V
2026-08-18 12:42:00,26.6 V
2026-08-18 12:42:15,26.6 V
2026-08-18 12:42:30,26.6 V
2026-08-18 12:42:45,26.6 V
2026-08-18 12:43:00,
2026-08-18 12:43:15,
2026-08-18 12:43:30,
2026-08-18 12:43:45,26.6 V
2026-08-18 12:44:00,
2026-08-18 12:44:15,
2026-08-18 12:44:30,
2026-08-18 12:44:45,
2026-08-18 12:45:00,26.1 V
2026-08-18 12:45:15,25.3 V
2026-08-18 12:45:30,26.6 V
2026-08-18 12:45:45,26.6 V
2026-08-18 12:46:00,26.6 V
2026-08-18 12:46:15,26.6 V
2026-08-18 12:46:30,26.5 V
2026-08-18 12:46:45,26.6 V
2026-08-18 12:47:00,26.6 V
2026-08-18 12:47:15,26.6 V
2026-08-18 12:47:30,26.6 V
2026-08-18 12:47:45,26.6 V
2026-08-18 12:48:00,26.5 V
2026-08-18 12:48:15,26.5 V
2026-08-18 12:48:30,26.5 V
2026-08-18 12:48:45,26.5 V
2026-08-18 12:49:00,26.5 V
2026-08-18 12:49:15,26.6 V
2026-08-18 12:49:30,26.1 V
2026-08-18 12:49:45,25.2 V
2026-08-18 12:50:00,26.1 V
2026-08-18 12:50:15,26.5 V
2026-08-18 12:50:30,26.5 V
2026-08-18 12:50:45,26.5 V
2026-08-18 12:51:00,26.6 V
2026-08-18 12:51:15,26.5 V
2026-08-18 12:51:30,26.6 V
2026-08-18 12:51:45,26.5 V
2026-08-18 12:52:00,26.6 V
2026-08-18 12:52:15,26.5 V
2026-08-18 12:52:30,26.5 V
2026-08-18 12:52:45,26.5 V
2026-08-18 12:53:00,26.5 V
2026-08-18 12:53:15,26.5 V
2026-08-18 12:53:30,25.2 V
2026-08-18 12:53:45,25.1 V
2026-08-18 12:54:00,26.6 V
2026-08-18 12:54:15,26.5 V
2026-08-18 12:54:30,26.5 V
2026-08-18 12:54:45,26.5 V
2026-08-18 12:55:00,26.5 V
2026-08-18 12:55:15,26.5 V
2026-08-18 12:55:30,26.5 V
2026-08-18 12:55:45,26.5 V
2026-08-18 12:56:00,26.6 V
2026-08-18 12:56:15,26.5 V
2026-08-18 12:56:30,26.5 V
2026-08-18 12:56:45,26.5 V
2026-08-18 12:57:00,26.5 V
2026-08-18 12:57:15,26.6 V
2026-08-18 12:57:30,26.5 V
2026-08-18 12:57:45,26.5 V
2026-08-18 12:58:00,26.6 V
2026-08-18 12:58:15,26.6 V
2026-08-18 12:58:30,26.5 V
2026-08-18 12:58:45,26.6 V
2026-08-18 12:59:00,26.6 V
2026-08-18 12:59:15,26.5 V
2026-08-18 12:59:30,26.5 V
2026-08-18 12:59:45,26.6 V
2026-08-18 13:00:00,26.6 V
2026-08-18 13:00:15,26.6 V
2026-08-18 13:00:30,26.6 V
2026-08-18 13:00:45,26.5 V
2026-08-18 13:01:00,26.6 V
2026-08-18 13:01:15,26.5 V
2026-08-18 13:01:30,25.2 V
2026-08-18 13:01:45,26.1 V
2026-08-18 13:02:00,26.5 V
2026-08-18 13:02:15,26.5 V
2026-08-18 13:02:30,26.5 V
2026-08-18 13:02:45,26.6 V
2026-08-18 13:03:00,26.6 V
2026-08-18 13:03:15,26.5 V
2026-08-18 13:03:30,26.5 V
2026-08-18 13:03:45,26.5 V
2026-08-18 13:04:00,26.5 V
2026-08-18 13:04:15,26.6 V
2026-08-18 13:04:30,26.5 V
2026-08-18 13:04:45,26.5 V
2026-08-18 13:05:00,
2026-08-18 13:05:15,
2026-08-18 13:05:30,
2026-08-18 13:05:45,26.5 V
2026-08-18 13:06:00,
2026-08-18 13:06:15,
2026-08-18 13:06:30,
2026-08-18 13:06:45,26.5 V
2026-08-18 13:07:00,26.5 V
2026-08-18 13:07:15,26.5 V
2026-08-18 13:07:30,26.5 V
2026-08-18 13:07:45,26.5 V
2026-08-18 13:08:00,26.5 V
2026-08-18 13:08:15,26.5 V
2026-08-18 13:08:30,26.5 V
2026-08-18 13:08:45,26.5 V
2026-08-18 13:09:00,26.6 V
2026-08-18 13:09:15,26.5 V
2026-08-18 13:09:30,26.5 V
2026-08-18 13:09:45,26.6 V
2026-08-18 13:10:00,26.6 V
2026-08-18 13:10:15,26.5 V
2026-08-18 13:10:30,26.6 V
2026-08-18 13:10:45,26.5 V
2026-08-18 13:11:00,26.6 V
2026-08-18 13:11:15,26.6 V
2026-08-18 13:11:30,26.6 V
2026-08-18 13:11:45,25.2 V
2026-08-18 13:12:00,25.6 V
2026-08-18 13:12:15,26.6 V
2026-08-18 13:12:30,26.6 V
2026-08-18 13:12:45,26.6 V
2026-08-18 13:13:00,26.5 V
2026-08-18 13:13:15,26.6 V
2026-08-18 13:13:30,26.5 V
2026-08-18 13:13:45,26.6 V
2026-08-18 13:14:00,26.5 V
2026-08-18 13:14:15,26.6 V
2026-08-18 13:14:30,26.6 V
2026-08-18 13:14:45,26.5 V
2026-08-18 13:15:00,26.6 V
2026-08-18 13:15:15,26.5 V
2026-08-18 13:15:30,26.6 V
2026-08-18 13:15:45,26.6 V
2026-08-18 13:16:00,26.6 V
2026-08-18 13:16:15,26.6 V
2026-08-18 13:16:30,26.6 V
2026-08-18 13:16:45,26.6 V
2026-08-18 13:17:00,26.6 V
2026-08-18 13:17:15,26.6 V
2026-08-18 13:17:30,26.7 V
2026-08-18 13:17:45,26.8 V
2026-08-18 13:18:00,26.8 V
2026-08-18 13:18:15,26.3 V
2026-08-18 13:18:30,25.9 V
2026-08-18 13:18:45,25.9 V
2026-08-18 13:19:00,
2026-08-18 13:19:15,
2026-08-18 13:19:30,
2026-08-18 13:19:45,
2026-08-18 13:20:00,
2026-08-18 13:20:15,
2026-08-18 13:20:30,
2026-08-18 13:20:45,
2026-08-18 13:21:00,
2026-08-18 13:21:15,
2026-08-18 13:21:30,
2026-08-18 13:21:45,
2026-08-18 13:22:00,
2026-08-18 13:22:15,
2026-08-18 13:22:30,
2026-08-18 13:22:45,
2026-08-18 13:23:00,
2026-08-18 13:23:15,
2026-08-18 13:23:30,
2026-08-18 13:23:45,
2026-08-18 13:24:00,
2026-08-18 13:24:15,
2026-08-18 13:24:30,
2026-08-18 13:24:45,
2026-08-18 13:25:00,
2026-08-18 13:25:15,
2026-08-18 13:25:30,
2026-08-18 13:25:45,
2026-08-18 13:26:00,
2026-08-18 13:26:15,
2026-08-18 13:26:30,
2026-08-18 13:26:45,
2026-08-18 13:27:00,
2026-08-18 13:27:15,
2026-08-18 13:27:30,
2026-08-18 13:27:45,
2026-08-18 13:28:00,
2026-08-18 13:28:15,
2026-08-18 13:28:30,
2026-08-18 13:28:45,
2026-08-18 13:29:00,
2026-08-18 13:29:15,
2026-08-18 13:29:30,
2026-08-18 13:29:45,
2026-08-18 13:30:00,
2026-08-18 13:30:15,
2026-08-18 13:30:30,
2026-08-18 13:30:45,
2026-08-18 13:31:00,
2026-08-18 13:31:15,
2026-08-18 13:31:30,
2026-08-18 13:31:45,
2026-08-18 13:32:00,
2026-08-18 13:32:15,
2026-08-18 13:32:30,
2026-08-18 13:32:45,
2026-08-18 13:33:00,
2026-08-18 13:33:15,
2026-08-18 13:33:30,
2026-08-18 13:33:45,
2026-08-18 13:34:00,
2026-08-18 13:34:15,
2026-08-18 13:34:30,
2026-08-18 13:34:45,
2026-08-18 13:35:00,
2026-08-18 13:35:15,
2026-08-18 13:35:30,
2026-08-18 13:35:45,
2026-08-18 13:36:00,
2026-08-18 13:36:15,
2026-08-18 13:36:30,
2026-08-18 13:36:45,
2026-08-18 13:37:00,
2026-08-18 13:37:15,
2026-08-18 13:37:30,
2026-08-18 13:37:45,
2026-08-18 13:38:00,
2026-08-18 13:38:15,
2026-08-18 13:38:30,
2026-08-18 13:38:45,
2026-08-18 13:39:00,
2026-08-18 13:39:15,
2026-08-18 13:39:30,
2026-08-18 13:39:45,
2026-08-18 13:40:00,
2026-08-18 13:40:15,
2026-08-18 13:40:30,
2026-08-18 13:40:45,
2026-08-18 13:41:00,
2026-08-18 13:41:15,
2026-08-18 13:41:30,
2026-08-18 13:41:45,
2026-08-18 13:42:00,
2026-08-18 13:42:15,
2026-08-18 13:42:30,
2026-08-18 13:42:45,
2026-08-18 13:43:00,
2026-08-18 13:43:15,
2026-08-18 13:43:30,
2026-08-18 13:43:45,
2026-08-18 13:44:00,
2026-08-18 13:44:15,
2026-08-18 13:44:30,
2026-08-18 13:44:45,
2026-08-18 13:45:00,
2026-08-18 13:45:15,
2026-08-18 13:45:30,
2026-08-18 13:45:45,
2026-08-18 13:46:00,
2026-08-18 13:46:15,
2026-08-18 13:46:30,
2026-08-18 13:46:45,
2026-08-18 13:47:00,
2026-08-18 13:47:15,
2026-08-18 13:47:30,
2026-08-18 13:47:45,
2026-08-18 13:48:00,
2026-08-18 13:48:15,
2026-08-18 13:48:30,
2026-08-18 13:48:45,
2026-08-18 13:49:00,
2026-08-18 13:49:15,
2026-08-18 13:49:30,26.7 V
2026-08-18 13:49:45,
2026-08-18 13:50:00,
2026-08-18 13:50:15,
2026-08-18 13:50:30,26.7 V
2026-08-18 13:50:45,
2026-08-18 13:51:00,
2026-08-18 13:51:15,
2026-08-18 13:51:30,26.8 V
2026-08-18 13:51:45,
2026-08-18 13:52:00,
2026-08-18 13:52:15,
2026-08-18 13:52:30,26.8 V
2026-08-18 13:52:45,26.8 V
2026-08-18 13:53:00,26.8 V
2026-08-18 13:53:15,26.8 V
2026-08-18 13:53:30,26.8 V
2026-08-18 13:53:45,26.8 V
2026-08-18 13:54:00,26.8 V
2026-08-18 13:54:15,26.6 V
2026-08-18 13:54:30,26.8 V
2026-08-18 13:54:45,26.7 V
2026-08-18 13:55:00,
2026-08-18 13:55:15,
2026-08-18 13:55:30,26.8 V
2026-08-18 13:55:45,26.7 V
2026-08-18 13:56:00,26.8 V
2026-08-18 13:56:15,26.7 V
2026-08-18 13:56:30,26.7 V
2026-08-18 13:56:45,26.8 V
2026-08-18 13:57:00,26.8 V
2026-08-18 13:57:15,26.8 V
2026-08-18 13:57:30,26.8 V
2026-08-18 13:57:45,26.8 V
2026-08-18 13:58:00,26.8 V
2026-08-18 13:58:15,26.8 V
2026-08-18 13:58:30,
2026-08-18 13:58:45,
2026-08-18 13:59:00,
2026-08-18 13:59:15,
2026-08-18 13:59:30,
2026-08-18 13:59:45,
2026-08-18 14:00:00,
2026-08-18 14:00:15,
2026-08-18 14:00:30,
2026-08-18 14:00:45,26.6 V
2026-08-18 14:01:00,26.7 V
2026-08-18 14:01:15,
2026-08-18 14:01:30,
2026-08-18 14:01:45,
2026-08-18 14:02:00,25.3 V
2026-08-18 14:02:15,26.5 V
2026-08-18 14:02:30,26.7 V
2026-08-18 14:02:45,26.7 V
2026-08-18 14:03:00,26.7 V
2026-08-18 14:03:15,26.7 V
2026-08-18 14:03:30,26.5 V
2026-08-18 14:03:45,26.6 V
2026-08-18 14:04:00,26.7 V
2026-08-18 14:04:15,26.6 V
2026-08-18 14:04:30,26.6 V
2026-08-18 14:04:45,26.6 V
2026-08-18 14:05:00,26.6 V
2026-08-18 14:05:15,26.6 V
2026-08-18 14:05:30,26.7 V
2026-08-18 14:05:45,
2026-08-18 14:06:00,
2026-08-18 14:06:15,
2026-08-18 14:06:30,
2026-08-18 14:06:45,
2026-08-18 14:07:00,
2026-08-18 14:07:15,
2026-08-18 14:07:30,
2026-08-18 14:07:45,
2026-08-18 14:08:00,
2026-08-18 14:08:15,
2026-08-18 14:08:30,
2026-08-18 14:08:45,
2026-08-18 14:09:00,
2026-08-18 14:09:15,
2026-08-18 14:09:30,
2026-08-18 14:09:45,
2026-08-18 14:10:00,
2026-08-18 14:10:15,
2026-08-18 14:10:30,
2026-08-18 14:10:45,
2026-08-18 14:11:00,
2026-08-18 14:11:15,
2026-08-18 14:11:30,
2026-08-18 14:11:45,
2026-08-18 14:12:00,
2026-08-18 14:12:15,
2026-08-18 14:12:30,
2026-08-18 14:12:45,
2026-08-18 14:13:00,
2026-08-18 14:13:15,
2026-08-18 14:13:30,
2026-08-18 14:13:45,
2026-08-18 14:14:00,
2026-08-18 14:14:15,
2026-08-18 14:14:30,
2026-08-18 14:14:45,
2026-08-18 14:15:00,
2026-08-18 14:15:15,
2026-08-18 14:15:30,
2026-08-18 14:15:45,
2026-08-18 14:16:00,
2026-08-18 14:16:15,
2026-08-18 14:16:30,
2026-08-18 14:16:45,
2026-08-18 14:17:00,
2026-08-18 14:17:15,
2026-08-18 14:17:30,
2026-08-18 14:17:45,
2026-08-18 14:18:00,
2026-08-18 14:18:15,
2026-08-18 14:18:30,
2026-08-18 14:18:45,
2026-08-18 14:19:00,
2026-08-18 14:19:15,
2026-08-18 14:19:30,
2026-08-18 14:19:45,
2026-08-18 14:20:00,
2026-08-18 14:20:15,
2026-08-18 14:20:30,
2026-08-18 14:20:45,
2026-08-18 14:21:00,
2026-08-18 14:21:15,
2026-08-18 14:21:30,
2026-08-18 14:21:45,
2026-08-18 14:22:00,
2026-08-18 14:22:15,
2026-08-18 14:22:30,
2026-08-18 14:22:45,
2026-08-18 14:23:00,
2026-08-18 14:23:15,26.6 V
2026-08-18 14:23:30,26.6 V
2026-08-18 14:23:45,26.6 V
2026-08-18 14:24:00,
2026-08-18 14:24:15,
2026-08-18 14:24:30,
2026-08-18 14:24:45,

