sep=,
"Time","I38 - BOYA","I39 - BOYA","I40 - BOYA","I41 - BOYA","I42 - BOYA","I43 - BOYA","I44 - BOYA","I48 - BOYA"
2026-09-09 09:53:40,,Medio +,,,,,,LLeno
2026-09-09 09:54:00,,Medio +,,Medio +,Medio +,Medio +,Medio +,LLeno
2026-09-09 09:54:20,,Medio +,,Medio +,Medio +,Medio +,Medio +,LLeno
2026-09-09 09:54:40,,Medio +,,Medio +,Medio +,Medio +,Medio +,LLeno
2026-09-09 09:55:00,,Medio +,,Medio +,Medio +,Medio +,Medio +,LLeno
2026-09-09 09:55:20,,Medio +,,Medio +,Medio +,Medio +,Medio +,LLeno
2026-09-09 09:55:40,,Medio +,,Medio +,Medio +,Medio +,Medio +,LLeno
2026-09-09 09:56:00,,Medio +,,5.25,Medio +,Medio +,Medio +,LLeno
2026-09-09 09:56:20,,Medio +,,LLeno,Medio +,Medio +,Medio +,LLeno
2026-09-09 09:56:40,,Medio +,,LLeno,Medio +,Medio +,Medio +,LLeno
2026-09-09 09:57:00,,Medio +,,LLeno,Medio +,Medio +,Medio +,LLeno
2026-09-09 09:57:20,,Medio +,,LLeno,Medio +,Medio +,Medio +,LLeno
2026-09-09 09:57:40,,Medio +,,LLeno,Medio +,Medio +,Medio +,LLeno
2026-09-09 09:58:00,,Medio +,,LLeno,Medio +,Medio +,Medio +,LLeno
2026-09-09 09:58:20,,Medio +,,LLeno,Medio +,Medio +,Medio +,LLeno
2026-09-09 09:58:40,,Medio +,,LLeno,Medio +,Medio +,Medio +,LLeno
2026-09-09 09:59:00,,Medio +,,LLeno,Medio +,Medio +,Medio +,LLeno
2026-09-09 09:59:20,,Medio +,,LLeno,Medio +,Medio +,Medio +,LLeno
2026-09-09 09:59:40,,Medio +,,LLeno,Medio +,Medio +,Medio +,LLeno
2026-09-09 10:00:00,,Medio +,,LLeno,Medio +,Medio +,Medio +,LLeno
2026-09-09 10:00:20,,Medio +,,LLeno,Medio +,Medio +,Medio +,LLeno
2026-09-09 10:00:40,,Medio +,,LLeno,Medio +,Medio +,Medio +,LLeno
2026-09-09 10:01:00,,Medio +,,LLeno,Medio +,Medio +,Medio +,LLeno
2026-09-09 10:01:20,,Medio +,,LLeno,Medio +,Medio +,Medio +,LLeno
2026-09-09 10:01:40,,Medio +,,LLeno,,Medio +,Medio +,LLeno
2026-09-09 10:02:00,,Medio +,,LLeno,,Medio +,Medio +,LLeno
2026-09-09 10:02:20,,Medio +,,LLeno,,Medio +,Medio +,LLeno
2026-09-09 10:02:40,,Medio +,,LLeno,,Medio +,Medio +,LLeno
2026-09-09 10:03:00,,Medio +,,LLeno,,Medio +,Medio +,LLeno
2026-09-09 10:03:20,,Medio +,,LLeno,,Medio +,Medio +,LLeno
2026-09-09 10:03:40,,Medio +,,LLeno,,Medio +,Medio +,LLeno
2026-09-09 10:04:00,,Medio +,,5.75,,Medio +,Medio +,LLeno
2026-09-09 10:04:20,,Medio +,,Medio +,,Medio +,Medio +,LLeno
2026-09-09 10:04:40,,Medio +,,Medio +,,Medio +,Medio +,LLeno
2026-09-09 10:05:00,,Medio +,,Medio +,,Medio +,Medio +,LLeno
2026-09-09 10:05:20,,Medio +,,Medio +,,Medio +,Medio +,LLeno
2026-09-09 10:05:40,,Medio +,,Medio +,,Medio +,Medio +,LLeno
2026-09-09 10:06:00,,,,,,Medio +,Medio +,
2026-09-09 10:06:20,,,,,,Medio +,Medio +,
2026-09-09 10:06:40,,Medio +,,Medio +,,Medio +,Medio +,LLeno
2026-09-09 10:07:00,,,,,,Medio +,Medio +,
2026-09-09 10:07:20,,Medio +,,,,Medio +,Medio +,
2026-09-09 10:07:40,,Medio +,,Medio +,,Medio +,Medio +,LLeno
2026-09-09 10:08:00,,Medio +,,Medio +,,Medio +,Medio +,LLeno
2026-09-09 10:08:20,,Medio +,,Medio +,,Medio +,Medio +,LLeno
2026-09-09 10:08:40,,Medio +,,Medio +,Medio +,Medio +,Medio +,LLeno
2026-09-09 10:09:00,,Medio +,,Medio +,,Medio +,Medio +,LLeno
2026-09-09 10:09:20,,Medio +,,Medio +,,Medio +,Medio +,LLeno
2026-09-09 10:09:40,,Medio +,,Medio +,,Medio +,Medio +,LLeno
2026-09-09 10:10:00,,Medio +,,Medio +,,Medio +,Medio +,LLeno
2026-09-09 10:10:20,,Medio +,,Medio +,,Medio +,Medio +,LLeno
2026-09-09 10:10:40,,,,,,Medio +,Medio +,
2026-09-09 10:11:00,,,,,,Medio +,Medio +,
2026-09-09 10:11:20,,Medio +,,Medio +,Medio +,Medio +,Medio +,LLeno
2026-09-09 10:11:40,,,,,,Medio +,Medio +,
2026-09-09 10:12:00,,Medio +,,,,Medio +,Medio +,
2026-09-09 10:12:20,,Medio +,,Medio +,,Medio +,Medio +,LLeno
2026-09-09 10:12:40,,Medio +,,Medio +,,Medio +,Medio +,LLeno
2026-09-09 10:13:00,,Medio +,,Medio +,,Medio +,Medio +,LLeno
2026-09-09 10:13:20,,Medio +,,Medio +,,Medio +,Medio +,LLeno
2026-09-09 10:13:40,,Medio +,,Medio +,,Medio +,Medio +,LLeno
2026-09-09 10:14:00,,Medio +,,Medio +,,Medio +,Medio +,LLeno
2026-09-09 10:14:20,,Medio +,,Medio +,Medio +,Medio +,Medio +,LLeno
2026-09-09 10:14:40,,Medio +,,Medio +,,Medio +,Medio +,LLeno
2026-09-09 10:15:00,,Medio +,,Medio +,,Medio +,Medio +,LLeno
2026-09-09 10:15:20,,Medio +,,Medio +,,Medio +,Medio +,LLeno
2026-09-09 10:15:40,,Medio +,,Medio +,,Medio +,Medio +,LLeno
2026-09-09 10:16:00,,Medio +,,Medio +,,Medio +,Medio +,LLeno
2026-09-09 10:16:20,,Medio +,,Medio +,,Medio +,Medio +,LLeno
2026-09-09 10:16:40,,Medio +,,Medio +,,Medio +,Medio +,LLeno
2026-09-09 10:17:00,,Medio +,,Medio +,,Medio +,Medio +,LLeno
2026-09-09 10:17:20,,Medio +,,Medio +,Medio +,Medio +,Medio +,LLeno
2026-09-09 10:17:40,,Medio +,,Medio +,Medio +,Medio +,Medio +,LLeno
2026-09-09 10:18:00,,Medio +,,Medio +,Medio +,Medio +,Medio +,LLeno
2026-09-09 10:18:20,,Medio +,,Medio +,Medio +,Medio +,Medio +,LLeno
2026-09-09 10:18:40,,Medio +,,Medio +,Medio +,Medio +,Medio +,LLeno
2026-09-09 10:19:00,,Medio +,,Medio +,Medio +,Medio +,Medio +,LLeno
2026-09-09 10:19:20,,Medio +,,Medio +,Medio +,Medio +,Medio +,LLeno
2026-09-09 10:19:40,,Medio +,,Medio +,Medio +,Medio +,Medio +,LLeno
2026-09-09 10:20:00,,Medio +,,Medio +,Medio +,Medio +,Medio +,LLeno
2026-09-09 10:20:20,,Medio +,,Medio +,Medio +,Medio +,Medio +,LLeno
2026-09-09 10:20:40,,Medio +,,Medio +,Medio +,Medio +,Medio +,LLeno
2026-09-09 10:21:00,,Medio +,,Medio +,Medio +,Medio +,Medio +,LLeno
2026-09-09 10:21:20,,Medio +,,Medio +,Medio +,Medio +,Medio +,LLeno
2026-09-09 10:21:40,,Medio +,,Medio +,Medio +,Medio +,Medio +,LLeno
2026-09-09 10:22:00,,Medio +,,Medio +,Medio +,Medio +,Medio +,LLeno
2026-09-09 10:22:20,,Medio +,,Medio +,Medio +,Medio +,Medio +,LLeno
2026-09-09 10:22:40,,Medio +,,Medio +,Medio +,Medio +,Medio +,LLeno
2026-09-09 10:23:00,,Medio +,,Medio +,Medio +,Medio +,Medio +,LLeno
2026-09-09 10:23:20,,Medio +,,Medio +,Medio +,Medio +,Medio +,LLeno
2026-09-09 10:23:40,,Medio +,,Medio +,Medio +,Medio +,Medio +,LLeno
2026-09-09 10:24:00,,Medio +,,Medio +,Medio +,Medio +,Medio +,LLeno
2026-09-09 10:24:20,,Medio +,,Medio +,Medio +,Medio +,Medio +,LLeno
2026-09-09 10:24:40,,Medio +,,Medio +,Medio +,Medio +,Medio +,LLeno
2026-09-09 10:25:00,,Medio +,,Medio +,Medio +,Medio +,Medio +,LLeno
2026-09-09 10:25:20,,Medio +,,Medio +,Medio +,Medio +,Medio +,LLeno
2026-09-09 10:25:40,,Medio +,,Medio +,Medio +,Medio +,Medio +,LLeno
2026-09-09 10:26:00,,Medio +,,Medio +,Medio +,Medio +,Medio +,LLeno
2026-09-09 10:26:20,,Medio +,,Medio +,Medio +,Medio +,Medio +,LLeno
2026-09-09 10:26:40,,Medio +,,Medio +,Medio +,Medio +,Medio +,LLeno
2026-09-09 10:27:00,,Medio +,,Medio +,Medio +,Medio +,Medio +,LLeno
2026-09-09 10:27:20,,Medio +,,Medio +,Medio +,Medio +,Medio +,LLeno
2026-09-09 10:27:40,,Medio +,,Medio +,Medio +,Medio +,Medio +,LLeno
2026-09-09 10:28:00,,Medio +,,Medio +,Medio +,Medio +,Medio +,LLeno
2026-09-09 10:28:20,,Medio +,,Medio +,Medio +,Medio +,Medio +,LLeno
2026-09-09 10:28:40,,Medio +,,Medio +,Medio +,Medio +,Medio +,LLeno
2026-09-09 10:29:00,,Medio +,,Medio +,Medio +,Medio +,Medio +,LLeno
2026-09-09 10:29:20,,Medio +,,Medio +,Medio +,Medio +,Medio +,LLeno
2026-09-09 10:29:40,,Medio +,,Medio +,Medio +,Medio +,Medio +,LLeno
2026-09-09 10:30:00,,Medio +,,Medio +,Medio +,Medio +,Medio +,LLeno
2026-09-09 10:30:20,,Medio +,,Medio +,Medio +,Medio +,Medio +,LLeno
2026-09-09 10:30:40,,Medio +,,Medio +,Medio +,Medio +,Medio +,LLeno
2026-09-09 10:31:00,,Medio +,,Medio +,Medio +,Medio +,Medio +,LLeno
2026-09-09 10:31:20,,Medio +,,Medio +,Medio +,Medio +,Medio +,LLeno
2026-09-09 10:31:40,,Medio +,,Medio +,Medio +,Medio +,Medio +,LLeno
2026-09-09 10:32:00,,Medio +,,Medio +,Medio +,Medio +,Medio +,LLeno
2026-09-09 10:32:20,,Medio +,,Medio +,Medio +,Medio +,Medio +,LLeno
2026-09-09 10:32:40,,Medio +,,Medio +,Medio +,Medio +,Medio +,LLeno
2026-09-09 10:33:00,,Medio +,,Medio +,Medio +,Medio +,Medio +,LLeno
2026-09-09 10:33:20,,Medio +,,Medio +,Medio +,Medio +,Medio +,LLeno
2026-09-09 10:33:40,,Medio +,,Medio +,Medio +,Medio +,Medio +,LLeno
2026-09-09 10:34:00,,Medio +,,Medio +,Medio +,Medio +,Medio +,LLeno
2026-09-09 10:34:20,,Medio +,,Medio +,Medio +,Medio +,Medio +,LLeno
2026-09-09 10:34:40,,Medio +,,Medio +,Medio +,Medio +,Medio +,LLeno
2026-09-09 10:35:00,,Medio +,,Medio +,Medio +,Medio +,Medio +,LLeno
2026-09-09 10:35:20,,Medio +,,Medio +,Medio +,Medio +,Medio +,LLeno
2026-09-09 10:35:40,,Medio +,,Medio +,Medio +,Medio +,Medio +,LLeno
2026-09-09 10:36:00,,Medio +,,Medio +,Medio +,Medio +,Medio +,LLeno
2026-09-09 10:36:20,,Medio +,,Medio +,Medio +,Medio +,Medio +,LLeno
2026-09-09 10:36:40,,Medio +,,Medio +,Medio +,Medio +,Medio +,LLeno
2026-09-09 10:37:00,,Medio +,,Medio +,Medio +,Medio +,Medio +,LLeno
2026-09-09 10:37:20,,Medio +,,Medio +,Medio +,Medio +,Medio +,LLeno
2026-09-09 10:37:40,,Medio +,,Medio +,Medio +,Medio +,Medio +,LLeno
2026-09-09 10:38:00,,Medio +,,Medio +,Medio +,Medio +,Medio +,LLeno
2026-09-09 10:38:20,,Medio +,,Medio +,Medio +,Medio +,Medio +,LLeno
2026-09-09 10:38:40,,Medio +,,Medio +,Medio +,Medio +,Medio +,LLeno
2026-09-09 10:39:00,,Medio +,,Medio +,Medio +,Medio +,Medio +,LLeno
2026-09-09 10:39:20,,Medio +,,,,Medio +,Medio +,
2026-09-09 10:39:40,,Medio +,,,,Medio +,Medio +,
2026-09-09 10:40:00,,Medio +,,Medio +,,Medio +,Medio +,LLeno
2026-09-09 10:40:20,,Medio +,,,,Medio +,Medio +,
2026-09-09 10:40:40,,Medio +,,,,Medio +,Medio +,
2026-09-09 10:41:00,,Medio +,,Medio +,,Medio +,Medio +,LLeno
2026-09-09 10:41:20,,Medio +,,Medio +,,Medio +,Medio +,LLeno
2026-09-09 10:41:40,,Medio +,,,,Medio +,Medio +,LLeno
2026-09-09 10:42:00,,Medio +,,,Medio +,Medio +,Medio +,
2026-09-09 10:42:20,,Medio +,,,,Medio +,Medio +,
2026-09-09 10:42:40,,Medio +,,Medio +,,Medio +,Medio +,LLeno
2026-09-09 10:43:00,,Medio +,,,,Medio +,Medio +,
2026-09-09 10:43:20,,Medio +,,,,Medio +,Medio +,
2026-09-09 10:43:40,,Medio +,,Medio +,,Medio +,Medio +,LLeno
2026-09-09 10:44:00,,Medio +,,Medio +,,Medio +,Medio +,LLeno
2026-09-09 10:44:20,,Medio +,,Medio +,,Medio +,Medio +,LLeno
2026-09-09 10:44:40,,Medio +,,Medio +,Medio +,Medio +,Medio +,LLeno
2026-09-09 10:45:00,,Medio +,,Medio +,,Medio +,Medio +,LLeno
2026-09-09 10:45:20,,Medio +,,Medio +,,Medio +,Medio +,5.25
2026-09-09 10:45:40,,Medio +,,Medio +,,Medio +,Medio +,Medio +
2026-09-09 10:46:00,,Medio +,,Medio +,,Medio +,Medio +,Medio +
2026-09-09 10:46:20,,Medio +,,Medio +,,Medio +,Medio +,Medio +
2026-09-09 10:46:40,,Medio +,,Medio +,,Medio +,Medio +,Medio +
2026-09-09 10:47:00,,Medio +,,Medio +,,Medio +,Medio +,Medio +
2026-09-09 10:47:20,,Medio +,,Medio +,,Medio +,Medio +,Medio +
2026-09-09 10:47:40,,Medio +,,Medio +,Medio +,Medio +,Medio +,Medio +
2026-09-09 10:48:00,,Medio +,,,,Medio +,Medio +,
2026-09-09 10:48:20,,Medio +,,,,Medio +,Medio +,
2026-09-09 10:48:40,,Medio +,,Medio +,,Medio +,Medio +,Medio +
2026-09-09 10:49:00,,Medio +,,,,Medio +,Medio +,
2026-09-09 10:49:20,,Medio +,,,,Medio +,Medio +,
2026-09-09 10:49:40,,Medio +,,Medio +,,Medio +,Medio +,
2026-09-09 10:50:00,,Medio +,,Medio +,,Medio +,Medio +,Medio +
2026-09-09 10:50:20,,Medio +,,Medio +,,Medio +,Medio +,Medio +
2026-09-09 10:50:40,,Medio +,,Medio +,Medio +,Medio +,Medio +,Medio +
2026-09-09 10:51:00,,Medio +,,Medio +,,Medio +,Medio +,Medio +
2026-09-09 10:51:20,,Medio +,,Medio +,,Medio +,Medio +,Medio +
2026-09-09 10:51:40,Full,Medio +,,Medio +,,Medio +,Medio +,Medio +
2026-09-09 10:52:00,Full,Medio +,,Medio +,,Medio +,Medio +,Medio +
2026-09-09 10:52:20,Full,Medio +,,Medio +,,Medio +,Medio +,Medio +
2026-09-09 10:52:40,Full,Medio +,,Medio +,,Medio +,Medio +,Medio +
2026-09-09 10:53:00,Full,,,Medio +,,Medio +,Medio +,Medio +
2026-09-09 10:53:20,1.75,,,,,Medio +,Medio +,
2026-09-09 10:53:40,Full,Medio +,,,Medio +,Medio +,Medio +,
2026-09-09 10:54:00,Full,Medio +,,Medio +,,Medio +,Medio +,Medio +
2026-09-09 10:54:20,Full,Medio +,,,,Medio +,Medio +,
2026-09-09 10:54:40,Full,Medio +,,,,Medio +,Medio +,
2026-09-09 10:55:00,Full,Medio +,,Medio +,,Medio +,Medio +,Medio +
2026-09-09 10:55:20,Full,Medio +,,Medio +,,Medio +,Medio +,Medio +
2026-09-09 10:55:40,Full,Medio +,,Medio +,,Medio +,Medio +,Medio +
2026-09-09 10:56:00,Full,Medio +,,Medio +,,Medio +,Medio +,Medio +
2026-09-09 10:56:20,Full,Medio +,,,Medio +,Medio +,Medio +,
2026-09-09 10:56:40,,Medio +,,,,Medio ,Medio +,
2026-09-09 10:57:00,,Medio +,,Medio +,,Medio ,Medio +,Medio +
2026-09-09 10:57:20,,Medio +,,,,Medio ,Medio +,
2026-09-09 10:57:40,,Medio +,,,,Medio ,Medio +,
2026-09-09 10:58:00,,Medio +,,Medio +,,Medio ,Medio +,Medio +
2026-09-09 10:58:20,,Medio +,,Medio +,,Medio ,Medio +,Medio +
2026-09-09 10:58:40,,Medio +,,Medio +,,Medio ,Medio +,Medio +
2026-09-09 10:59:00,,Medio +,,Medio +,,Medio ,Medio +,Medio +
2026-09-09 10:59:20,,Medio +,,Medio +,Medio +,Medio ,Medio +,Medio +
2026-09-09 10:59:40,,Medio +,,Medio +,,Medio ,Medio +,Medio +
2026-09-09 11:00:00,,Medio +,,,,Medio ,Medio +,
2026-09-09 11:00:20,,Medio +,,,,Medio ,Medio +,
2026-09-09 11:00:40,,Medio +,,Medio +,,Medio ,Medio +,Medio +
2026-09-09 11:01:00,,Medio +,,,,Medio ,Medio +,
2026-09-09 11:01:20,,Medio +,,,,Medio ,Medio +,
2026-09-09 11:01:40,,Medio +,,Medio +,,Medio ,Medio +,Medio +
2026-09-09 11:02:00,,Medio +,,Medio +,,Medio ,Medio +,Medio +
2026-09-09 11:02:20,,Medio +,,Medio +,Medio +,Medio ,Medio +,Medio +
2026-09-09 11:02:40,,Medio +,,Medio +,,Medio ,Medio +,Medio +
2026-09-09 11:03:00,,Medio +,,Medio +,,Medio ,Medio +,Medio +
2026-09-09 11:03:20,,Medio +,,Medio +,,Medio ,Medio +,Medio +
2026-09-09 11:03:40,,Medio +,,Medio +,,Medio ,Medio +,Medio +
2026-09-09 11:04:00,,Medio +,,Medio +,,Medio ,Medio +,Medio +
2026-09-09 11:04:20,,Medio +,,Medio +,,Medio ,Medio +,Medio +
2026-09-09 11:04:40,,Medio +,,Medio +,,Medio ,Medio +,Medio +
2026-09-09 11:05:00,,Medio +,,Medio +,,Medio ,Medio +,Medio +
2026-09-09 11:05:20,,Medio +,,Medio +,Medio +,Medio ,Medio +,Medio +
2026-09-09 11:05:40,,Medio +,,Medio +,,Medio ,Medio +,Medio +
2026-09-09 11:06:00,,Medio +,,Medio +,,Medio ,Medio +,Medio +
2026-09-09 11:06:20,,Medio +,,Medio +,,Medio ,Medio +,Medio +
2026-09-09 11:06:40,,Medio +,,Medio +,,Medio ,Medio +,Medio +
2026-09-09 11:07:00,Full,Medio +,,Medio +,,,Medio +,Medio +
2026-09-09 11:07:20,Full,Medio +,,Medio +,,,Medio +,Medio +
2026-09-09 11:07:40,Full,Medio +,,,,Medio ,Medio +,
2026-09-09 11:08:00,Full,Medio +,,,,,Medio +,
2026-09-09 11:08:20,Full,Medio +,,Medio +,Medio +,,Medio +,Medio +
2026-09-09 11:08:40,Full,Medio +,,Medio +,,Medio ,Medio +,
2026-09-09 11:09:00,Full,Medio +,,Medio +,,,Medio +,
2026-09-09 11:09:20,Full,Medio +,,Medio +,,,Medio +,Medio +
2026-09-09 11:09:40,Full,Medio +,,Medio +,,,Medio +,Medio +
2026-09-09 11:10:00,Full,Medio +,,Medio +,,Medio ,Medio +,Medio +
2026-09-09 11:10:20,Full,Medio +,,Medio +,,,Medio +,Medio +
2026-09-09 11:10:40,Full,Medio +,,Medio +,,,Medio +,Medio +
2026-09-09 11:11:00,Full,Medio +,,Medio +,Medio +,Medio ,Medio +,Medio +
2026-09-09 11:11:20,Full,Medio +,,Medio +,,Medio ,Medio +,Medio +
2026-09-09 11:11:40,Full,Medio +,,Medio +,,Medio ,Medio +,Medio +
2026-09-09 11:12:00,Full,Medio +,,Medio +,,Medio ,Medio +,Medio +
2026-09-09 11:12:20,Full,Medio +,,Medio +,,Medio ,Medio +,Medio +
2026-09-09 11:12:40,Full,Medio +,,,,Medio ,Medio +,Medio +
2026-09-09 11:13:00,Full,Medio +,,,,Medio ,Medio +,Medio +
2026-09-09 11:13:20,Full,Medio +,,,,Medio ,Medio +,Medio +
2026-09-09 11:13:40,Full,Medio +,,,,Medio ,Medio +,Medio +
2026-09-09 11:14:00,Full,Medio +,,,Medio +,Medio ,Medio +,Medio +
2026-09-09 11:14:20,Full,Medio +,,,,Medio ,Medio +,Medio +
2026-09-09 11:14:40,Full,Medio +,,,,Medio ,Medio +,Medio +
2026-09-09 11:15:00,Full,Medio +,,,,Medio ,Medio +,Medio +
2026-09-09 11:15:20,Full,Medio +,,,,Medio ,Medio +,Medio +
2026-09-09 11:15:40,Full,Medio +,,,,Medio ,Medio +,Medio +
2026-09-09 11:16:00,Full,Medio +,,,,Medio ,Medio +,Medio +
2026-09-09 11:16:20,Full,Medio +,,,,Medio ,Medio +,Medio +
2026-09-09 11:16:40,Full,Medio +,,,,Medio ,Medio +,Medio +
2026-09-09 11:17:00,Full,,,,Medio +,Medio ,Medio +,
2026-09-09 11:17:20,,,,,,Medio ,Medio +,
2026-09-09 11:17:40,,Medio +,,,,Medio ,Medio +,
2026-09-09 11:18:00,,Medio +,,Medio +,,Medio ,Medio +,Medio +
2026-09-09 11:18:20,,Medio +,,,,Medio ,Medio +,
2026-09-09 11:18:40,,Medio +,,Medio +,,Medio ,Medio +,
2026-09-09 11:19:00,,Medio +,,Medio +,,Medio ,Medio +,Medio +
2026-09-09 11:19:20,,Medio +,,Medio +,,Medio ,Medio +,Medio +
2026-09-09 11:19:40,,,,Medio +,,Medio ,Medio +,
2026-09-09 11:20:00,,,,,Medio +,Medio ,Medio +,
2026-09-09 11:20:20,,Medio +,,,,Medio ,Medio +,
2026-09-09 11:20:40,,Medio +,,Medio +,,Medio ,Medio +,Medio +
2026-09-09 11:21:00,,Medio +,,Medio +,,Medio ,Medio +,
2026-09-09 11:21:20,,Medio +,,Medio +,,Medio ,Medio +,
2026-09-09 11:21:40,,Medio +,,Medio +,,Medio ,Medio +,Medio +
2026-09-09 11:22:00,,Medio +,,Medio +,,Medio ,Medio +,Medio +
2026-09-09 11:22:20,,Medio +,,Medio +,,Medio ,Medio +,Medio +
2026-09-09 11:22:40,,Medio +,,Medio +,Medio +,Medio ,Medio +,Medio +
2026-09-09 11:23:00,,Medio +,,Medio +,,Medio ,Medio +,Medio +
2026-09-09 11:23:20,,Medio +,,Medio +,,Medio ,Medio +,Medio +
2026-09-09 11:23:40,,Medio +,,Medio +,,Medio ,Medio +,Medio +
2026-09-09 11:24:00,,Medio +,,Medio +,,Medio ,Medio +,Medio +
2026-09-09 11:24:20,,Medio +,,Medio +,,Medio ,Medio +,Medio +
2026-09-09 11:24:40,,Medio +,,Medio +,,Medio ,Medio +,Medio +
2026-09-09 11:25:00,,Medio +,,Medio +,,Medio ,Medio +,Medio +
2026-09-09 11:25:20,,,,Medio +,,Medio ,,
2026-09-09 11:25:40,,,,Medio +,Medio +,Medio ,,
2026-09-09 11:26:00,,Medio +,,Medio +,,Medio ,Medio +,Medio +
2026-09-09 11:26:20,,Medio +,,Medio +,,Medio ,Medio +,
2026-09-09 11:26:40,,Medio +,,Medio +,,Medio ,Medio +,
2026-09-09 11:27:00,,Medio +,,Medio +,,Medio ,Medio +,Medio +
2026-09-09 11:27:20,,Medio +,,Medio +,,Medio ,Medio +,Medio +
2026-09-09 11:27:40,,Medio +,,,,Medio ,Medio +,Medio +
2026-09-09 11:28:00,,Medio +,,,,Medio ,Medio +,Medio +
2026-09-09 11:28:20,,Medio +,,Medio +,,Medio ,Medio +,Medio +
2026-09-09 11:28:40,,Medio +,,,Medio +,Medio ,Medio +,Medio +
2026-09-09 11:29:00,,Medio +,,,,Medio ,Medio +,Medio +
2026-09-09 11:29:20,,Medio +,,Medio +,,Medio ,Medio +,Medio +
2026-09-09 11:29:40,,Medio +,,Medio +,,Medio ,Medio +,Medio +
2026-09-09 11:30:00,,Medio +,,Medio +,,Medio ,Medio +,Medio +
2026-09-09 11:30:20,,Medio +,,Medio +,,Medio ,4.50,Medio +
2026-09-09 11:30:40,,Medio +,,Medio +,,Medio ,Medio ,Medio +
2026-09-09 11:31:00,,Medio +,,Medio +,,Medio ,Medio ,Medio +
2026-09-09 11:31:20,,Medio +,,Medio +,,Medio ,Medio ,Medio +
2026-09-09 11:31:40,,Medio +,,Medio +,Medio +,Medio ,Medio ,Medio +
2026-09-09 11:32:00,,Medio +,,Medio +,Medio +,Medio ,Medio ,Medio +
2026-09-09 11:32:20,,Medio +,,Medio +,Medio +,Medio ,Medio ,Medio +
2026-09-09 11:32:40,,Medio +,,Medio +,Medio +,Medio ,Medio ,Medio +
2026-09-09 11:33:00,,Medio +,,Medio +,Medio +,Medio ,Medio ,Medio +
2026-09-09 11:33:20,,Medio +,,Medio +,Medio +,Medio ,Medio ,Medio +
2026-09-09 11:33:40,,Medio +,,Medio +,Medio +,Medio ,Medio ,Medio +
2026-09-09 11:34:00,,Medio +,,Medio +,Medio +,Medio ,Medio ,Medio +
2026-09-09 11:34:20,,Medio +,,Medio +,Medio +,Medio ,Medio ,Medio +
2026-09-09 11:34:40,,Medio +,,Medio +,Medio +,Medio ,Medio ,Medio +
2026-09-09 11:35:00,,Medio +,,Medio +,Medio +,Medio ,Medio ,Medio +
2026-09-09 11:35:20,,Medio +,,Medio +,Medio +,Medio ,Medio ,Medio +
2026-09-09 11:35:40,,Medio +,,Medio +,Medio +,Medio ,Medio ,Medio +
2026-09-09 11:36:00,,Medio +,,Medio +,Medio +,Medio ,Medio ,Medio +
2026-09-09 11:36:20,,Medio +,,Medio +,Medio +,Medio ,Medio ,Medio +
2026-09-09 11:36:40,,Medio +,,Medio +,Medio +,Medio ,Medio ,Medio +
2026-09-09 11:37:00,,Medio +,,Medio +,Medio +,Medio ,Medio ,Medio +
2026-09-09 11:37:20,,Medio +,,Medio +,Medio +,Medio ,Medio ,Medio +
2026-09-09 11:37:40,,Medio +,,Medio +,Medio +,Medio ,Medio ,Medio +
2026-09-09 11:38:00,,Medio +,,Medio +,Medio +,Medio ,Medio ,Medio +
2026-09-09 11:38:20,,Medio +,,Medio +,Medio +,Medio ,Medio ,Medio +
2026-09-09 11:38:40,,Medio +,,Medio +,Medio +,Medio ,Medio ,Medio +
2026-09-09 11:39:00,,Medio +,,Medio +,Medio +,Medio ,Medio ,Medio +
2026-09-09 11:39:20,,Medio +,,Medio +,Medio +,Medio ,Medio ,Medio +
2026-09-09 11:39:40,,Medio +,,Medio +,Medio +,Medio ,Medio ,Medio +
2026-09-09 11:40:00,,Medio +,,Medio +,Medio +,Medio ,Medio ,Medio +
2026-09-09 11:40:20,,Medio +,,Medio +,Medio +,Medio ,Medio ,Medio +
2026-09-09 11:40:40,,Medio +,,Medio +,Medio +,Medio ,Medio ,Medio +
2026-09-09 11:41:00,,Medio +,,Medio +,Medio +,Medio ,Medio ,Medio +
2026-09-09 11:41:20,,Medio +,,Medio +,Medio +,Medio ,Medio ,Medio +
2026-09-09 11:41:40,,Medio +,,Medio +,Medio +,Medio ,Medio ,Medio +
2026-09-09 11:42:00,,Medio +,,Medio +,Medio +,Medio ,Medio ,Medio +
2026-09-09 11:42:20,,Medio +,,Medio +,Medio +,Medio ,Medio ,Medio +
2026-09-09 11:42:40,,Medio +,,Medio +,Medio +,Medio ,Medio ,Medio +
2026-09-09 11:43:00,,Medio +,,Medio +,Medio +,Medio ,Medio ,Medio +
2026-09-09 11:43:20,,Medio +,,Medio +,Medio +,Medio ,Medio ,Medio +
2026-09-09 11:43:40,,Medio +,,Medio +,Medio +,Medio ,Medio ,Medio +
2026-09-09 11:44:00,,Medio +,,Medio +,Medio +,Medio ,Medio ,Medio +
2026-09-09 11:44:20,,Medio +,,Medio +,Medio +,Medio ,Medio ,Medio +
2026-09-09 11:44:40,,Medio +,,Medio +,Medio +,Medio ,Medio ,Medio +
2026-09-09 11:45:00,,Medio +,,Medio +,Medio +,Medio ,Medio ,Medio +
2026-09-09 11:45:20,,Medio +,,Medio +,Medio +,Medio ,Medio ,Medio +
2026-09-09 11:45:40,,Medio +,,Medio +,Medio +,Medio ,Medio ,Medio +
2026-09-09 11:46:00,,Medio +,,Medio +,Medio +,Medio ,Medio ,Medio +
2026-09-09 11:46:20,,Medio +,,Medio +,Medio +,Medio ,Medio ,Medio +
2026-09-09 11:46:40,,Medio +,,Medio +,Medio +,Medio ,Medio ,Medio +
2026-09-09 11:47:00,,Medio +,,Medio +,Medio +,Medio ,Medio ,Medio +
2026-09-09 11:47:20,,Medio +,,Medio +,Medio +,Medio ,Medio ,Medio +
2026-09-09 11:47:40,,Medio +,,Medio +,Medio +,Medio ,Medio ,Medio +
2026-09-09 11:48:00,,Medio +,,Medio +,Medio +,Medio ,Medio ,Medio +
2026-09-09 11:48:20,,Medio +,,Medio +,4.75,Medio ,Medio ,Medio +
2026-09-09 11:48:40,,Medio +,,Medio +,Medio ,Medio ,Medio ,Medio +
2026-09-09 11:49:00,,Medio +,,Medio +,Medio ,Medio ,Medio ,Medio +
2026-09-09 11:49:20,,Medio +,,Medio +,Medio ,Medio ,Medio ,Medio +
2026-09-09 11:49:40,,Medio +,,Medio +,Medio ,Medio ,Medio ,Medio +
2026-09-09 11:50:00,,Medio +,,Medio +,Medio ,Medio ,Medio ,Medio +
2026-09-09 11:50:20,,Medio +,,Medio +,Medio ,Medio ,Medio ,Medio +
2026-09-09 11:50:40,,Medio +,,Medio +,Medio ,Medio ,Medio ,Medio +
2026-09-09 11:51:00,,Medio +,,Medio +,Medio ,Medio ,Medio ,Medio +
2026-09-09 11:51:20,,Medio +,,Medio +,Medio ,Medio ,Medio ,Medio +
2026-09-09 11:51:40,,Medio +,,Medio +,Medio ,Medio ,Medio ,Medio +
2026-09-09 11:52:00,,Medio +,,Medio +,Medio ,Medio ,Medio ,Medio +
2026-09-09 11:52:20,,,,Medio +,,Medio ,Medio ,
2026-09-09 11:52:40,,,,Medio +,,Medio ,Medio ,
2026-09-09 11:53:00,,Medio +,,Medio +,,Medio ,Medio ,Medio +
2026-09-09 11:53:20,,Medio +,,Medio +,,Medio ,Medio ,
2026-09-09 11:53:40,,Medio +,,Medio +,,Medio ,Medio ,
2026-09-09 11:54:00,,Medio +,,Medio +,,Medio ,Medio ,Medio +
2026-09-09 11:54:20,,Medio +,,Medio +,,Medio ,Medio ,Medio +
2026-09-09 11:54:40,,Medio +,,Medio +,,Medio ,Medio ,Medio +
2026-09-09 11:55:00,,Medio +,,Medio +,Medio ,Medio ,Medio ,Medio +
2026-09-09 11:55:20,,Medio +,,Medio +,,Medio ,Medio ,Medio +
2026-09-09 11:55:40,,Medio +,,Medio +,,Medio ,Medio ,Medio +
2026-09-09 11:56:00,,Medio +,,Medio +,,Medio ,Medio ,Medio +
2026-09-09 11:56:20,,Medio +,,Medio +,,Medio ,Medio ,Medio +
2026-09-09 11:56:40,,Medio +,,Medio +,,Medio ,Medio ,Medio +
2026-09-09 11:57:00,,Medio +,,Medio +,,Medio ,Medio ,Medio +
2026-09-09 11:57:20,,Medio +,,Medio +,,Medio ,Medio ,Medio +
2026-09-09 11:57:40,,Medio +,,Medio +,,Medio ,Medio ,Medio +
2026-09-09 11:58:00,,Medio +,,Medio +,Medio ,Medio ,Medio ,Medio +
2026-09-09 11:58:20,,Medio +,,Medio +,Medio ,Medio ,Medio ,Medio +
2026-09-09 11:58:40,,Medio +,,Medio +,Medio ,Medio ,Medio ,Medio +
2026-09-09 11:59:00,,Medio +,,Medio +,Medio ,Medio ,Medio ,Medio +
2026-09-09 11:59:20,,Medio +,,Medio +,Medio ,Medio ,Medio ,Medio +
2026-09-09 11:59:40,,Medio +,,Medio +,Medio ,Medio ,Medio ,Medio +
2026-09-09 12:00:00,,Medio +,,Medio +,Medio ,Medio ,Medio ,Medio +
2026-09-09 12:00:20,,Medio +,,Medio +,Medio ,Medio ,Medio ,Medio +
2026-09-09 12:00:40,,Medio +,,Medio +,Medio ,Medio ,Medio ,Medio +
2026-09-09 12:01:00,,Medio +,,Medio +,Medio ,Medio ,Medio ,Medio +
2026-09-09 12:01:20,,Medio +,,Medio +,Medio ,Medio ,Medio ,Medio +
2026-09-09 12:01:40,,Medio +,,Medio +,Medio ,Medio ,Medio ,Medio +
2026-09-09 12:02:00,,Medio +,,Medio +,Medio ,Medio ,Medio ,Medio +
2026-09-09 12:02:20,,Medio +,,Medio +,Medio ,Medio ,Medio ,Medio +
2026-09-09 12:02:40,,Medio +,,Medio +,,Medio ,Medio ,
2026-09-09 12:03:00,,Medio +,,Medio +,,Medio ,Medio ,
2026-09-09 12:03:20,,Medio +,,Medio +,,Medio ,Medio ,Medio +
2026-09-09 12:03:40,,Medio +,,Medio +,,Medio ,Medio ,
2026-09-09 12:04:00,,Medio +,,Medio +,,Medio ,Medio ,
2026-09-09 12:04:20,,Medio +,,Medio +,,Medio ,Medio ,Medio +
2026-09-09 12:04:40,,Medio +,,Medio +,,Medio ,Medio ,Medio +
2026-09-09 12:05:00,,Medio +,,Medio +,Medio ,Medio ,Medio ,Medio +
2026-09-09 12:05:20,,Medio +,,Medio +,,Medio ,Medio ,Medio +
2026-09-09 12:05:40,,Medio +,,Medio +,,Medio ,Medio ,Medio +
2026-09-09 12:06:00,,Medio +,,Medio +,,Medio ,Medio ,Medio +
2026-09-09 12:06:20,,Medio +,,Medio +,Medio ,Medio ,Medio ,Medio +
2026-09-09 12:06:40,,Medio +,,Medio +,,Medio ,Medio ,Medio +
2026-09-09 12:07:00,,Medio +,,Medio +,,Medio ,Medio ,Medio +
2026-09-09 12:07:20,,Medio +,,Medio +,,Medio ,Medio ,Medio +
2026-09-09 12:07:40,,Medio +,,Medio +,,Medio ,Medio ,
2026-09-09 12:08:00,,Medio +,,Medio +,,Medio ,Medio ,
2026-09-09 12:08:20,,Medio +,,Medio +,,Medio ,Medio ,Medio +
2026-09-09 12:08:40,,Medio +,,Medio +,,Medio ,Medio ,
2026-09-09 12:09:00,,Medio +,,Medio +,,Medio ,Medio ,
2026-09-09 12:09:20,,Medio +,,Medio +,,Medio ,Medio ,Medio +
2026-09-09 12:09:40,,Medio +,,Medio +,,Medio ,Medio ,
2026-09-09 12:10:00,,Medio +,,Medio +,,Medio ,Medio ,
2026-09-09 12:10:20,,Medio +,,Medio +,,Medio ,Medio ,Medio +
2026-09-09 12:10:40,,Medio +,,Medio +,,Medio ,Medio ,
2026-09-09 12:11:00,,Medio +,,Medio +,,Medio ,Medio ,
2026-09-09 12:11:20,,Medio +,,Medio +,,Medio ,Medio ,Medio +
2026-09-09 12:11:40,,Medio +,,Medio +,,Medio ,Medio ,Medio +
2026-09-09 12:12:00,,Medio +,,Medio +,,Medio ,Medio ,Medio +
2026-09-09 12:12:20,,Medio +,,Medio +,,Medio ,Medio ,Medio +
2026-09-09 12:12:40,,,,,,Medio ,Medio ,
2026-09-09 12:13:00,,Medio +,,,,Medio ,Medio ,
2026-09-09 12:13:20,,Medio +,,Medio +,,Medio ,Medio ,Medio +
2026-09-09 12:13:40,,Medio +,,,Medio ,Medio ,Medio ,
2026-09-09 12:14:00,,Medio +,,,,Medio ,Medio ,
2026-09-09 12:14:20,,Medio +,,Medio +,,Medio ,Medio ,Medio +
2026-09-09 12:14:40,,Medio +,,Medio +,,Medio ,Medio ,Medio +
2026-09-09 12:15:00,,Medio +,,Medio +,,Medio ,Medio ,Medio +
2026-09-09 12:15:20,,Medio +,,Medio +,,Medio ,Medio ,Medio +
2026-09-09 12:15:40,,Medio +,,Medio +,,Medio ,Medio ,Medio +
2026-09-09 12:16:00,,,,,,Medio ,Medio ,
2026-09-09 12:16:20,,,,,Medio ,Medio ,Medio ,
2026-09-09 12:16:40,,Medio +,,Medio +,,Medio ,Medio ,Medio +
2026-09-09 12:17:00,,Medio +,,,,Medio ,Medio ,
2026-09-09 12:17:20,,Medio +,,,,Medio ,Medio ,
2026-09-09 12:17:40,,Medio +,,Medio +,,Medio ,Medio ,Medio +
2026-09-09 12:18:00,,Medio +,,Medio +,,Medio ,Medio ,Medio +
2026-09-09 12:18:20,,Medio +,,Medio +,,Medio ,Medio ,Medio +
2026-09-09 12:18:40,,Medio +,,Medio +,,Medio ,Medio ,Medio +
2026-09-09 12:19:00,,Medio +,,Medio +,,Medio ,Medio ,Medio +
2026-09-09 12:19:20,,Medio +,,Medio +,Medio ,Medio ,Medio ,Medio +
2026-09-09 12:19:40,,Medio +,,Medio +,Medio ,Medio ,Medio ,Medio +
2026-09-09 12:20:00,,Medio +,,Medio +,Medio ,Medio ,Medio ,Medio +
2026-09-09 12:20:20,,Medio +,,Medio +,Medio ,Medio ,Medio ,Medio +
2026-09-09 12:20:40,,Medio +,,Medio +,,Medio ,Medio ,
2026-09-09 12:21:00,,Medio +,,Medio +,,3.25,Medio ,
2026-09-09 12:21:20,,Medio +,,Medio +,,Medio -,Medio ,Medio +
2026-09-09 12:21:40,,Medio +,,Medio +,,Medio -,Medio ,
2026-09-09 12:22:00,,Medio +,,Medio +,,Medio -,Medio ,
2026-09-09 12:22:20,,Medio +,,Medio +,,Medio -,Medio ,Medio +
2026-09-09 12:22:40,,Medio +,,Medio +,,Medio -,Medio ,Medio +
2026-09-09 12:23:00,,Medio +,,Medio +,,Medio -,Medio ,Medio +
2026-09-09 12:23:20,,Medio +,,Medio +,Medio ,Medio -,Medio ,Medio +
2026-09-09 12:23:40,,Medio +,,Medio +,,Medio -,Medio ,Medio +
2026-09-09 12:24:00,,Medio +,,Medio +,,Medio -,Medio ,Medio +
2026-09-09 12:24:20,,Medio +,,Medio +,,Medio -,Medio ,Medio +
2026-09-09 12:24:40,,Medio +,,Medio +,,Medio -,Medio ,Medio +
2026-09-09 12:25:00,,Medio +,,Medio +,,Medio -,Medio ,Medio +
2026-09-09 12:25:20,,Medio +,,Medio +,,Medio -,Medio ,Medio +
2026-09-09 12:25:40,,Medio +,,Medio +,,Medio -,Medio ,Medio +
2026-09-09 12:26:00,,Medio +,,Medio +,,Medio -,Medio ,Medio +
2026-09-09 12:26:20,,,,,Medio ,Medio -,Medio ,
2026-09-09 12:26:40,,,,,Medio ,Medio -,Medio ,
2026-09-09 12:27:00,,Medio +,,Medio +,Medio ,Medio -,Medio ,Medio +
2026-09-09 12:27:20,,,,,Medio ,Medio -,Medio ,
2026-09-09 12:27:40,,Medio +,,,Medio ,Medio -,Medio ,
2026-09-09 12:28:00,,Medio +,,Medio +,Medio ,Medio -,Medio ,Medio +
2026-09-09 12:28:20,,Medio +,,,Medio ,Medio -,Medio ,
2026-09-09 12:28:40,,Medio +,,,Medio ,Medio -,Medio ,
2026-09-09 12:29:00,,Medio +,,Medio +,Medio ,Medio -,Medio ,Medio +
2026-09-09 12:29:20,,Medio +,,,Medio ,Medio -,Medio ,
2026-09-09 12:29:40,,Medio +,,,Medio ,Medio -,Medio ,
2026-09-09 12:30:00,,Medio +,,Medio +,Medio ,Medio -,Medio ,Medio +
2026-09-09 12:30:20,,Medio +,,Medio +,Medio ,Medio -,Medio ,Medio +
2026-09-09 12:30:40,,,,,Medio ,Medio -,Medio ,
2026-09-09 12:31:00,,Medio +,,,Medio ,Medio -,Medio ,
2026-09-09 12:31:20,,,,Medio +,Medio ,Medio -,Medio ,Medio +
2026-09-09 12:31:40,,,,,Medio ,Medio -,Medio ,
2026-09-09 12:32:00,,Medio +,,,Medio ,Medio -,Medio ,
2026-09-09 12:32:20,,Medio +,,Medio +,Medio ,Medio -,Medio ,Medio +
2026-09-09 12:32:40,,Medio +,,Medio +,Medio ,Medio -,Medio ,Medio +
2026-09-09 12:33:00,,Medio +,,Medio +,Medio ,Medio -,Medio ,Medio +
2026-09-09 12:33:20,,Medio +,,Medio +,Medio ,Medio -,Medio ,Medio +
2026-09-09 12:33:40,,Medio +,,Medio +,Medio ,Medio -,Medio ,Medio +
2026-09-09 12:34:00,,Medio +,,Medio +,Medio ,Medio -,Medio ,Medio +
2026-09-09 12:34:20,,Medio +,,Medio +,Medio ,Medio -,Medio ,Medio +
2026-09-09 12:34:40,,Medio +,,Medio +,Medio ,Medio -,Medio ,Medio +
2026-09-09 12:35:00,,Medio +,,Medio +,Medio ,Medio -,Medio ,Medio +
2026-09-09 12:35:20,,Medio +,,Medio +,Medio ,Medio -,Medio ,Medio +
2026-09-09 12:35:40,,Medio +,,Medio +,Medio ,Medio -,Medio ,Medio +
2026-09-09 12:36:00,,Medio +,,Medio +,Medio ,Medio -,Medio ,Medio +
2026-09-09 12:36:20,,Medio +,,Medio +,Medio ,Medio -,Medio ,Medio +
2026-09-09 12:36:40,,Medio +,,Medio +,Medio ,Medio -,Medio ,Medio +
2026-09-09 12:37:00,,,,,,Medio -,Medio ,
2026-09-09 12:37:20,,,,,,Medio -,Medio ,
2026-09-09 12:37:40,,Medio +,,Medio +,,Medio -,Medio ,Medio +
2026-09-09 12:38:00,,,,Medio +,,Medio -,Medio ,
2026-09-09 12:38:20,,Medio +,,,,Medio -,Medio ,
2026-09-09 12:38:40,,Medio +,,,,Medio -,Medio ,Medio +
2026-09-09 12:39:00,,Medio +,,Medio +,,Medio -,Medio ,
2026-09-09 12:39:20,,Medio +,,Medio +,,Medio -,Medio ,
2026-09-09 12:39:40,,Medio +,,Medio +,Medio ,Medio -,Medio ,Medio +
2026-09-09 12:40:00,,Medio +,,Medio +,,Medio -,Medio ,
2026-09-09 12:40:20,,Medio +,,Medio +,,Medio -,Medio ,
2026-09-09 12:40:40,,Medio +,,Medio +,,Medio -,Medio ,Medio +
2026-09-09 12:41:00,,Medio +,,Medio +,,Medio -,Medio ,Medio +
2026-09-09 12:41:20,,Medio +,,Medio +,,Medio -,Medio ,Medio +
2026-09-09 12:41:40,,Medio +,,Medio +,,Medio -,Medio ,Medio +
2026-09-09 12:42:00,,Medio +,Full,,,Medio -,Medio ,Medio +
2026-09-09 12:42:20,,Medio +,,Vacio,,Medio -,Medio ,Medio +
2026-09-09 12:42:40,,Medio +,,1.50,Medio ,Medio -,Medio ,Medio +
2026-09-09 12:43:00,,Medio +,Full,LLeno,Medio ,Medio -,Medio ,Medio +
2026-09-09 12:43:20,,Medio +,Full,LLeno,Medio ,Medio -,Medio ,Medio +
2026-09-09 12:43:40,,Medio +,Full,LLeno,Medio ,Medio -,Medio ,
2026-09-09 12:44:00,,Medio +,Full,LLeno,Medio ,Medio -,Medio ,
2026-09-09 12:44:20,,Medio +,Full,,Medio ,Medio -,Medio ,Medio +
2026-09-09 12:44:40,,Medio +,Full,,Medio ,Medio -,Medio ,
2026-09-09 12:45:00,,Medio +,Full,LLeno,Medio ,Medio -,Medio ,
2026-09-09 12:45:20,,Medio +,Full,,Medio ,Medio -,Medio ,Medio +
2026-09-09 12:45:40,,Medio +,Full,,Medio ,Medio -,Medio ,Medio +
2026-09-09 12:46:00,,Medio +,Full,,Medio ,Medio -,Medio ,Medio +
2026-09-09 12:46:20,,Medio +,Full,,Medio ,Medio -,Medio ,Medio +
2026-09-09 12:46:40,,Medio +,Full,,Medio ,Medio -,Medio ,Medio +
2026-09-09 12:47:00,,Medio +,Full,,Medio ,Medio -,Medio ,Medio +
2026-09-09 12:47:20,,Medio +,Full,,Medio ,Medio -,Medio ,Medio +
2026-09-09 12:47:40,,Medio +,Full,,Medio ,Medio -,Medio ,Medio +
2026-09-09 12:48:00,,Medio +,Full,,Medio ,Medio -,Medio ,Medio +
2026-09-09 12:48:20,,Medio +,Full,,Medio ,Medio -,Medio ,Medio +
2026-09-09 12:48:40,,Medio +,,,,Medio -,Medio ,
2026-09-09 12:49:00,,Medio +,,,,Medio -,Medio ,
2026-09-09 12:49:20,,Medio +,Full,,,Medio -,Medio ,Medio +
2026-09-09 12:49:40,,Medio +,,,,Medio -,Medio ,
2026-09-09 12:50:00,,Medio +,,,,Medio -,Medio ,
2026-09-09 12:50:20,,Medio +,,,,Medio -,Medio ,Medio +
2026-09-09 12:50:40,,Medio +,Full,,,Medio -,Medio ,Medio +
2026-09-09 12:51:00,,Medio +,Full,,,Medio -,Medio ,Medio +
2026-09-09 12:51:20,,Medio +,Full,,Medio ,Medio -,Medio ,Medio +
2026-09-09 12:51:40,,Medio +,Full,,,Medio -,Medio ,Medio +
2026-09-09 12:52:00,,Medio +,Full,,,Medio -,Medio ,Medio +
2026-09-09 12:52:20,,Medio +,Full,,,Medio -,Medio ,
2026-09-09 12:52:40,,Medio +,Full,,,Medio -,Medio ,
2026-09-09 12:53:00,,Medio +,Full,,,Medio -,Medio ,Medio +
2026-09-09 12:53:20,,Medio +,Full,,,Medio -,Medio ,
2026-09-09 12:53:40,,Medio +,Full,,,Medio -,Medio ,
2026-09-09 12:54:00,,Medio +,Full,,,Medio -,Medio ,Medio +
2026-09-09 12:54:20,,Medio +,Full,,Medio ,Medio -,Medio ,Medio +
2026-09-09 12:54:40,,Medio +,Full,,,Medio -,Medio ,Medio +
2026-09-09 12:55:00,,Medio +,Full,,,Medio -,Medio ,Medio +
2026-09-09 12:55:20,,Medio +,Full,,,Medio -,3.25,Medio +
2026-09-09 12:55:40,,Medio +,Full,,,Medio -,Medio -,Medio +
2026-09-09 12:56:00,,Medio +,Full,,,Medio -,Medio -,Medio +
2026-09-09 12:56:20,,Medio +,Full,,,Medio -,Medio -,Medio +
2026-09-09 12:56:40,,Medio +,,,,Medio -,Medio -,Medio +
2026-09-09 12:57:00,,Medio +,,,,Medio -,Medio -,Medio +
2026-09-09 12:57:20,,Medio +,,LLeno,Medio ,Medio -,Medio -,Medio +
2026-09-09 12:57:40,,Medio +,,LLeno,Medio ,Medio -,Medio -,Medio +
2026-09-09 12:58:00,,Medio +,,LLeno,Medio ,Medio -,Medio -,Medio +
2026-09-09 12:58:20,,Medio +,,LLeno,Medio ,Medio -,Medio -,Medio +
2026-09-09 12:58:40,,Medio +,,LLeno,Medio ,Medio -,Medio -,Medio +
2026-09-09 12:59:00,,Medio +,,LLeno,Medio ,Medio -,Medio -,Medio +
2026-09-09 12:59:20,,Medio +,,LLeno,Medio ,Medio -,Medio -,Medio +
2026-09-09 12:59:40,,Medio +,,,Medio ,Medio -,Medio -,Medio +
2026-09-09 13:00:00,,Medio +,,,Medio ,Medio -,Medio -,Medio +
2026-09-09 13:00:20,,Medio +,,LLeno,Medio ,Medio -,Medio -,Medio +
2026-09-09 13:00:40,,Medio +,,,Medio ,Medio -,Medio -,Medio +
2026-09-09 13:01:00,,Medio +,,,Medio ,Medio -,Medio -,Medio +
2026-09-09 13:01:20,,Medio +,Full,LLeno,Medio ,Medio -,Medio -,Medio +
2026-09-09 13:01:40,,Medio +,Full,LLeno,Medio ,Medio -,Medio -,Medio +
2026-09-09 13:02:00,,Medio +,Full,LLeno,Medio ,Medio -,Medio -,
2026-09-09 13:02:20,,Medio +,Full,4.80,Medio ,Medio -,Medio -,
2026-09-09 13:02:40,,Medio +,Full,Medio ,Medio ,Medio -,Medio -,Medio +
2026-09-09 13:03:00,,Medio +,Full,Medio -,Medio ,Medio -,Medio -,
2026-09-09 13:03:20,,,,LLeno,,Medio -,,
2026-09-09 13:03:40,,Medio +,,LLeno,,Medio -,Medio -,Medio +
2026-09-09 13:04:00,,,Full,LLeno,,Medio -,,
2026-09-09 13:04:20,,,,LLeno,,Medio -,,
2026-09-09 13:04:40,,Medio +,,LLeno,,Medio -,Medio -,Medio +
2026-09-09 13:05:00,,,Full,LLeno,,Medio -,,
2026-09-09 13:05:20,,Medio +,,LLeno,,Medio -,Medio -,
2026-09-09 13:05:40,,Medio +,,LLeno,,Medio -,,Medio +
2026-09-09 13:06:00,,Medio +,Full,LLeno,Medio ,Medio -,,
2026-09-09 13:06:20,,Medio +,,LLeno,,Medio -,Medio -,
2026-09-09 13:06:40,,Medio +,,LLeno,,Medio -,,Medio +
2026-09-09 13:07:00,,Medio +,Full,LLeno,,Medio -,,
2026-09-09 13:07:20,,Medio +,,LLeno,,Medio -,Medio -,
2026-09-09 13:07:40,,Medio +,,,,Medio -,,Medio +
2026-09-09 13:08:00,,Medio +,,,,Medio -,Medio -,
2026-09-09 13:08:20,,Medio +,Full,,,Medio -,,
2026-09-09 13:08:40,,Medio +,,,Medio ,Medio -,,Medio +
2026-09-09 13:09:00,,Medio +,,,,Medio -,Medio -,
2026-09-09 13:09:20,,Medio +,Full,,,Medio -,,
2026-09-09 13:09:40,,Medio +,Full,,,Medio -,Medio -,Medio +
2026-09-09 13:10:00,,Medio +,Full,,,Medio -,Medio -,
2026-09-09 13:10:20,,Medio +,Full,,,Medio -,Medio -,
2026-09-09 13:10:40,,Medio +,Full,,,Medio -,Medio -,Medio +
2026-09-09 13:11:00,,Medio +,Full,,,Vacio,,
2026-09-09 13:11:20,,Medio +,Full,,,1.50,,
2026-09-09 13:11:40,,Medio +,Full,,Medio ,LLeno,Medio -,Medio +
2026-09-09 13:12:00,,Medio +,Full,,,LLeno,,
2026-09-09 13:12:20,,Medio +,,,,LLeno,Medio -,
2026-09-09 13:12:40,,Medio +,,,,LLeno,,Medio +
2026-09-09 13:13:00,,,Full,,,LLeno,,
2026-09-09 13:13:20,,,,,,LLeno,Medio -,
2026-09-09 13:13:40,,Medio +,,,,,,Medio +
2026-09-09 13:14:00,,Medio +,Full,,,,,
2026-09-09 13:14:20,,Medio +,,LLeno,,LLeno,Medio -,
2026-09-09 13:14:40,,Medio +,,LLeno,Medio ,,Medio -,Medio +
2026-09-09 13:15:00,,Medio +,,LLeno,,,Medio -,
2026-09-09 13:15:20,,Medio +,Full,LLeno,,LLeno,Medio -,
2026-09-09 13:15:40,,Medio +,,LLeno,,,Medio -,Medio +
2026-09-09 13:16:00,,Medio +,,LLeno,,,Medio -,
2026-09-09 13:16:20,,Medio +,Full,LLeno,,,Medio -,
2026-09-09 13:16:40,,Medio +,,LLeno,,,Medio -,Medio +
2026-09-09 13:17:00,,Medio +,,LLeno,,,Medio -,
2026-09-09 13:17:20,,Medio +,Full,LLeno,,,Medio -,
2026-09-09 13:17:40,,Medio +,,LLeno,Medio ,,Medio -,
2026-09-09 13:18:00,,Medio +,,LLeno,,,Medio -,Medio +
2026-09-09 13:18:20,,Medio +,Full,LLeno,,,Medio -,
2026-09-09 13:18:40,,,,,,,Medio -,
2026-09-09 13:19:00,,Medio +,,,,,Medio -,Medio +
2026-09-09 13:19:20,,Medio +,Full,LLeno,,,Medio -,
2026-09-09 13:19:40,,Medio +,,LLeno,,,Medio -,
2026-09-09 13:20:00,,,,,,,Medio -,Medio +
2026-09-09 13:20:20,,,Full,,Medio ,,Medio -,
2026-09-09 13:20:40,,Medio +,,LLeno,,,Medio -,
2026-09-09 13:21:00,,,,6.75,,,Medio -,Medio +
2026-09-09 13:21:20,,Medio +,Full,Full,,,Medio -,Medio +
2026-09-09 13:21:40,,Medio +,,Full,,,Medio -,Medio +
2026-09-09 13:22:00,,Medio +,,Full,,,Medio -,Medio +
2026-09-09 13:22:20,,Medio +,Full,Full,,,Medio -,Medio +
2026-09-09 13:22:40,,,,,,,Medio -,Medio +
2026-09-09 13:23:00,,Medio +,,,,,Medio -,Medio +
2026-09-09 13:23:20,,,,Full,Medio ,,Medio -,Medio +
2026-09-09 13:23:40,,,Full,Full,Medio ,,Medio -,Medio +
2026-09-09 13:24:00,,Medio +,,Full,Medio ,,Medio -,Medio +
2026-09-09 13:24:20,,Medio +,,6.75,Medio ,,Medio -,Medio +
2026-09-09 13:24:40,,Medio +,Full,Full,Medio ,,Medio -,Medio +
2026-09-09 13:25:00,,Medio +,,Full,Medio ,,Medio -,Medio +
2026-09-09 13:25:20,,Medio +,,Full,Medio ,,Medio -,Medio +
2026-09-09 13:25:40,,Medio +,Full,Full,Medio ,,Medio -,Medio +
2026-09-09 13:26:00,,Medio +,,Full,Medio ,,Medio -,Medio +
2026-09-09 13:26:20,,Medio +,,Full,Medio ,,Medio -,Medio +
2026-09-09 13:26:40,,Medio +,Full,Full,Medio ,,Medio -,Medio +
2026-09-09 13:27:00,,Medio +,Full,Full,Medio ,,Medio -,Medio +
2026-09-09 13:27:20,,Medio +,Full,6.75,Medio ,,Medio -,Medio +
2026-09-09 13:27:40,,Medio +,Full,Full,Medio ,,Medio -,Medio +
2026-09-09 13:28:00,,Medio +,Full,Full,Medio ,,Medio -,Medio +
2026-09-09 13:28:20,,Medio +,Full,Full,Medio ,,Medio -,Medio +
2026-09-09 13:28:40,,Medio +,Full,Full,Medio ,,Medio -,Medio +
2026-09-09 13:29:00,,Medio +,Full,Full,Medio ,,Medio -,Medio +
2026-09-09 13:29:20,,Medio +,Full,Full,Medio ,,Medio -,Medio +
2026-09-09 13:29:40,,Medio +,Full,Full,Medio ,,Medio -,Medio +
2026-09-09 13:30:00,,Medio +,5.50,Full,Medio ,,Medio -,Medio +
2026-09-09 13:30:20,,Medio +,Full,LLeno,Medio ,,Medio -,Medio +
2026-09-09 13:30:40,,Medio +,Full,6.75,Medio ,,Medio -,Medio +
2026-09-09 13:31:00,,Medio +,Full,6.50,Medio ,,Medio -,Medio +
2026-09-09 13:31:20,,Medio +,LLeno,6.50,Medio ,,Medio -,Medio +
2026-09-09 13:31:40,,Medio +,Full,6.50,Medio ,,Medio -,Medio +
2026-09-09 13:32:00,,Medio +,Full,LLeno,Medio ,,Medio -,Medio +
2026-09-09 13:32:20,,Medio +,LLeno,LLeno,Medio ,,Medio -,Medio +
2026-09-09 13:32:40,,Medio +,5.50,LLeno,Medio ,,Medio -,Medio +
2026-09-09 13:33:00,,,Full,LLeno,Medio ,,Medio -,Medio +
2026-09-09 13:33:20,,,Full,6.25,Medio ,,Medio -,Medio +
2026-09-09 13:33:40,,Medio +,6.50,LLeno,Medio ,,Medio -,Medio +
2026-09-09 13:34:00,,,Full,LLeno,Medio ,,Medio -,Medio +
2026-09-09 13:34:20,,,Full,6.50,,,Medio -,Medio +
2026-09-09 13:34:40,,Medio +,Full,LLeno,,,Medio -,Medio +
2026-09-09 13:35:00,,Medio +,Full,LLeno,,,Medio -,Medio +
2026-09-09 13:35:20,,Medio +,Full,LLeno,,LLeno,Medio -,Medio +
2026-09-09 13:35:40,,Medio +,Full,LLeno,,,Medio -,Medio +
2026-09-09 13:36:00,,Medio +,Medio +,LLeno,,,Medio -,Medio +
2026-09-09 13:36:20,,Medio +,6.50,LLeno,,LLeno,Medio -,Medio +
2026-09-09 13:36:40,,Medio +,6.50,LLeno,,,Medio -,Medio +
2026-09-09 13:37:00,,Medio +,Full,LLeno,Medio ,,Medio -,Medio +
2026-09-09 13:37:20,,Medio +,Full,LLeno,Medio ,LLeno,Medio -,Medio +
2026-09-09 13:37:40,,,Full,6.25,Medio ,LLeno,Medio -,Medio +
2026-09-09 13:38:00,,,Full,6.50,Medio ,LLeno,Medio -,Medio +
2026-09-09 13:38:20,,,6.50,6.50,Medio ,LLeno,Medio -,Medio +
2026-09-09 13:38:40,,,Full,LLeno,Medio ,LLeno,Medio -,Medio +
2026-09-09 13:39:00,,,Full,LLeno,Medio ,LLeno,Medio -,Medio +
2026-09-09 13:39:20,,,6.50,LLeno,Medio ,LLeno,Medio -,Medio +
2026-09-09 13:39:40,,,Full,LLeno,Medio ,LLeno,Medio -,Medio +
2026-09-09 13:40:00,,,Full,6.25,,,Medio -,Medio +
2026-09-09 13:40:20,,,Full,LLeno,,,Medio -,Medio +
2026-09-09 13:40:40,,,Full,LLeno,,LLeno,Medio -,Medio +
2026-09-09 13:41:00,,,Full,6.25,,,Medio -,Medio +
2026-09-09 13:41:20,,,Full,LLeno,,,Medio -,Medio +
2026-09-09 13:41:40,,,Full,LLeno,,LLeno,Medio -,Medio +
2026-09-09 13:42:00,,,Full,6.75,,,Medio -,Medio +
2026-09-09 13:42:20,,Medio +,Full,LLeno,,,Medio -,Medio +
2026-09-09 13:42:40,,Medio +,Full,LLeno,Medio ,LLeno,Medio -,Medio +
2026-09-09 13:43:00,,Medio +,Full,LLeno,,,Medio -,Medio +
2026-09-09 13:43:20,,Medio +,Full,LLeno,,,Medio -,Medio +
2026-09-09 13:43:40,,Medio +,LLeno,LLeno,,LLeno,Medio -,Medio +
2026-09-09 13:44:00,,Medio +,Full,Full,,LLeno,Medio -,Medio +
2026-09-09 13:44:20,,,Full,,,,Medio -,
2026-09-09 13:44:40,,,Full,,,,Medio -,
2026-09-09 13:45:00,,Medio +,Full,Full,,LLeno,Medio -,Medio +
2026-09-09 13:45:20,,,Full,,Medio ,,Medio -,
2026-09-09 13:45:40,,Medio +,Full,,,,Medio -,
2026-09-09 13:46:00,,Medio +,6.50,6.50,,,Medio -,Medio +
2026-09-09 13:46:20,,Medio +,Full,LLeno,,LLeno,Medio -,
2026-09-09 13:46:40,,,Full,,,,Medio -,
2026-09-09 13:47:00,,Medio +,Full,,,,Medio -,Medio +
2026-09-09 13:47:20,,,6.50,Full,,LLeno,Medio -,
2026-09-09 13:47:40,,,Medio +,,,,Medio -,
2026-09-09 13:48:00,,Medio +,LLeno,,,,Medio -,Medio +
2026-09-09 13:48:20,,,Medio +,Full,Medio -,LLeno,Medio -,
2026-09-09 13:48:40,,Medio +,Medio +,,,,Medio -,
2026-09-09 13:49:00,,,LLeno,,,,Medio -,Medio +
2026-09-09 13:49:20,,,Medio +,Full,,LLeno,Medio -,
2026-09-09 13:49:40,,Medio +,Full,,,,Medio -,
2026-09-09 13:50:00,,Medio +,LLeno,,,,Medio -,Medio +
2026-09-09 13:50:20,,Medio +,LLeno,6.80,,LLeno,Medio -,
2026-09-09 13:50:40,,Medio +,LLeno,Full,,LLeno,Medio -,
2026-09-09 13:51:00,,Medio +,Full,6.75,,,Medio -,Medio +
2026-09-09 13:51:20,,,Medio +,6.25,Medio -,,Medio -,
2026-09-09 13:51:40,,,Medio +,Full,,LLeno,Medio -,
2026-09-09 13:52:00,,Medio +,LLeno,6.75,,,Medio -,Medio +
2026-09-09 13:52:20,,,Medio +,LLeno,,,Medio -,
2026-09-09 13:52:40,,Medio +,LLeno,,,LLeno,Medio -,
2026-09-09 13:53:00,,,5.50,,,,Medio -,Medio +
2026-09-09 13:53:20,,,5.50,LLeno,,,Medio -,
2026-09-09 13:53:40,,Medio +,Medio +,LLeno,,LLeno,Medio -,
2026-09-09 13:54:00,,,6.50,LLeno,,,Medio -,Medio +
2026-09-09 13:54:20,,Medio +,Full,LLeno,Medio -,,Medio -,
2026-09-09 13:54:40,,Medio +,LLeno,LLeno,,LLeno,Medio -,
2026-09-09 13:55:00,,Medio +,5.50,LLeno,,,Medio -,
2026-09-09 13:55:20,,Medio +,6.50,LLeno,,,Medio -,Medio +
2026-09-09 13:55:40,,Medio +,Medio +,LLeno,,LLeno,Medio -,
2026-09-09 13:56:00,,Medio +,6.50,LLeno,,,Medio -,
2026-09-09 13:56:20,,Medio +,LLeno,LLeno,,,Medio -,Medio +
2026-09-09 13:56:40,,Medio +,6.50,LLeno,,LLeno,Medio -,Medio +
2026-09-09 13:57:00,,Medio +,5.50,LLeno,Medio -,LLeno,Medio -,Medio +
2026-09-09 13:57:20,,,Medio +,,,,Medio -,
2026-09-09 13:57:40,,,LLeno,,,,Medio -,
2026-09-09 13:58:00,,Medio +,5.50,LLeno,,LLeno,Medio -,Medio +
2026-09-09 13:58:20,,,Full,,,,Medio -,
2026-09-09 13:58:40,,Medio +,6.50,,,,Medio -,
2026-09-09 13:59:00,,,Full,LLeno,,LLeno,Medio -,Medio +
2026-09-09 13:59:20,,,Full,,,,Medio -,
2026-09-09 13:59:40,,Medio +,Full,,,,Medio -,
2026-09-09 14:00:00,,Medio +,Full,LLeno,Medio -,LLeno,Medio -,Medio +
2026-09-09 14:00:20,,Medio +,6.50,,,,Medio -,
2026-09-09 14:00:40,,Medio +,LLeno,,,,Medio -,
2026-09-09 14:01:00,,Medio +,LLeno,LLeno,,,Medio -,Medio +
2026-09-09 14:01:20,,Medio +,6.50,LLeno,,LLeno,Medio -,Medio +
2026-09-09 14:01:40,,Medio +,6.50,LLeno,,LLeno,Medio -,Medio +
2026-09-09 14:02:00,,Medio +,5.50,LLeno,,LLeno,Medio -,Medio +
2026-09-09 14:02:20,,Medio +,5.50,LLeno,,LLeno,Medio -,Medio +
2026-09-09 14:02:40,,Medio +,5.67,LLeno,,LLeno,Medio -,Medio +
2026-09-09 14:03:00,,Medio +,,,Medio -,,,
2026-09-09 14:03:20,,Medio +,,,,,,
2026-09-09 14:03:40,,Medio +,Full,LLeno,,,Medio -,Medio +
2026-09-09 14:04:00,,Medio +,6.50,LLeno,,LLeno,,
2026-09-09 14:04:20,,Medio +,5.50,LLeno,,,Medio -,
2026-09-09 14:04:40,,Medio +,Medio +,LLeno,,,Medio -,Medio +
2026-09-09 14:05:00,,Medio +,Full,LLeno,,LLeno,Medio -,
2026-09-09 14:05:20,,Medio +,Full,LLeno,,LLeno,Medio -,
2026-09-09 14:05:40,,Medio +,Full,LLeno,,LLeno,Medio -,Medio +
2026-09-09 14:06:00,,Medio +,Full,LLeno,Medio -,LLeno,Medio -,
2026-09-09 14:06:20,,Medio +,Full,LLeno,,LLeno,Medio -,
2026-09-09 14:06:40,,Medio +,LLeno,LLeno,,LLeno,Medio -,
2026-09-09 14:07:00,,Medio +,Full,LLeno,,LLeno,Medio -,Medio +
2026-09-09 14:07:20,,Medio +,6.50,LLeno,,LLeno,Medio -,Medio +
2026-09-09 14:07:40,,Medio +,Full,LLeno,,LLeno,Medio -,Medio +
2026-09-09 14:08:00,,Medio +,LLeno,LLeno,,LLeno,Medio -,Medio +
2026-09-09 14:08:20,,Medio +,LLeno,LLeno,,LLeno,Medio -,Medio +
2026-09-09 14:08:40,,Medio +,LLeno,LLeno,,LLeno,Medio -,Medio +
2026-09-09 14:09:00,,Medio +,5.50,LLeno,Medio -,LLeno,Medio -,Medio +
2026-09-09 14:09:20,,Medio +,6.50,LLeno,,LLeno,Medio -,Medio +
2026-09-09 14:09:40,,Medio +,5.50,LLeno,,LLeno,Medio -,Medio +
2026-09-09 14:10:00,,,,,,,Medio -,
2026-09-09 14:10:20,,,,,,,Medio -,
2026-09-09 14:10:40,,Medio +,,,,,Medio -,
2026-09-09 14:11:00,,,Full,LLeno,,LLeno,Medio -,Medio +
2026-09-09 14:11:20,,,,LLeno,,,Medio -,
2026-09-09 14:11:40,,Medio +,,LLeno,Medio -,,Medio -,
2026-09-09 14:12:00,,,Full,,,LLeno,Medio -,Medio +
2026-09-09 14:12:20,,,,,,,,
2026-09-09 14:12:40,,Medio +,,LLeno,,,,
2026-09-09 14:13:00,,,Full,,,LLeno,,Medio +
2026-09-09 14:13:20,,Medio +,,,,,,
2026-09-09 14:13:40,,,,LLeno,,,,
2026-09-09 14:14:00,,,Full,,,LLeno,,Medio +
2026-09-09 14:14:20,,Medio +,Full,,,,,
2026-09-09 14:14:40,,,Full,LLeno,Medio -,,,
2026-09-09 14:15:00,,Medio +,Full,,,LLeno,,Medio +
2026-09-09 14:15:20,,Medio +,Full,,,,,
2026-09-09 14:15:40,,Medio +,Full,LLeno,,,,
2026-09-09 14:16:00,,Medio +,Full,LLeno,,LLeno,,Medio +
2026-09-09 14:16:20,,Medio +,Full,LLeno,,LLeno,,
2026-09-09 14:16:40,,Medio +,Full,LLeno,,LLeno,,
2026-09-09 14:17:00,,Medio +,Full,LLeno,,LLeno,,Medio +
2026-09-09 14:17:20,,Medio +,Full,LLeno,,LLeno,,
2026-09-09 14:17:40,,Medio +,Full,LLeno,Medio -,LLeno,,
2026-09-09 14:18:00,,Medio +,Full,LLeno,,LLeno,,Medio +
2026-09-09 14:18:20,,Medio +,Full,LLeno,,LLeno,,Medio +
2026-09-09 14:18:40,,Medio +,Full,LLeno,,LLeno,,Medio +
2026-09-09 14:19:00,,Medio +,Full,LLeno,,LLeno,,Medio +
2026-09-09 14:19:20,,Medio +,Full,LLeno,,LLeno,,Medio +
2026-09-09 14:19:40,,Medio +,Full,LLeno,,LLeno,,Medio +
2026-09-09 14:20:00,,Medio +,Full,LLeno,,LLeno,,Medio +
2026-09-09 14:20:20,,Medio +,Full,LLeno,Medio -,LLeno,,Medio +
2026-09-09 14:20:40,,Medio +,Full,LLeno,Medio -,LLeno,,
2026-09-09 14:21:00,,Medio +,Full,LLeno,Medio -,LLeno,,
2026-09-09 14:21:20,,Medio +,Full,LLeno,Medio -,LLeno,,Medio +
2026-09-09 14:21:40,,Medio +,Full,LLeno,Medio -,LLeno,,
2026-09-09 14:22:00,,,Full,,,,,
2026-09-09 14:22:20,,Medio +,Full,,,,,Medio +
2026-09-09 14:22:40,,,Full,LLeno,,LLeno,,Medio +
2026-09-09 14:23:00,,,Full,,,,,Medio +
2026-09-09 14:23:20,,Medio +,Full,,,,,Medio +
2026-09-09 14:23:40,,Medio +,Full,LLeno,,LLeno,,Medio +
2026-09-09 14:24:00,,Medio +,Full,LLeno,,LLeno,,Medio +
2026-09-09 14:24:20,,Medio +,Full,LLeno,,LLeno,,Medio +
2026-09-09 14:24:40,,Medio +,Full,LLeno,Medio -,LLeno,,Medio +
2026-09-09 14:25:00,,,Full,,,,,
2026-09-09 14:25:20,,,Full,,,,,
2026-09-09 14:25:40,,Medio +,Full,LLeno,,LLeno,,Medio +
2026-09-09 14:26:00,,,Full,,,,,
2026-09-09 14:26:20,,Medio +,Full,,,,,
2026-09-09 14:26:40,,Medio +,Full,LLeno,,LLeno,,Medio +
2026-09-09 14:27:00,,Medio +,Full,LLeno,,LLeno,,Medio +
2026-09-09 14:27:20,,Medio +,Full,LLeno,Medio -,LLeno,,Medio +
2026-09-09 14:27:40,,Medio +,Full,LLeno,,LLeno,,Medio +
2026-09-09 14:28:00,,,Full,,,,,
2026-09-09 14:28:20,,,Full,,,,,
2026-09-09 14:28:40,,Medio +,Full,LLeno,,LLeno,,Medio +
2026-09-09 14:29:00,,,Full,,,,,
2026-09-09 14:29:20,,Medio +,Full,,,,,
2026-09-09 14:29:40,,,,LLeno,,,,Medio +
2026-09-09 14:30:00,,,,,,LLeno,,
2026-09-09 14:30:20,,Medio +,Full,,Medio -,,,
2026-09-09 14:30:40,,,,LLeno,,,,
2026-09-09 14:31:00,,Medio +,,LLeno,,LLeno,,Medio +
2026-09-09 14:31:20,,,Full,LLeno,,,,
2026-09-09 14:31:40,,,,,,,,
2026-09-09 14:32:00,,Medio +,,,,LLeno,,Medio +
2026-09-09 14:32:20,,,Full,LLeno,,,,
2026-09-09 14:32:40,,Medio +,,LLeno,,,,
2026-09-09 14:33:00,,,,LLeno,,LLeno,,Medio +
2026-09-09 14:33:20,,,Full,LLeno,Medio -,,,
2026-09-09 14:33:40,,Medio +,Full,LLeno,,,,
2026-09-09 14:34:00,,,Full,LLeno,,LLeno,,Medio +
2026-09-09 14:34:20,,Medio +,LLeno,LLeno,,,,Medio +
2026-09-09 14:34:40,,Medio +,Medio +,LLeno,,,,Medio +
2026-09-09 14:35:00,,Medio +,5.50,LLeno,,LLeno,,Medio +
2026-09-09 14:35:20,,Medio +,Medio +,LLeno,,,,Medio +
2026-09-09 14:35:40,,Medio +,6.50,LLeno,,,,Medio +
2026-09-09 14:36:00,,Medio +,Full,LLeno,,LLeno,,Medio +
2026-09-09 14:36:20,,Medio +,Full,LLeno,Medio +,LLeno,,Medio +
2026-09-09 14:36:40,,Medio +,5.50,LLeno,,LLeno,,Medio +
2026-09-09 14:37:00,,Medio +,Medio +,LLeno,,LLeno,,Medio +
2026-09-09 14:37:20,,Medio +,6.50,LLeno,,LLeno,,Medio +
2026-09-09 14:37:40,,Medio +,6.50,LLeno,,LLeno,,Medio +
2026-09-09 14:38:00,,Medio +,Full,LLeno,,LLeno,,Medio +
2026-09-09 14:38:20,,,Full,,,,,
2026-09-09 14:38:40,,,Full,,,,,
2026-09-09 14:39:00,,Medio +,LLeno,LLeno,Vacio,LLeno,,Medio +
2026-09-09 14:39:20,,,6.50,LLeno,,,,Medio +
2026-09-09 14:39:40,,Medio +,Medio +,LLeno,,,,Medio +
2026-09-09 14:40:00,,Medio +,Medio +,LLeno,,LLeno,,Medio +
2026-09-09 14:40:20,,,Medio +,LLeno,,,,Medio +
2026-09-09 14:40:40,,,Medio +,LLeno,,,,Medio +
2026-09-09 14:41:00,,Medio +,6.50,LLeno,,,,Medio +
2026-09-09 14:41:20,,,Full,LLeno,,LLeno,,Medio +
2026-09-09 14:41:40,,Medio +,Full,LLeno,,,,Medio +
2026-09-09 14:42:00,,Medio +,Full,LLeno,Vacio,,,Medio +
2026-09-09 14:42:20,,Medio +,Full,LLeno,,LLeno,,Medio +
2026-09-09 14:42:40,,Medio +,Full,LLeno,,LLeno,,Medio +
2026-09-09 14:43:00,,,Full,LLeno,,,,Medio +
2026-09-09 14:43:20,,,Full,LLeno,,,,Medio +
2026-09-09 14:43:40,,Medio +,Full,,,LLeno,,Medio +
2026-09-09 14:44:00,,,,,,,,Medio +
2026-09-09 14:44:20,,Medio +,,LLeno,,,,Medio +
2026-09-09 14:44:40,,,Full,,,,,Medio +
2026-09-09 14:45:00,,,Full,,LLeno,LLeno,,Medio +
2026-09-09 14:45:20,,Medio +,Full,LLeno,,,,
2026-09-09 14:45:40,,,Full,,,,,
2026-09-09 14:46:00,,Medio +,5.50,,,LLeno,,Medio +
2026-09-09 14:46:20,,,6.50,LLeno,,,,Medio +
2026-09-09 14:46:40,,,Full,,,,,Medio +
2026-09-09 14:47:00,,Medio +,Full,,,LLeno,,Medio +
2026-09-09 14:47:20,,,6.50,LLeno,,,,Medio +
2026-09-09 14:47:40,,Medio +,LLeno,,,,,Medio +
2026-09-09 14:48:00,,,6.50,,LLeno,LLeno,,Medio +
2026-09-09 14:48:20,,Medio +,LLeno,LLeno,,,,Medio +
2026-09-09 14:48:40,,,Full,,,,,Medio +
2026-09-09 14:49:00,,,6.50,,,LLeno,,Medio +
2026-09-09 14:49:20,,Medio +,Full,LLeno,,,,Medio +
2026-09-09 14:49:40,,Medio +,Full,LLeno,,,,Medio +
2026-09-09 14:50:00,,Medio +,Full,LLeno,,LLeno,,Medio +
2026-09-09 14:50:20,,Medio +,Full,LLeno,,,,Medio +
2026-09-09 14:50:40,,Medio +,Full,LLeno,Full,,,Medio +
2026-09-09 14:51:00,,Medio +,Full,LLeno,,LLeno,,Medio +
2026-09-09 14:51:20,,Medio +,Full,LLeno,,LLeno,,Medio +
2026-09-09 14:51:40,,Medio +,Full,LLeno,,LLeno,,Medio +
2026-09-09 14:52:00,,Medio +,Full,LLeno,,LLeno,,Medio +
2026-09-09 14:52:20,,,Full,,,,,Medio +
2026-09-09 14:52:40,,,Full,,,,,Medio +
2026-09-09 14:53:00,,Medio +,Full,,,,,Medio +
2026-09-09 14:53:20,,,Full,LLeno,,LLeno,,Medio +
2026-09-09 14:53:40,,Medio +,Full,,Full,,,Medio +
2026-09-09 14:54:00,,Medio +,Full,LLeno,,,,Medio +
2026-09-09 14:54:20,,Medio +,Full,LLeno,,LLeno,,Medio +
2026-09-09 14:54:40,,Medio +,Full,LLeno,,LLeno,,Medio +
2026-09-09 14:55:00,,Medio +,Full,LLeno,,LLeno,,Medio +
2026-09-09 14:55:20,,Medio +,Full,LLeno,,LLeno,,Medio +
2026-09-09 14:55:40,,Medio +,Full,LLeno,,LLeno,,Medio +
2026-09-09 14:56:00,,Medio +,Full,LLeno,,LLeno,Full,Medio +
2026-09-09 14:56:20,,Medio +,Full,LLeno,,LLeno,Full,Medio +
2026-09-09 14:56:40,,Medio +,Full,LLeno,Full,LLeno,Full,Medio +
2026-09-09 14:57:00,,,Full,LLeno,,,,Medio +
2026-09-09 14:57:20,,,Full,LLeno,,,,Medio +
2026-09-09 14:57:40,,Medio +,Full,LLeno,,,Full,Medio +
2026-09-09 14:58:00,,,Full,LLeno,,LLeno,,Medio +
2026-09-09 14:58:20,,,Full,LLeno,,,,Medio +
2026-09-09 14:58:40,,Medio +,Full,LLeno,,,Full,Medio +
2026-09-09 14:59:00,,Medio +,6.50,LLeno,,LLeno,Full,Medio +
2026-09-09 14:59:20,,Medio +,Full,LLeno,,LLeno,Full,Medio +
2026-09-09 14:59:40,,Medio +,Full,LLeno,Full,LLeno,Full,Medio +
2026-09-09 15:00:00,,Medio +,Full,LLeno,,LLeno,Full,Medio +
2026-09-09 15:00:20,,Medio +,Full,LLeno,,LLeno,Full,Medio +
2026-09-09 15:00:40,,Medio +,Full,LLeno,,LLeno,Full,Medio +
2026-09-09 15:01:00,,Medio +,Full,LLeno,,LLeno,Full,Medio +
2026-09-09 15:01:20,,Medio +,6.50,LLeno,,LLeno,Full,Medio +
2026-09-09 15:01:40,,Medio +,Full,LLeno,,LLeno,Full,Medio +
2026-09-09 15:02:00,,Medio +,Full,LLeno,,LLeno,Full,Medio +
2026-09-09 15:02:20,,Medio +,6.50,LLeno,Full,LLeno,Full,Medio +
2026-09-09 15:02:40,,Medio +,Full,LLeno,,LLeno,Full,Medio +
2026-09-09 15:03:00,,Medio +,Full,LLeno,,LLeno,Full,Medio +
2026-09-09 15:03:20,,Medio +,Full,LLeno,,LLeno,Full,Medio +
2026-09-09 15:03:40,,,Full,LLeno,,,,
2026-09-09 15:04:00,,Medio +,6.50,LLeno,,,Full,
2026-09-09 15:04:20,,,Full,LLeno,,LLeno,,Medio +
2026-09-09 15:04:40,,,LLeno,LLeno,,,,
2026-09-09 15:05:00,,Medio +,6.50,LLeno,,,Full,
2026-09-09 15:05:20,,,6.50,LLeno,Full,LLeno,,Medio +
2026-09-09 15:05:40,,Medio +,Full,LLeno,Full,,Full,
2026-09-09 15:06:00,,,Full,LLeno,Full,,,
2026-09-09 15:06:20,,,Full,LLeno,Full,LLeno,,Medio +
2026-09-09 15:06:40,,Medio +,Full,LLeno,Full,,Full,
2026-09-09 15:07:00,,Medio +,Full,LLeno,Full,,Full,
2026-09-09 15:07:20,,Medio +,Full,LLeno,Full,LLeno,Full,Medio +
2026-09-09 15:07:40,,Medio +,Full,LLeno,Full,LLeno,Full,Medio +
2026-09-09 15:08:00,,Medio +,6.50,LLeno,Full,LLeno,Full,Medio +
2026-09-09 15:08:20,,Medio +,6.50,LLeno,Full,LLeno,Full,Medio +
2026-09-09 15:08:40,,Medio +,Full,LLeno,Full,LLeno,Full,Medio +
2026-09-09 15:09:00,,,Full,LLeno,Full,,,Medio +
2026-09-09 15:09:20,,,Full,LLeno,Full,,,
2026-09-09 15:09:40,,Medio +,Full,LLeno,Full,,Full,
2026-09-09 15:10:00,,,Full,LLeno,Full,LLeno,,Medio +
2026-09-09 15:10:20,,Medio +,Full,LLeno,Full,,,
2026-09-09 15:10:40,,Medio +,Full,LLeno,Full,,Full,
2026-09-09 15:11:00,,Medio +,Full,LLeno,Full,LLeno,Full,Medio +
2026-09-09 15:11:20,,Medio +,6.50,LLeno,Full,LLeno,Full,Medio +
2026-09-09 15:11:40,,Medio +,Full,LLeno,Full,LLeno,Full,Medio +
2026-09-09 15:12:00,,Medio +,Full,LLeno,Full,LLeno,Full,Medio +
2026-09-09 15:12:20,,Medio +,6.50,LLeno,Full,LLeno,Full,Medio +
2026-09-09 15:12:40,,,6.50,,6.75,,,
2026-09-09 15:13:00,,,6.50,,6.75,,Full,
2026-09-09 15:13:20,,,Full,LLeno,6.25,LLeno,,Medio +
2026-09-09 15:13:40,,,Full,,6.50,,,
2026-09-09 15:14:00,,,Full,,6.50,,Full,
2026-09-09 15:14:20,,,Full,LLeno,Full,LLeno,Full,Medio +
2026-09-09 15:14:40,,,Full,LLeno,Full,LLeno,Full,Medio +
2026-09-09 15:15:00,,,Full,LLeno,Full,LLeno,Full,Medio +
2026-09-09 15:15:20,,,Full,LLeno,Full,LLeno,Full,Medio +
2026-09-09 15:15:40,,,Full,LLeno,Full,LLeno,Full,Medio +
2026-09-09 15:16:00,,,Full,LLeno,Full,LLeno,Full,Medio +
2026-09-09 15:16:20,,,Full,LLeno,Full,LLeno,Full,Medio +
2026-09-09 15:16:40,,,Full,LLeno,Full,LLeno,Full,Medio +
2026-09-09 15:17:00,,,Full,LLeno,,LLeno,Full,Medio +
2026-09-09 15:17:20,,,Full,LLeno,,LLeno,Full,Medio +
2026-09-09 15:17:40,,Medio +,Full,LLeno,,LLeno,Full,Medio +
2026-09-09 15:18:00,,Medio +,Full,LLeno,,,,
2026-09-09 15:18:20,,Medio +,Full,LLeno,,,,
2026-09-09 15:18:40,,Medio +,Full,LLeno,,LLeno,Full,Medio +
2026-09-09 15:19:00,,Medio +,Full,LLeno,,,,
2026-09-09 15:19:20,,Medio +,Full,LLeno,,,Full,
2026-09-09 15:19:40,,,Full,,,LLeno,Full,Medio +
2026-09-09 15:20:00,,,Full,,,,Full,
2026-09-09 15:20:20,,Medio +,Full,,,,Full,
2026-09-09 15:20:40,,,Full,LLeno,,LLeno,Full,
2026-09-09 15:21:00,,Medio +,Full,,,,Full,Medio +
2026-09-09 15:21:20,,Medio +,Full,,,,Full,
2026-09-09 15:21:40,,Medio +,Full,LLeno,,LLeno,Full,
2026-09-09 15:22:00,,Medio +,Full,LLeno,,LLeno,Full,Medio +
2026-09-09 15:22:20,,Medio +,Full,LLeno,,LLeno,Full,Medio +
2026-09-09 15:22:40,,Medio +,Full,LLeno,,LLeno,Full,Medio +
2026-09-09 15:23:00,,Medio +,Full,LLeno,,LLeno,Full,Medio +
2026-09-09 15:23:20,,Medio +,Full,LLeno,,LLeno,Full,Medio +
2026-09-09 15:23:40,,Medio +,Full,LLeno,,LLeno,Full,Medio +
2026-09-09 15:24:00,,Medio +,Full,LLeno,,LLeno,Full,Medio +
2026-09-09 15:24:20,,Medio +,6.50,LLeno,,LLeno,Full,Medio +
2026-09-09 15:24:40,,Medio +,Full,LLeno,,LLeno,Full,Medio +
2026-09-09 15:25:00,,Medio +,Full,LLeno,,LLeno,Full,Medio +
2026-09-09 15:25:20,,Medio +,Full,LLeno,,LLeno,Full,Medio +
2026-09-09 15:25:40,,Medio +,Full,LLeno,,LLeno,Full,Medio +
2026-09-09 15:26:00,,Medio +,Full,LLeno,,LLeno,Full,Medio +
2026-09-09 15:26:20,,Medio +,Full,LLeno,,LLeno,Full,Medio +
2026-09-09 15:26:40,,Medio +,Full,LLeno,,LLeno,Full,Medio +
2026-09-09 15:27:00,,Medio +,Full,LLeno,,LLeno,6.25,Medio +
2026-09-09 15:27:20,,Medio +,Full,LLeno,,LLeno,6.50,Medio +
2026-09-09 15:27:40,,Medio +,Full,LLeno,,LLeno,Full,Medio +
2026-09-09 15:28:00,,Medio +,Full,LLeno,,LLeno,6.75,Medio +
2026-09-09 15:28:20,,Medio +,Full,LLeno,,LLeno,Full,Medio +
2026-09-09 15:28:40,,,Full,,,LLeno,Full,
2026-09-09 15:29:00,,,Full,,,LLeno,Full,
2026-09-09 15:29:20,,Medio +,Full,,,LLeno,Full,
2026-09-09 15:29:40,,,Full,LLeno,,LLeno,Full,Medio +
2026-09-09 15:30:00,,Medio +,Full,LLeno,,LLeno,Full,
2026-09-09 15:30:20,,Medio +,Full,LLeno,,,6.50,
2026-09-09 15:30:40,,Medio +,6.50,LLeno,,LLeno,6.50,Medio +
2026-09-09 15:31:00,,Medio +,Full,LLeno,,LLeno,Full,Medio +
2026-09-09 15:31:20,,Medio +,6.50,LLeno,,LLeno,Full,Medio +
2026-09-09 15:31:40,,Medio +,Full,LLeno,,LLeno,6.75,Medio +
2026-09-09 15:32:00,,Medio +,LLeno,LLeno,,LLeno,6.25,Medio +
2026-09-09 15:32:20,,Medio +,Full,LLeno,,LLeno,6.50,Medio +
2026-09-09 15:32:40,,Medio +,Full,LLeno,,LLeno,6.75,Medio +
2026-09-09 15:33:00,,Medio +,Full,LLeno,,LLeno,Full,Medio +
2026-09-09 15:33:20,,Medio +,Full,LLeno,,LLeno,Full,Medio +
2026-09-09 15:33:40,,Medio +,Full,LLeno,,LLeno,Full,Medio +
2026-09-09 15:34:00,,Medio +,Full,LLeno,,LLeno,Full,Medio +
2026-09-09 15:34:20,,Medio +,6.50,LLeno,,LLeno,Full,Medio +
2026-09-09 15:34:40,,,Full,,,LLeno,Full,Medio +
2026-09-09 15:35:00,,,Full,,,LLeno,Full,Medio +
2026-09-09 15:35:20,,Medio +,6.50,,,LLeno,Full,Medio +
2026-09-09 15:35:40,,,Full,LLeno,,LLeno,Full,Medio +
2026-09-09 15:36:00,,Medio +,Full,,,LLeno,Full,Medio +
2026-09-09 15:36:20,,Medio +,Full,,,LLeno,Full,Medio +
2026-09-09 15:36:40,,Medio +,Full,LLeno,,LLeno,Full,Medio +
2026-09-09 15:37:00,,Medio +,Full,LLeno,,LLeno,6.75,Medio +
2026-09-09 15:37:20,,Medio +,Full,LLeno,,LLeno,Full,Medio +
2026-09-09 15:37:40,,,,,,LLeno,,Medio +
2026-09-09 15:38:00,,,,,,LLeno,,Medio +
2026-09-09 15:38:20,,Medio +,Full,LLeno,,LLeno,Full,Medio +
2026-09-09 15:38:40,,,,,,LLeno,,Medio +
2026-09-09 15:39:00,,Medio +,,,,LLeno,Full,Medio +
2026-09-09 15:39:20,,Medio +,,LLeno,,LLeno,,Medio +
2026-09-09 15:39:40,,Medio +,Full,LLeno,,LLeno,,Medio +
2026-09-09 15:40:00,,Medio +,,LLeno,,LLeno,Full,Medio +
2026-09-09 15:40:20,,,,,,LLeno,,
2026-09-09 15:40:40,,,Full,,,LLeno,Full,
2026-09-09 15:41:00,,Medio +,,,,LLeno,LLeno,
2026-09-09 15:41:20,,,,LLeno,,LLeno,LLeno,Medio +
2026-09-09 15:41:40,,,Full,,,LLeno,LLeno,Medio +
2026-09-09 15:42:00,,Medio +,Full,,,LLeno,LLeno,Medio +
2026-09-09 15:42:20,,Medio +,Full,LLeno,,LLeno,LLeno,Medio +
2026-09-09 15:42:40,,Medio +,Full,LLeno,,LLeno,6.25,Medio +
2026-09-09 15:43:00,,Medio +,Full,LLeno,,LLeno,6.75,Medio +
2026-09-09 15:43:20,,Medio +,Full,LLeno,,LLeno,6.75,Medio +
2026-09-09 15:43:40,,Medio +,Full,LLeno,,LLeno,6.25,Medio +
2026-09-09 15:44:00,,Medio +,Full,LLeno,,LLeno,LLeno,Medio +
2026-09-09 15:44:20,,Medio +,Full,LLeno,,LLeno,6.25,Medio +
2026-09-09 15:44:40,,Medio +,Full,LLeno,,LLeno,LLeno,Medio +
2026-09-09 15:45:00,,Medio +,Full,LLeno,,LLeno,LLeno,Medio +
2026-09-09 15:45:20,,Medio +,Full,LLeno,,LLeno,LLeno,Medio +
2026-09-09 15:45:40,,,,,,LLeno,,Medio +
2026-09-09 15:46:00,,,,,,LLeno,,Medio +
2026-09-09 15:46:20,,Medio +,Full,LLeno,,LLeno,LLeno,
2026-09-09 15:46:40,,,Full,,,LLeno,,
2026-09-09 15:47:00,,Medio +,Full,,,LLeno,LLeno,Medio +
2026-09-09 15:47:20,,,Full,LLeno,,LLeno,LLeno,Medio +
2026-09-09 15:47:40,,,Full,,,LLeno,LLeno,
2026-09-09 15:48:00,,Medio +,Full,,,LLeno,LLeno,
2026-09-09 15:48:20,,,Full,LLeno,,LLeno,LLeno,Medio +
2026-09-09 15:48:40,,Medio +,Full,,,LLeno,LLeno,Medio +
2026-09-09 15:49:00,,,Full,,,LLeno,LLeno,Medio +
2026-09-09 15:49:20,,,Full,LLeno,,LLeno,LLeno,Medio +
2026-09-09 15:49:40,,Medio +,Full,,,LLeno,LLeno,Medio +
2026-09-09 15:50:00,,,Full,,,LLeno,LLeno,Medio +
2026-09-09 15:50:20,,Medio +,Full,LLeno,,LLeno,LLeno,Medio +
2026-09-09 15:50:40,,Medio +,Full,,,LLeno,LLeno,
2026-09-09 15:51:00,,Medio +,Full,,,LLeno,,
2026-09-09 15:51:20,,Medio +,Full,LLeno,,,,
2026-09-09 15:51:40,,Medio +,Full,LLeno,,,,
2026-09-09 15:52:00,,Medio +,Full,LLeno,,,,
2026-09-09 15:52:20,,Medio +,Full,LLeno,,,,
2026-09-09 15:52:40,,Medio +,,LLeno,,,,
2026-09-09 15:53:00,,,,LLeno,,,,
2026-09-09 15:53:20,,,,LLeno,,,,
2026-09-09 15:53:40,,,,,,,,

