"Time","I38 - BOYA","I40 - BOYA","I41 - BOYA","I42 - BOYA","I43 - BOYA","I44 - BOYA","I47 - BOYA","I48 - BOYA"
2026-09-23 11:29:00,Full,Full,Medio +,,,,Full,Vacio
2026-09-23 11:30:00,Full,Full,Medio +,,,,Full,3.13
2026-09-23 11:31:00,,Full,Medio +,,,,Full,Medio +
2026-09-23 11:32:00,,,Medio +,,,,Full,5.08
2026-09-23 11:33:00,,,Medio +,,,,Full,4.92
2026-09-23 11:34:00,,,Medio +,,6.90,,,4.67
2026-09-23 11:35:00,,,Medio +,,Full,,,4.58
2026-09-23 11:36:00,,Full,Medio +,,Full,,,2.75
2026-09-23 11:37:00,,Full,Medio +,,Full,,,3.75
2026-09-23 11:38:00,,Full,Medio +,,Full,,,LLeno
2026-09-23 11:39:00,,Full,Medio +,,Full,,,Medio +
2026-09-23 11:40:00,,Full,Medio +,,Full,,,Medio +
2026-09-23 11:41:00,,Full,Medio +,,Full,,,3.57
2026-09-23 11:42:00,,Full,Medio +,,Full,,,Medio +
2026-09-23 11:43:00,,Full,Medio +,,Full,,,5.42
2026-09-23 11:44:00,,Full,Medio +,,Full,,,5.50
2026-09-23 11:45:00,,Full,Medio +,,Full,,,5.08
2026-09-23 11:46:00,,Full,Medio +,,Full,,,2.50
2026-09-23 11:47:00,,Full,Medio +,,Full,,,0.417
2026-09-23 11:48:00,,Full,Medio +,,Full,,,2.50
2026-09-23 11:49:00,,6.67,Medio +,,Full,,,Medio +
2026-09-23 11:50:00,,6.67,Medio +,,Full,,,4.50
2026-09-23 11:51:00,,6.83,Medio +,,Full,,,4.25
2026-09-23 11:52:00,,Full,Medio +,,6.92,,,4.75
2026-09-23 11:53:00,,Full,Medio +,,6.92,,,0.833
2026-09-23 11:54:00,,Full,Medio +,,Full,Vacio,,4.50
2026-09-23 11:55:00,,Full,Medio +,,6.92,4.50,,4.08
2026-09-23 11:56:00,,Full,Medio +,,6.90,LLeno,,Medio +
2026-09-23 11:57:00,,Full,Medio +,,Full,LLeno,,Medio +
2026-09-23 11:58:00,,Full,Medio +,,Full,LLeno,,LLeno
2026-09-23 11:59:00,,Full,Medio +,,6.42,6.25,,Medio +
2026-09-23 12:00:00,,Full,Medio +,,6.42,,,Medio +
2026-09-23 12:01:00,,Full,Medio +,,6.33,,,3.50
2026-09-23 12:02:00,,,Medio +,,6.25,,,4.17
2026-09-23 12:03:00,,,Medio +,,6.25,,,5.08
2026-09-23 12:04:00,,,Medio +,,LLeno,,,Medio +
2026-09-23 12:05:00,,,Medio +,,6.42,,,4.58
2026-09-23 12:06:00,,,Medio +,,6.17,,,Medio +
2026-09-23 12:07:00,,,Medio +,,6.08,,,4.17
2026-09-23 12:08:00,,,Medio +,,6.33,,,0.833
2026-09-23 12:09:00,,,Medio +,,6.50,,,Vacio
2026-09-23 12:10:00,,,Medio +,,6.08,,,Vacio
2026-09-23 12:11:00,,Full,Medio +,,6.92,,,Vacio
2026-09-23 12:12:00,,Full,Medio +,,6.17,,,Vacio
2026-09-23 12:13:00,,6.83,Medio +,,6.08,,,Vacio
2026-09-23 12:14:00,,6.83,Medio +,,LLeno,,,Vacio
2026-09-23 12:15:00,,6.83,Medio +,,,,,Vacio
2026-09-23 12:16:00,,Full,Medio +,,,,,2.08
2026-09-23 12:17:00,,Full,Medio +,,,,,3.75
2026-09-23 12:18:00,,Full,Medio +,,,,,4.58
2026-09-23 12:19:00,,Full,Medio +,,LLeno,,,Medio +
2026-09-23 12:20:00,,Full,Medio +,,LLeno,,,Medio +
2026-09-23 12:21:00,,Full,Medio +,,LLeno,,,Medio +
2026-09-23 12:22:00,,Full,Medio +,,6.17,,,4.58
2026-09-23 12:23:00,,Full,Medio +,,6.08,,,Medio +
2026-09-23 12:24:00,,Full,Medio +,,6.08,LLeno,,Medio +
2026-09-23 12:25:00,,6.67,Medio +,,LLeno,6.08,,2.92
2026-09-23 12:26:00,,Full,Medio +,,LLeno,LLeno,,1.67
2026-09-23 12:27:00,,Full,Medio +,,LLeno,6.75,,3.33
2026-09-23 12:28:00,,Full,Medio +,,LLeno,6.25,,2.58
2026-09-23 12:29:00,,Full,Medio +,,6.08,LLeno,,2.50
2026-09-23 12:30:00,,Full,Medio +,,6.67,LLeno,,3.50
2026-09-23 12:31:00,,Full,Medio +,,6.75,LLeno,,4.08
2026-09-23 12:32:00,,Full,Medio +,,6.67,LLeno,,2.50
2026-09-23 12:33:00,,Full,Medio +,,LLeno,6.17,,1.67
2026-09-23 12:34:00,,,Medio +,,LLeno,LLeno,,
2026-09-23 12:35:00,,Full,Medio +,,LLeno,LLeno,,Medio +
2026-09-23 12:36:00,,Full,Medio +,,LLeno,LLeno,,2.92
2026-09-23 12:37:00,,Full,Medio +,,LLeno,LLeno,,2.50
2026-09-23 12:38:00,,Full,Medio +,,LLeno,LLeno,,1.67
2026-09-23 12:39:00,,Full,Medio +,,LLeno,LLeno,,4.82
2026-09-23 12:40:00,,Full,Medio +,,LLeno,LLeno,,LLeno
2026-09-23 12:41:00,,Full,Medio +,,,LLeno,,Vacio
2026-09-23 12:42:00,,Full,Medio +,,LLeno,LLeno,,
2026-09-23 12:43:00,,Full,Medio +,,6.08,LLeno,,Medio +
2026-09-23 12:44:00,,Full,Medio +,,LLeno,LLeno,,3.85
2026-09-23 12:45:00,,Full,Medio +,,LLeno,LLeno,,4.58
2026-09-23 12:46:00,,Full,Medio +,,LLeno,LLeno,,3.33
2026-09-23 12:47:00,,Full,Medio +,,LLeno,LLeno,,1.75
2026-09-23 12:48:00,,Full,Medio +,,LLeno,LLeno,,2.08
2026-09-23 12:49:00,,Full,Medio +,,LLeno,LLeno,,2.58
2026-09-23 12:50:00,,Full,Medio +,,LLeno,LLeno,,3.33
2026-09-23 12:51:00,,6.83,Medio +,,LLeno,LLeno,,3.25
2026-09-23 12:52:00,,Full,Medio +,,LLeno,LLeno,,Medio +
2026-09-23 12:53:00,,Full,Medio +,,LLeno,LLeno,,2.92
2026-09-23 12:54:00,,Full,Medio +,,LLeno,LLeno,,2.92
2026-09-23 12:55:00,,Full,Medio +,,LLeno,LLeno,,3.33
2026-09-23 12:56:00,,Full,Medio +,,LLeno,LLeno,,3.33
2026-09-23 12:57:00,,Full,Medio +,,LLeno,6.33,,1.25
2026-09-23 12:58:00,,6.67,Medio +,,LLeno,LLeno,,2.92
2026-09-23 12:59:00,,Full,Medio +,,LLeno,LLeno,,2.92
2026-09-23 13:00:00,,Full,Medio +,,LLeno,LLeno,,2.08
2026-09-23 13:01:00,,Full,Medio +,,LLeno,LLeno,,Vacio
2026-09-23 13:02:00,,Full,Medio +,,LLeno,LLeno,,Vacio
2026-09-23 13:03:00,,Full,Medio +,,LLeno,LLeno,,Vacio
2026-09-23 13:04:00,,Full,Medio +,,LLeno,LLeno,,Vacio
2026-09-23 13:05:00,,Full,Medio +,,LLeno,LLeno,,Vacio
2026-09-23 13:06:00,,Full,Medio +,,LLeno,LLeno,,Vacio
2026-09-23 13:07:00,,Full,Medio +,,LLeno,LLeno,,Vacio
2026-09-23 13:08:00,,Full,Medio +,,LLeno,LLeno,,Vacio
2026-09-23 13:09:00,,Full,Medio +,,LLeno,LLeno,,Vacio
2026-09-23 13:10:00,,Full,Medio +,,LLeno,LLeno,,Vacio
2026-09-23 13:11:00,,Full,Medio +,,LLeno,LLeno,,Vacio
2026-09-23 13:12:00,,Full,Medio +,,LLeno,LLeno,,Vacio
2026-09-23 13:13:00,,Full,Medio +,,LLeno,LLeno,,Vacio
2026-09-23 13:14:00,,Full,Medio +,,LLeno,LLeno,,Vacio
2026-09-23 13:15:00,,6.83,Medio +,,LLeno,LLeno,,2.50
2026-09-23 13:16:00,,6.83,Medio +,,LLeno,LLeno,,4.17
2026-09-23 13:17:00,,Full,Medio +,,LLeno,LLeno,,3.33
2026-09-23 13:18:00,,Full,Medio +,,LLeno,LLeno,,3.75
2026-09-23 13:19:00,,Full,Medio +,,LLeno,LLeno,,2.50
2026-09-23 13:20:00,,Full,Medio +,,LLeno,LLeno,,Vacio
2026-09-23 13:21:00,,Full,Medio +,,LLeno,LLeno,,Vacio
2026-09-23 13:22:00,,Full,Medio +,,LLeno,LLeno,,Vacio
2026-09-23 13:23:00,,Full,Medio +,,LLeno,LLeno,,Vacio
2026-09-23 13:24:00,,Full,Medio +,,LLeno,LLeno,,Vacio
2026-09-23 13:25:00,,Full,Medio +,,LLeno,LLeno,,Vacio
2026-09-23 13:26:00,,Full,Medio +,,LLeno,LLeno,,Vacio
2026-09-23 13:27:00,,Full,Medio +,,LLeno,LLeno,,Vacio
2026-09-23 13:28:00,,Full,Medio +,,LLeno,LLeno,,Vacio
2026-09-23 13:29:00,,Full,Medio +,,LLeno,LLeno,,Vacio
2026-09-23 13:30:00,,Full,Medio +,,LLeno,LLeno,,1.25
2026-09-23 13:31:00,,Full,Medio +,,LLeno,LLeno,,1.67
2026-09-23 13:32:00,,Full,Medio +,,LLeno,LLeno,,0.417
2026-09-23 13:33:00,,Full,Medio +,,LLeno,LLeno,,Vacio
2026-09-23 13:34:00,,Full,Medio +,,LLeno,LLeno,,Vacio
2026-09-23 13:35:00,,Full,Medio +,,LLeno,LLeno,,Vacio
2026-09-23 13:36:00,,Full,Medio +,,LLeno,LLeno,,Vacio
2026-09-23 13:37:00,,Full,Medio +,,LLeno,LLeno,,Vacio
2026-09-23 13:38:00,,Full,Medio +,,LLeno,LLeno,,0.417
2026-09-23 13:39:00,,Full,Medio +,,LLeno,LLeno,,Muy Bajo
2026-09-23 13:40:00,,Full,4.29,,LLeno,LLeno,,Vacio
2026-09-23 13:41:00,,Full,Medio +,,LLeno,LLeno,,Vacio
2026-09-23 13:42:00,,Full,5.50,,LLeno,LLeno,,Vacio
2026-09-23 13:43:00,,Full,Full,,LLeno,LLeno,,2.22
2026-09-23 13:44:00,,Full,Full,,LLeno,LLeno,,Medio +
2026-09-23 13:45:00,,Full,Full,,LLeno,LLeno,,Vacio
2026-09-23 13:46:00,,Full,,,LLeno,LLeno,,Vacio
2026-09-23 13:47:00,,Full,,,LLeno,LLeno,,Medio +
2026-09-23 13:48:00,,Full,,,LLeno,LLeno,,4.58
2026-09-23 13:49:00,,Full,,,LLeno,LLeno,,2.92
2026-09-23 13:50:00,,Full,,,LLeno,LLeno,,3.33
2026-09-23 13:51:00,,Full,,,LLeno,LLeno,,2.92
2026-09-23 13:52:00,Full,Full,,,LLeno,LLeno,,3.75
2026-09-23 13:53:00,Full,Full,,,LLeno,LLeno,,1.67
2026-09-23 13:54:00,Full,Full,,,LLeno,LLeno,,3.75
2026-09-23 13:55:00,Full,,,,LLeno,LLeno,,
2026-09-23 13:56:00,Full,Full,,,LLeno,LLeno,,Medio +
2026-09-23 13:57:00,Full,Full,,,LLeno,LLeno,,Muy Bajo
2026-09-23 13:58:00,Full,Full,,,LLeno,LLeno,,Medio +
2026-09-23 13:59:00,Full,Full,,,LLeno,LLeno,,Vacio
2026-09-23 14:00:00,Full,Full,,,LLeno,LLeno,,Medio +
2026-09-23 14:01:00,Full,Full,,,LLeno,LLeno,,Vacio
2026-09-23 14:02:00,Full,Full,,,LLeno,LLeno,,4.29
2026-09-23 14:03:00,Full,Full,,,LLeno,LLeno,,3.33
2026-09-23 14:04:00,Full,Full,,,LLeno,LLeno,,Vacio
2026-09-23 14:05:00,Full,Full,,,LLeno,LLeno,Full,Medio +
2026-09-23 14:06:00,Full,Full,,,LLeno,LLeno,Full,1.36
2026-09-23 14:07:00,Full,Full,,,LLeno,LLeno,Full,Vacio
2026-09-23 14:08:00,Full,Full,,,LLeno,LLeno,Full,Vacio
2026-09-23 14:09:00,Full,Full,,,LLeno,LLeno,Full,Vacio
2026-09-23 14:10:00,Full,Full,,,,LLeno,Full,Vacio
2026-09-23 14:11:00,Full,Full,,,,LLeno,Full,Vacio
2026-09-23 14:12:00,Full,Full,,,,LLeno,Full,Vacio
2026-09-23 14:13:00,Full,Full,,,,LLeno,Full,Medio +
2026-09-23 14:14:00,Full,Full,Full,,LLeno,LLeno,Full,2.50
2026-09-23 14:15:00,Full,Full,Full,,LLeno,LLeno,Full,4.17
2026-09-23 14:16:00,Full,Full,Full,,LLeno,LLeno,Full,Medio +
2026-09-23 14:17:00,Full,Full,Full,,LLeno,LLeno,Full,2.50
2026-09-23 14:18:00,Full,Full,,,LLeno,LLeno,Full,Medio +
2026-09-23 14:19:00,Full,Full,,,LLeno,LLeno,Full,Medio +
2026-09-23 14:20:00,Full,Full,,,LLeno,LLeno,Full,Medio +
2026-09-23 14:21:00,Full,Full,,,LLeno,LLeno,Full,Medio +
2026-09-23 14:22:00,Full,Full,,,LLeno,LLeno,Full,Vacio
2026-09-23 14:23:00,Full,Full,,,LLeno,LLeno,Full,Vacio
2026-09-23 14:24:00,Full,Full,,,LLeno,LLeno,Full,Vacio
2026-09-23 14:25:00,Full,Full,,2.80,LLeno,LLeno,Full,3.67
2026-09-23 14:26:00,Full,Full,,,LLeno,LLeno,Full,0.417
2026-09-23 14:27:00,,Full,,Medio +,LLeno,LLeno,Full,3.75
2026-09-23 14:28:00,,Full,,Full,LLeno,LLeno,Full,4.25
2026-09-23 14:29:00,,Full,,,LLeno,LLeno,Full,2.50
2026-09-23 14:30:00,,Full,,,LLeno,LLeno,Full,2.92
2026-09-23 14:31:00,,Full,,,LLeno,LLeno,Full,2.08
2026-09-23 14:32:00,,Full,,,LLeno,LLeno,Full,2.92
2026-09-23 14:33:00,,Full,,,LLeno,LLeno,Full,1.67
2026-09-23 14:34:00,,Full,,,LLeno,LLeno,Full,3.75
2026-09-23 14:35:00,,Full,,,LLeno,LLeno,Full,1.67
2026-09-23 14:36:00,,Full,6.58,,LLeno,LLeno,Full,3.33
2026-09-23 14:37:00,,Full,6.92,,LLeno,LLeno,Full,2.08
2026-09-23 14:38:00,,Full,6.60,,LLeno,LLeno,Full,Medio -
2026-09-23 14:39:00,,Full,Full,,LLeno,LLeno,Full,Vacio
2026-09-23 14:40:00,,Full,Full,,LLeno,LLeno,Full,0.714
2026-09-23 14:41:00,,Full,Full,,LLeno,LLeno,Full,1.67
2026-09-23 14:42:00,,Full,Full,,LLeno,LLeno,Full,Vacio
2026-09-23 14:43:00,,Full,6.08,,LLeno,LLeno,Full,4.44
2026-09-23 14:44:00,,Full,6.33,,LLeno,LLeno,Full,3.33
2026-09-23 14:45:00,,Full,6.25,,LLeno,LLeno,Full,4.58
2026-09-23 14:46:00,,Full,6.42,,LLeno,LLeno,Full,4.17
2026-09-23 14:47:00,,Full,6.56,,LLeno,LLeno,Full,0.833
2026-09-23 14:48:00,,Full,Full,,LLeno,LLeno,Full,Medio +
2026-09-23 14:49:00,,Full,6.25,,LLeno,LLeno,Full,Medio +
2026-09-23 14:50:00,,Full,6.25,,LLeno,LLeno,Full,Medio +
2026-09-23 14:51:00,,Full,6.25,,LLeno,LLeno,,Medio +
2026-09-23 14:52:00,,Full,6.67,,LLeno,LLeno,Full,Vacio
2026-09-23 14:53:00,,Full,Full,,LLeno,LLeno,Full,Medio -
2026-09-23 14:54:00,,Full,Full,,LLeno,LLeno,Full,2.50
2026-09-23 14:55:00,,Full,Full,,LLeno,LLeno,Full,4.17
2026-09-23 14:56:00,,Full,Full,,LLeno,LLeno,Full,3.33
2026-09-23 14:57:00,,Full,6.45,,LLeno,LLeno,Full,1.67
2026-09-23 14:58:00,,Full,LLeno,,LLeno,LLeno,Full,0.625
2026-09-23 14:59:00,,Full,LLeno,,LLeno,LLeno,Full,Medio +
2026-09-23 15:00:00,,Full,LLeno,,LLeno,LLeno,Full,Vacio
2026-09-23 15:01:00,,Full,LLeno,,LLeno,LLeno,Full,2.92
2026-09-23 15:02:00,,Full,LLeno,,LLeno,LLeno,Full,3.75
2026-09-23 15:03:00,,Full,LLeno,,LLeno,LLeno,Full,0.833
2026-09-23 15:04:00,,Full,6.33,,LLeno,LLeno,Full,Vacio
2026-09-23 15:05:00,,Full,6.11,,LLeno,LLeno,Full,Vacio
2026-09-23 15:06:00,,Full,LLeno,,LLeno,LLeno,Full,Vacio
2026-09-23 15:07:00,,Full,LLeno,,LLeno,LLeno,Full,Vacio
2026-09-23 15:08:00,,Full,LLeno,,LLeno,LLeno,Full,0.417
2026-09-23 15:09:00,,Full,LLeno,,LLeno,LLeno,Full,1.67
2026-09-23 15:10:00,,Full,LLeno,,LLeno,LLeno,Full,2.08
2026-09-23 15:11:00,,Full,LLeno,,LLeno,LLeno,Full,1.67
2026-09-23 15:12:00,,Full,LLeno,,LLeno,LLeno,Full,Vacio
2026-09-23 15:13:00,,Full,LLeno,,LLeno,LLeno,Full,4.17
2026-09-23 15:14:00,,Full,6.17,,LLeno,LLeno,Full,2.50
2026-09-23 15:15:00,,Full,LLeno,,LLeno,LLeno,Full,2.92
2026-09-23 15:16:00,,Full,6.08,,LLeno,LLeno,Full,2.73
2026-09-23 15:17:00,,Full,LLeno,,LLeno,LLeno,,Vacio
2026-09-23 15:18:00,,Full,LLeno,,LLeno,LLeno,,
2026-09-23 15:19:00,,Full,LLeno,Full,LLeno,LLeno,,4.23
2026-09-23 15:20:00,,Full,6.08,Full,LLeno,LLeno,,4.17
2026-09-23 15:21:00,,Full,6.10,Full,LLeno,LLeno,,Medio 
2026-09-23 15:22:00,,Full,LLeno,Full,LLeno,LLeno,,Medio +
2026-09-23 15:23:00,,Full,LLeno,,LLeno,LLeno,,2.50
2026-09-23 15:24:00,,Full,6.08,Full,LLeno,LLeno,,4.09
2026-09-23 15:25:00,,Full,LLeno,,LLeno,LLeno,,Medio +
2026-09-23 15:26:00,,Full,LLeno,,LLeno,LLeno,,Medio +
2026-09-23 15:27:00,,,LLeno,Full,LLeno,LLeno,,4.17
2026-09-23 15:28:00,,,LLeno,,LLeno,LLeno,Full,Medio +
2026-09-23 15:29:00,,,LLeno,,LLeno,LLeno,Full,Vacio
2026-09-23 15:30:00,,,LLeno,LLeno,LLeno,LLeno,Full,3.50
2026-09-23 15:31:00,,,6.08,,LLeno,LLeno,Full,2.92
2026-09-23 15:32:00,,,LLeno,,LLeno,LLeno,Full,3.75
2026-09-23 15:33:00,,,LLeno,LLeno,LLeno,LLeno,Full,3.75
2026-09-23 15:34:00,,,LLeno,LLeno,LLeno,LLeno,Full,3.75
2026-09-23 15:35:00,,,LLeno,,LLeno,LLeno,Full,Medio +
2026-09-23 15:36:00,,,LLeno,,LLeno,LLeno,Full,Vacio
2026-09-23 15:37:00,,,LLeno,Full,LLeno,LLeno,Full,1.25
2026-09-23 15:38:00,Full,,LLeno,,LLeno,LLeno,Full,1.25
2026-09-23 15:39:00,Full,,LLeno,,LLeno,LLeno,Full,2.50
2026-09-23 15:40:00,Full,,LLeno,Full,LLeno,LLeno,Full,4.58
2026-09-23 15:41:00,Full,,LLeno,Full,LLeno,LLeno,Full,3.33
2026-09-23 15:42:00,Full,,LLeno,Full,LLeno,LLeno,Full,3.33
2026-09-23 15:43:00,Full,,LLeno,Full,LLeno,LLeno,Full,2.50
2026-09-23 15:44:00,Full,,LLeno,Full,LLeno,LLeno,Full,3.89
2026-09-23 15:45:00,Full,,LLeno,,LLeno,LLeno,Full,Medio +
2026-09-23 15:46:00,Full,,LLeno,,LLeno,LLeno,Full,Medio +
2026-09-23 15:47:00,Full,,LLeno,Full,LLeno,LLeno,Full,Medio +
2026-09-23 15:48:00,Full,,LLeno,,LLeno,LLeno,Full,Medio +
2026-09-23 15:49:00,Full,,,,LLeno,LLeno,,Medio +
2026-09-23 15:50:00,Full,,,Full,LLeno,LLeno,,Medio +
2026-09-23 15:51:00,Full,,,,LLeno,LLeno,,Medio +
2026-09-23 15:52:00,Full,,,,LLeno,LLeno,,2.50
2026-09-23 15:53:00,Full,,,Full,LLeno,LLeno,,0.833
2026-09-23 15:54:00,Full,,,,LLeno,LLeno,,4.58
2026-09-23 15:55:00,Full,,,,LLeno,LLeno,,3.18
2026-09-23 15:56:00,Full,,,Full,LLeno,LLeno,,Medio +
2026-09-23 15:57:00,Full,,,,LLeno,LLeno,,Medio +
2026-09-23 15:58:00,Full,,,,LLeno,LLeno,,2.92
2026-09-23 15:59:00,Full,,,Full,LLeno,LLeno,,2.92
2026-09-23 16:00:00,Full,,,,LLeno,LLeno,,3.33
2026-09-23 16:01:00,Full,,,,LLeno,LLeno,,Vacio
2026-09-23 16:02:00,Full,,,Full,LLeno,LLeno,,Medio +
2026-09-23 16:03:00,Full,,,,LLeno,LLeno,,3.75
2026-09-23 16:04:00,6.33,,,,LLeno,LLeno,,1.67
2026-09-23 16:05:00,6.08,,,Full,LLeno,LLeno,,2.92
2026-09-23 16:06:00,6.75,,,,LLeno,LLeno,,3.75
2026-09-23 16:07:00,6.58,,,,LLeno,LLeno,,3.33
2026-09-23 16:08:00,Full,,,Full,LLeno,LLeno,,2.92
2026-09-23 16:09:00,Full,,,Full,LLeno,LLeno,,2.08
2026-09-23 16:10:00,Full,,,Full,LLeno,LLeno,,3.75
2026-09-23 16:11:00,LLeno,,,Full,LLeno,LLeno,,4.17
2026-09-23 16:12:00,6.83,,,Full,LLeno,LLeno,,4.17
2026-09-23 16:13:00,Full,,,Full,LLeno,LLeno,,
2026-09-23 16:14:00,LLeno,,,,LLeno,LLeno,,Medio +
2026-09-23 16:15:00,6.25,,LLeno,Full,LLeno,LLeno,,4.58
2026-09-23 16:16:00,6.17,,LLeno,,LLeno,LLeno,,4.58
2026-09-23 16:17:00,6.08,,LLeno,,LLeno,LLeno,,2.92
2026-09-23 16:18:00,6.17,,LLeno,Full,LLeno,LLeno,,3.33
2026-09-23 16:19:00,LLeno,,LLeno,Full,LLeno,LLeno,,2.08
2026-09-23 16:20:00,LLeno,,LLeno,Full,LLeno,LLeno,,2.92
2026-09-23 16:21:00,LLeno,,LLeno,Full,LLeno,LLeno,,3.75
2026-09-23 16:22:00,LLeno,,LLeno,Full,LLeno,LLeno,,1.25
2026-09-23 16:23:00,LLeno,,LLeno,Full,LLeno,LLeno,,1.67
2026-09-23 16:24:00,LLeno,,LLeno,Full,LLeno,LLeno,,1.67
2026-09-23 16:25:00,LLeno,,LLeno,Full,LLeno,LLeno,,2.08
2026-09-23 16:26:00,LLeno,,LLeno,Full,LLeno,LLeno,,2.08
2026-09-23 16:27:00,LLeno,,LLeno,Full,LLeno,LLeno,,2.50
2026-09-23 16:28:00,LLeno,,LLeno,Full,LLeno,LLeno,,2.50
2026-09-23 16:29:00,LLeno,,LLeno,Full,LLeno,LLeno,,2.50
2026-09-23 16:30:00,LLeno,,LLeno,6.25,LLeno,LLeno,,1.25
2026-09-23 16:31:00,LLeno,,LLeno,6.14,LLeno,LLeno,,3.33
2026-09-23 16:32:00,LLeno,,LLeno,,LLeno,LLeno,,Medio +
2026-09-23 16:33:00,LLeno,,LLeno,,LLeno,LLeno,,Vacio
2026-09-23 16:34:00,LLeno,,LLeno,LLeno,LLeno,LLeno,,Vacio
2026-09-23 16:35:00,LLeno,,LLeno,,LLeno,LLeno,,Vacio
2026-09-23 16:36:00,LLeno,,LLeno,,LLeno,LLeno,,Vacio
2026-09-23 16:37:00,LLeno,,LLeno,6.88,LLeno,LLeno,,Vacio
2026-09-23 16:38:00,LLeno,,LLeno,Full,LLeno,LLeno,,1.25
2026-09-23 16:39:00,LLeno,,LLeno,6.75,4.24,LLeno,,3.75
2026-09-23 16:40:00,LLeno,,LLeno,LLeno,LLeno,LLeno,,2.92
2026-09-23 16:41:00,LLeno,,LLeno,6.08,LLeno,LLeno,,3.18
2026-09-23 16:42:00,LLeno,,LLeno,LLeno,LLeno,LLeno,,Vacio
2026-09-23 16:43:00,LLeno,Full,LLeno,6.08,LLeno,LLeno,,Vacio
2026-09-23 16:44:00,LLeno,Full,LLeno,6.67,LLeno,LLeno,,3.33
2026-09-23 16:45:00,LLeno,Full,LLeno,6.83,,LLeno,,1.25
2026-09-23 16:46:00,LLeno,Full,LLeno,6.50,,LLeno,,0.417
2026-09-23 16:47:00,LLeno,Full,LLeno,6.20,,LLeno,,1.25
2026-09-23 16:48:00,5.54,Full,LLeno,,,LLeno,,Vacio
2026-09-23 16:49:00,4.80,Full,LLeno,,,LLeno,,2.50
2026-09-23 16:50:00,LLeno,Full,LLeno,LLeno,,LLeno,,0.417
2026-09-23 16:51:00,6.04,Full,LLeno,,,LLeno,,2.50
2026-09-23 16:52:00,LLeno,Full,LLeno,,,LLeno,,2.50
2026-09-23 16:53:00,LLeno,Full,LLeno,Full,,LLeno,,Medio +
2026-09-23 16:54:00,,Full,LLeno,,,LLeno,,2.50
2026-09-23 16:55:00,,Full,LLeno,,,LLeno,,2.08
2026-09-23 16:56:00,,Full,LLeno,Full,,LLeno,,1.67
2026-09-23 16:57:00,,Full,LLeno,,,LLeno,,Vacio
2026-09-23 16:58:00,,Full,LLeno,,,LLeno,,3.75
2026-09-23 16:59:00,,Full,LLeno,6.92,,LLeno,,2.50
2026-09-23 17:00:00,,Full,LLeno,6.67,,LLeno,,3.33
2026-09-23 17:01:00,,Full,LLeno,6.75,,LLeno,,3.33
2026-09-23 17:02:00,,Full,LLeno,6.08,,LLeno,,2.92
2026-09-23 17:03:00,,Full,LLeno,LLeno,,LLeno,,Vacio
2026-09-23 17:04:00,,Full,LLeno,LLeno,,LLeno,,Vacio
2026-09-23 17:05:00,,Full,LLeno,LLeno,,LLeno,,Vacio
2026-09-23 17:06:00,,Full,LLeno,LLeno,,LLeno,,1.67
2026-09-23 17:07:00,,Full,LLeno,LLeno,,LLeno,,2.92
2026-09-23 17:08:00,,Full,LLeno,LLeno,,LLeno,,2.08
2026-09-23 17:09:00,,Full,LLeno,LLeno,,LLeno,,3.33
2026-09-23 17:10:00,,Full,LLeno,LLeno,,LLeno,,2.92
2026-09-23 17:11:00,,Full,LLeno,LLeno,,LLeno,,4.17
2026-09-23 17:12:00,,Full,LLeno,LLeno,,LLeno,,Medio +
2026-09-23 17:13:00,,Full,LLeno,LLeno,,LLeno,,Medio +
2026-09-23 17:14:00,,Full,LLeno,LLeno,,LLeno,,Medio +
2026-09-23 17:15:00,,Full,LLeno,LLeno,LLeno,LLeno,,Medio +
2026-09-23 17:16:00,,Full,LLeno,LLeno,LLeno,LLeno,,4.17
2026-09-23 17:17:00,,Full,LLeno,LLeno,LLeno,LLeno,,Vacio
2026-09-23 17:18:00,,Full,LLeno,LLeno,LLeno,LLeno,,Vacio
2026-09-23 17:19:00,,Full,LLeno,LLeno,LLeno,LLeno,,Vacio
2026-09-23 17:20:00,,Full,LLeno,LLeno,LLeno,LLeno,,Vacio
2026-09-23 17:21:00,,Full,LLeno,LLeno,LLeno,LLeno,,Vacio
2026-09-23 17:22:00,,,,LLeno,,LLeno,,
2026-09-23 17:23:00,LLeno,Full,LLeno,,LLeno,LLeno,,Vacio
2026-09-23 17:24:00,LLeno,Full,LLeno,LLeno,LLeno,LLeno,,2.92
2026-09-23 17:25:00,LLeno,Full,LLeno,,LLeno,LLeno,,Vacio
2026-09-23 17:26:00,LLeno,Full,LLeno,,LLeno,LLeno,,Medio +
2026-09-23 17:27:00,LLeno,Full,LLeno,LLeno,LLeno,LLeno,,
2026-09-23 17:28:00,LLeno,Full,,,,LLeno,,
2026-09-23 17:29:00,LLeno,,,,,LLeno,,

