"Time","I45 - NIV_PTO","I49 - NIV_PTO","I50 - NIV_PTO","I51 - NIV_PTO","I52 - NIV_PTO","I53 - NIV_PTO","I54 - NIV_PTO","I55 - NIV_PTO","I56 - NIV_PTO","I57 - NIV_PTO","I58 - NIV_PTO"
2026-09-15 03:56:20,On,On,,On,On,On,On,On,On,On,On
2026-09-15 03:56:40,On,On,On,On,On,On,On,On,On,On,On
2026-09-15 03:57:00,On,On,On,On,On,On,On,On,On,On,On
2026-09-15 03:57:20,,On,,On,,,On,On,,On,
2026-09-15 03:57:40,On,On,On,On,On,,On,On,On,On,On
2026-09-15 03:58:00,,On,On,On,On,,On,On,On,On,On
2026-09-15 03:58:20,On,On,On,On,On,,On,On,On,On,On
2026-09-15 03:58:40,On,On,On,On,On,,On,On,On,On,On
2026-09-15 03:59:00,On,On,On,On,On,On,On,On,On,On,On
2026-09-15 03:59:20,,On,,On,,On,On,On,,On,
2026-09-15 03:59:40,On,On,On,On,On,On,On,On,On,On,On
2026-09-15 04:00:00,On,On,On,On,On,On,On,On,On,On,On
2026-09-15 04:00:20,On,On,On,On,On,On,On,On,On,On,On
2026-09-15 04:00:40,On,,On,On,On,On,On,On,On,On,On
2026-09-15 04:01:00,On,,On,On,On,,On,On,On,On,On
2026-09-15 04:01:20,On,,On,On,On,,On,On,On,On,On
2026-09-15 04:01:40,On,,On,On,On,,On,On,On,On,On
2026-09-15 04:02:00,On,,On,On,On,,On,On,On,On,On
2026-09-15 04:02:20,On,,On,On,On,,On,On,On,On,On
2026-09-15 04:02:40,On,,On,On,On,,On,On,On,On,On
2026-09-15 04:03:00,On,On,,On,On,,On,On,On,On,On
2026-09-15 04:03:20,On,On,,On,On,,On,On,On,On,On
2026-09-15 04:03:40,On,On,,On,On,On,On,On,On,On,On
2026-09-15 04:04:00,On,On,,On,On,On,On,On,On,On,On
2026-09-15 04:04:20,On,On,,On,On,On,On,On,On,On,On
2026-09-15 04:04:40,On,On,,On,On,On,On,On,On,On,On
2026-09-15 04:05:00,On,On,,On,On,On,On,On,On,On,On
2026-09-15 04:05:20,On,On,,On,On,,On,On,On,On,On
2026-09-15 04:05:40,On,On,,On,On,,On,On,On,On,On
2026-09-15 04:06:00,On,On,,On,On,,On,On,On,On,On
2026-09-15 04:06:20,On,On,,On,On,,On,On,On,On,On
2026-09-15 04:06:40,On,On,On,On,On,,On,On,On,On,On
2026-09-15 04:07:00,On,On,On,On,On,,On,On,On,On,On
2026-09-15 04:07:20,On,On,On,On,On,,On,On,On,On,On
2026-09-15 04:07:40,On,On,On,On,On,,On,On,On,On,On
2026-09-15 04:08:00,On,On,On,On,On,,On,On,On,On,On
2026-09-15 04:08:20,On,On,On,On,On,,On,On,On,On,On
2026-09-15 04:08:40,On,On,On,On,On,,On,On,On,On,On
2026-09-15 04:09:00,On,On,On,On,On,On,On,On,On,On,On
2026-09-15 04:09:20,On,On,On,On,On,On,On,On,On,On,On
2026-09-15 04:09:40,On,On,On,On,On,On,On,On,On,On,On
2026-09-15 04:10:00,On,On,On,On,On,On,On,On,On,On,On
2026-09-15 04:10:20,On,On,On,On,On,On,On,On,On,On,On
2026-09-15 04:10:40,On,On,On,On,On,On,On,On,On,On,On
2026-09-15 04:11:00,On,On,On,On,On,On,On,On,On,On,On
2026-09-15 04:11:20,On,On,On,On,On,On,On,On,On,On,On
2026-09-15 04:11:40,On,On,On,On,On,On,On,On,On,On,On
2026-09-15 04:12:00,On,On,On,On,On,On,On,On,On,On,On
2026-09-15 04:12:20,On,On,On,On,On,On,On,On,On,On,On
2026-09-15 04:12:40,On,On,On,On,On,On,On,On,On,On,On
2026-09-15 04:13:00,,On,,On,,On,On,On,,On,
2026-09-15 04:13:20,On,On,On,On,On,On,On,On,On,On,On
2026-09-15 04:13:40,On,On,On,On,On,,On,On,On,On,On
2026-09-15 04:14:00,,On,On,On,On,On,On,On,,On,On
2026-09-15 04:14:20,On,On,,On,,On,On,On,On,On,
2026-09-15 04:14:40,,On,On,On,On,On,On,On,On,On,On
2026-09-15 04:15:00,On,On,On,On,On,On,On,On,On,On,On
2026-09-15 04:15:20,On,On,,On,,On,On,On,,On,
2026-09-15 04:15:40,,On,On,On,On,On,On,On,On,On,On
2026-09-15 04:16:00,On,On,On,On,On,On,On,On,On,On,On
2026-09-15 04:16:20,,On,,On,,On,On,On,,On,
2026-09-15 04:16:40,On,On,On,On,On,On,On,On,On,On,On
2026-09-15 04:17:00,On,On,On,On,On,On,On,On,On,On,On
2026-09-15 04:17:20,,On,On,On,,,On,On,,On,On
2026-09-15 04:17:40,On,On,,On,On,On,On,On,On,On,On
2026-09-15 04:18:00,On,On,On,On,On,On,On,On,On,On,
2026-09-15 04:18:20,,On,On,On,,On,On,On,,On,On
2026-09-15 04:18:40,On,On,,On,On,On,On,On,On,On,On
2026-09-15 04:19:00,,On,On,On,On,On,On,On,On,On,On
2026-09-15 04:19:20,On,On,On,On,,On,On,On,,On,On
2026-09-15 04:19:40,On,On,On,On,On,On,On,On,On,On,On
2026-09-15 04:20:00,,On,On,On,On,On,On,On,On,On,On
2026-09-15 04:20:20,On,,On,On,On,On,On,On,On,On,On
2026-09-15 04:20:40,On,,On,On,On,On,On,On,On,On,On
2026-09-15 04:21:00,On,,On,On,On,On,On,On,On,On,On
2026-09-15 04:21:20,On,,On,On,On,On,On,On,On,On,On
2026-09-15 04:21:40,On,,On,On,On,On,On,On,On,On,On
2026-09-15 04:22:00,On,,On,On,On,On,On,On,On,On,On
2026-09-15 04:22:20,,,,On,,On,On,On,,On,
2026-09-15 04:22:40,On,,On,On,On,On,On,On,On,On,On
2026-09-15 04:23:00,On,On,On,On,On,On,On,On,On,On,On
2026-09-15 04:23:20,On,On,On,On,On,On,On,On,On,On,On
2026-09-15 04:23:40,On,On,On,On,On,On,On,On,On,On,On
2026-09-15 04:24:00,On,On,On,On,On,On,On,On,On,On,On
2026-09-15 04:24:20,On,On,On,On,On,On,On,On,On,On,On
2026-09-15 04:24:40,On,On,On,On,On,On,On,On,On,On,On
2026-09-15 04:25:00,On,On,On,On,On,On,On,On,On,On,On
2026-09-15 04:25:20,On,On,On,On,On,On,On,On,On,On,On
2026-09-15 04:25:40,,On,,On,,On,On,On,,On,
2026-09-15 04:26:00,On,On,On,On,On,,On,On,On,On,On
2026-09-15 04:26:20,,On,On,On,On,On,On,On,On,On,On
2026-09-15 04:26:40,On,On,On,On,On,On,On,On,On,On,On
2026-09-15 04:27:00,On,On,On,On,On,On,On,On,On,On,On
2026-09-15 04:27:20,On,On,,On,On,On,On,On,On,On,On
2026-09-15 04:27:40,,On,,On,,On,On,On,,On,
2026-09-15 04:28:00,On,On,,On,On,On,On,On,On,On,On
2026-09-15 04:28:20,On,On,,On,On,On,On,On,On,On,On
2026-09-15 04:28:40,On,On,,On,On,On,On,On,On,On,On
2026-09-15 04:29:00,On,On,,On,On,On,On,On,On,On,On
2026-09-15 04:29:20,On,On,,On,On,On,On,On,On,On,On
2026-09-15 04:29:40,,On,,On,,On,On,On,,On,
2026-09-15 04:30:00,On,On,,On,On,On,On,On,On,On,On
2026-09-15 04:30:20,,On,,On,,,On,On,,On,
2026-09-15 04:30:40,On,,,On,On,On,On,On,On,On,On
2026-09-15 04:31:00,,,,On,,On,On,On,,On,On
2026-09-15 04:31:20,On,,,On,On,,On,On,On,On,
2026-09-15 04:31:40,,,On,On,On,On,On,On,On,On,On
2026-09-15 04:32:00,On,,On,On,On,On,On,On,,On,On
2026-09-15 04:32:20,On,,On,On,On,On,On,On,On,On,On
2026-09-15 04:32:40,On,,On,On,On,On,On,On,On,On,On
2026-09-15 04:33:00,,On,On,On,,On,On,On,,On,
2026-09-15 04:33:20,On,On,,On,On,On,On,On,On,On,On
2026-09-15 04:33:40,On,On,On,On,On,On,On,On,On,On,On
2026-09-15 04:34:00,On,On,On,On,On,On,On,On,On,On,On
2026-09-15 04:34:20,On,On,On,On,On,On,On,On,On,On,On
2026-09-15 04:34:40,On,On,On,On,On,On,On,On,On,On,On
2026-09-15 04:35:00,On,On,On,On,On,On,On,On,On,On,On
2026-09-15 04:35:20,On,On,On,On,On,On,On,On,On,On,On
2026-09-15 04:35:40,On,On,On,On,On,On,On,On,On,On,On
2026-09-15 04:36:00,On,On,On,On,On,On,On,On,On,On,On
2026-09-15 04:36:20,On,,On,On,On,,On,On,On,On,On
2026-09-15 04:36:40,On,,On,On,On,,On,On,On,On,On
2026-09-15 04:37:00,On,,On,On,On,,On,On,On,On,On
2026-09-15 04:37:20,On,,On,On,On,,On,On,On,On,On
2026-09-15 04:37:40,On,,On,On,On,,On,On,On,On,On
2026-09-15 04:38:00,On,On,On,On,On,,On,On,On,On,On
2026-09-15 04:38:20,On,On,On,On,On,,On,On,On,On,On
2026-09-15 04:38:40,On,On,On,On,On,,On,On,On,On,On
2026-09-15 04:39:00,On,On,On,On,On,On,On,On,On,On,On
2026-09-15 04:39:20,On,On,On,On,On,,On,On,On,On,On
2026-09-15 04:39:40,On,On,On,On,On,,On,On,On,On,On
2026-09-15 04:40:00,On,On,On,On,On,,On,On,On,On,On
2026-09-15 04:40:20,On,On,On,On,On,,On,On,On,On,On
2026-09-15 04:40:40,On,On,On,On,On,,On,On,On,On,On
2026-09-15 04:41:00,,On,,On,,,On,On,,On,
2026-09-15 04:41:20,On,On,On,On,On,,On,On,On,On,On
2026-09-15 04:41:40,On,On,On,On,On,,On,On,On,On,On
2026-09-15 04:42:00,,On,On,On,On,,On,On,,On,
2026-09-15 04:42:20,On,On,,On,,,On,On,On,On,On
2026-09-15 04:42:40,On,On,On,On,On,,On,On,On,On,On
2026-09-15 04:43:00,,On,On,On,On,,On,On,On,On,On
2026-09-15 04:43:20,On,On,,On,,,On,On,,On,
2026-09-15 04:43:40,On,On,On,On,On,,On,On,On,On,On
2026-09-15 04:44:00,,On,On,On,On,On,On,On,On,On,On
2026-09-15 04:44:20,On,On,,On,,On,On,On,,On,
2026-09-15 04:44:40,On,On,On,On,On,On,On,On,On,On,On
2026-09-15 04:45:00,,On,,On,,On,On,On,,On,
2026-09-15 04:45:20,On,On,On,On,On,On,On,On,On,On,On
2026-09-15 04:45:40,,On,On,On,On,On,On,On,On,On,On
2026-09-15 04:46:00,On,On,On,On,On,On,On,On,On,On,On
2026-09-15 04:46:20,On,On,On,On,On,On,On,On,On,On,On
2026-09-15 04:46:40,On,On,On,On,On,On,On,On,On,On,On
2026-09-15 04:47:00,On,On,On,On,On,On,On,On,On,On,On
2026-09-15 04:47:20,On,On,On,On,On,On,On,On,On,On,On
2026-09-15 04:47:40,On,On,On,On,On,,On,On,On,On,On
2026-09-15 04:48:00,On,On,On,On,On,,On,On,On,On,On
2026-09-15 04:48:20,On,On,On,On,On,,On,On,On,On,On
2026-09-15 04:48:40,On,On,On,On,On,,On,On,On,On,On
2026-09-15 04:49:00,On,On,On,On,On,On,On,On,On,On,On
2026-09-15 04:49:20,On,On,On,On,On,On,On,On,On,On,On
2026-09-15 04:49:40,On,On,On,On,On,On,On,On,On,On,On
2026-09-15 04:50:00,On,On,On,On,On,On,On,On,On,On,On
2026-09-15 04:50:20,On,On,On,On,On,On,On,On,On,On,On
2026-09-15 04:50:40,On,On,On,On,On,On,On,On,On,On,On
2026-09-15 04:51:00,On,On,On,On,On,On,On,On,On,On,On
2026-09-15 04:51:20,On,On,On,On,On,On,On,On,On,On,On
2026-09-15 04:51:40,On,On,On,On,On,On,On,On,On,On,On
2026-09-15 04:52:00,On,On,On,On,On,On,On,On,On,On,On
2026-09-15 04:52:20,On,On,On,On,On,On,On,On,On,On,On
2026-09-15 04:52:40,,On,,On,,,On,On,,On,
2026-09-15 04:53:00,On,On,On,On,On,On,On,On,On,On,On
2026-09-15 04:53:20,On,On,On,On,On,On,On,On,On,On,On
2026-09-15 04:53:40,On,On,On,On,On,On,On,On,On,On,On
2026-09-15 04:54:00,On,On,On,On,On,On,On,On,On,On,On
2026-09-15 04:54:20,,,On,On,,,On,On,,On,
2026-09-15 04:54:40,On,,On,On,On,On,On,On,On,On,On
2026-09-15 04:55:00,,,On,On,,On,On,On,,On,
2026-09-15 04:55:20,On,,On,On,On,On,On,On,On,On,On
2026-09-15 04:55:40,On,,On,On,On,On,On,On,On,On,On
2026-09-15 04:56:00,On,,On,On,On,On,On,On,On,On,On
2026-09-15 04:56:20,On,,On,On,On,On,On,On,On,On,On
2026-09-15 04:56:40,On,,On,On,On,On,On,On,On,On,On
2026-09-15 04:57:00,On,,On,On,On,On,On,On,On,On,On
2026-09-15 04:57:20,On,,On,On,On,On,On,On,On,On,On
2026-09-15 04:57:40,On,,On,On,On,On,On,On,On,On,On
2026-09-15 04:58:00,On,On,On,On,On,On,On,On,On,On,On
2026-09-15 04:58:20,On,On,On,On,On,On,On,On,On,On,On
2026-09-15 04:58:40,On,On,On,On,On,On,On,On,On,On,On
2026-09-15 04:59:00,On,On,On,On,On,On,On,On,On,On,On
2026-09-15 04:59:20,On,On,On,On,On,On,On,On,On,On,On
2026-09-15 04:59:40,On,On,On,On,On,On,On,On,On,On,On
2026-09-15 05:00:00,On,On,On,On,On,On,On,On,On,On,On
2026-09-15 05:00:20,On,On,On,On,On,On,On,On,On,On,On
2026-09-15 05:00:40,On,On,On,On,On,On,On,On,On,On,On
2026-09-15 05:01:00,On,On,On,On,On,On,On,On,On,On,On
2026-09-15 05:01:20,On,On,On,On,On,On,On,On,On,On,On
2026-09-15 05:01:40,On,On,On,On,On,On,On,On,On,On,On
2026-09-15 05:02:00,On,On,On,On,On,On,On,On,On,On,On
2026-09-15 05:02:20,,On,On,On,,,On,On,,On,
2026-09-15 05:02:40,On,On,On,On,On,On,On,On,On,On,On
2026-09-15 05:03:00,,On,On,On,,On,On,On,,On,
2026-09-15 05:03:20,On,On,,On,On,On,On,On,On,On,On
2026-09-15 05:03:40,On,On,On,On,On,On,On,On,On,On,On
2026-09-15 05:04:00,,On,On,On,On,On,On,On,On,On,On
2026-09-15 05:04:20,On,On,,On,,,On,On,,On,
2026-09-15 05:04:40,On,On,On,On,On,On,On,On,On,On,On
2026-09-15 05:05:00,,On,On,On,On,On,On,On,On,On,On
2026-09-15 05:05:20,On,On,,On,On,On,On,On,On,On,On
2026-09-15 05:05:40,On,On,,On,On,On,On,On,On,On,On
2026-09-15 05:06:00,On,On,,On,On,,On,On,On,On,On
2026-09-15 05:06:20,On,On,,On,On,,On,On,On,On,On
2026-09-15 05:06:40,On,On,On,On,On,,On,On,On,On,On
2026-09-15 05:07:00,On,On,On,On,On,,On,On,On,On,On
2026-09-15 05:07:20,On,On,On,On,On,,On,On,On,On,On
2026-09-15 05:07:40,On,On,On,On,On,,On,On,On,On,On
2026-09-15 05:08:00,On,On,On,On,On,,On,On,On,On,On
2026-09-15 05:08:20,On,On,On,On,On,,On,On,On,On,On
2026-09-15 05:08:40,On,On,On,On,On,,On,On,On,On,On
2026-09-15 05:09:00,On,,On,On,On,On,On,On,On,On,On
2026-09-15 05:09:20,On,,On,On,On,On,On,On,On,On,On
2026-09-15 05:09:40,On,,On,On,On,On,On,On,On,On,On
2026-09-15 05:10:00,On,,On,On,On,On,On,On,On,On,On
2026-09-15 05:10:20,On,,On,On,On,On,On,On,On,On,On
2026-09-15 05:10:40,,,,On,,On,On,On,,On,
2026-09-15 05:11:00,On,,On,On,On,,On,On,On,On,On
2026-09-15 05:11:20,On,,On,On,On,On,On,On,On,On,On
2026-09-15 05:11:40,,,On,On,,,On,On,,On,
2026-09-15 05:12:00,On,,On,On,On,On,On,On,On,On,On
2026-09-15 05:12:20,,,On,On,,On,On,On,,On,
2026-09-15 05:12:40,On,,On,On,On,On,On,On,On,On,On
2026-09-15 05:13:00,On,On,On,On,On,On,On,On,On,On,On
2026-09-15 05:13:20,On,On,On,On,On,On,On,On,On,On,On
2026-09-15 05:13:40,On,On,On,On,On,On,On,On,On,On,On
2026-09-15 05:14:00,On,On,On,On,On,On,On,On,On,On,On
2026-09-15 05:14:20,On,On,On,On,On,On,On,On,On,On,On
2026-09-15 05:14:40,On,On,On,On,On,On,On,On,On,On,On
2026-09-15 05:15:00,On,On,On,On,On,On,On,On,On,On,On
2026-09-15 05:15:20,On,On,On,On,On,On,On,On,On,On,On
2026-09-15 05:15:40,On,On,On,On,On,On,On,On,On,On,On
2026-09-15 05:16:00,On,,On,On,On,On,On,On,On,On,On
2026-09-15 05:16:20,On,,On,On,On,On,On,On,On,On,On
2026-09-15 05:16:40,On,,On,On,On,On,On,On,On,On,On
2026-09-15 05:17:00,On,,On,On,On,On,On,On,On,On,On
2026-09-15 05:17:20,On,,On,On,On,On,On,On,On,On,On
2026-09-15 05:17:40,On,,On,On,On,On,On,On,On,On,On
2026-09-15 05:18:00,On,On,On,On,On,On,On,On,On,On,On
2026-09-15 05:18:20,,On,On,On,,,On,On,,On,
2026-09-15 05:18:40,On,On,On,On,On,On,On,On,On,On,On
2026-09-15 05:19:00,,On,On,On,,On,On,On,,On,
2026-09-15 05:19:20,On,On,On,On,On,On,On,On,On,On,On
2026-09-15 05:19:40,On,,On,On,On,On,On,On,On,On,On
2026-09-15 05:20:00,On,,On,On,On,On,On,On,On,On,On
2026-09-15 05:20:20,,,On,On,,On,On,On,,On,
2026-09-15 05:20:40,On,,,On,On,,On,On,On,On,On
2026-09-15 05:21:00,On,,,On,On,,On,On,On,On,On
2026-09-15 05:21:20,On,,,On,On,,On,On,On,On,On
2026-09-15 05:21:40,On,,On,On,On,,On,On,On,On,On
2026-09-15 05:22:00,On,,On,On,On,,On,On,On,On,On
2026-09-15 05:22:20,On,,On,On,On,,On,On,On,On,On
2026-09-15 05:22:40,On,,On,On,On,,On,On,On,On,On
2026-09-15 05:23:00,,On,On,On,,,On,On,,On,
2026-09-15 05:23:20,On,On,On,On,On,,On,On,On,On,On
2026-09-15 05:23:40,,On,On,On,,,On,On,,On,
2026-09-15 05:24:00,On,On,On,On,On,On,On,On,On,On,On
2026-09-15 05:24:20,On,On,On,On,On,On,On,On,On,On,On
2026-09-15 05:24:40,On,On,On,On,On,On,On,On,On,On,On
2026-09-15 05:25:00,,On,,On,,On,On,On,,On,
2026-09-15 05:25:20,On,On,On,On,On,On,On,On,On,On,On
2026-09-15 05:25:40,On,On,On,On,On,On,On,On,On,On,On
2026-09-15 05:26:00,On,On,On,On,On,On,On,On,On,On,On
2026-09-15 05:26:20,On,On,On,On,On,On,On,On,On,On,On
2026-09-15 05:26:40,On,On,On,On,On,On,On,On,On,On,On
2026-09-15 05:27:00,On,On,On,On,On,On,On,On,On,On,On
2026-09-15 05:27:20,On,On,,On,On,On,On,On,On,On,On
2026-09-15 05:27:40,On,On,,On,On,On,On,On,On,On,On
2026-09-15 05:28:00,On,On,,On,On,On,On,On,On,On,On
2026-09-15 05:28:20,On,On,,On,On,On,On,On,On,On,On
2026-09-15 05:28:40,,On,,On,,On,On,On,,On,
2026-09-15 05:29:00,On,On,,On,On,On,On,On,On,On,On
2026-09-15 05:29:20,,On,,On,On,On,On,On,On,On,On
2026-09-15 05:29:40,On,On,,On,On,On,On,On,On,On,On
2026-09-15 05:30:00,On,On,,On,On,On,On,On,On,On,On
2026-09-15 05:30:20,On,On,,On,On,On,On,On,On,On,On
2026-09-15 05:30:40,,On,,On,,On,On,On,,On,
2026-09-15 05:31:00,On,On,,On,On,,On,On,On,On,On
2026-09-15 05:31:20,,On,,On,On,,On,On,On,On,On
2026-09-15 05:31:40,On,On,On,On,,,On,On,,On,
2026-09-15 05:32:00,On,On,On,On,On,,On,On,On,On,On
2026-09-15 05:32:20,,On,,On,On,,On,On,On,On,On
2026-09-15 05:32:40,On,On,On,On,,,On,On,,On,
2026-09-15 05:33:00,,On,On,On,On,,On,On,On,On,On
2026-09-15 05:33:20,On,On,,On,On,,On,On,On,On,On
2026-09-15 05:33:40,On,On,On,On,,,On,On,,On,
2026-09-15 05:34:00,,On,On,On,On,,On,On,On,On,On
2026-09-15 05:34:20,On,On,,On,On,,On,On,On,On,On
2026-09-15 05:34:40,,On,On,On,,,On,On,,On,
2026-09-15 05:35:00,On,On,On,On,On,,On,On,On,On,On
2026-09-15 05:35:20,On,On,On,On,On,,On,On,On,On,On
2026-09-15 05:35:40,On,On,On,On,On,,On,On,,On,On
2026-09-15 05:36:00,On,On,On,On,On,,On,On,On,On,On
2026-09-15 05:36:20,On,On,On,On,On,,On,On,On,On,On
2026-09-15 05:36:40,On,On,On,On,On,,On,On,On,On,On
2026-09-15 05:37:00,On,On,On,On,On,,On,On,On,On,On
2026-09-15 05:37:20,On,On,On,On,On,,On,On,On,On,On
2026-09-15 05:37:40,On,On,On,On,On,,On,On,On,On,On
2026-09-15 05:38:00,On,On,On,On,On,,On,On,On,On,On
2026-09-15 05:38:20,On,On,On,On,On,,On,On,On,On,On
2026-09-15 05:38:40,On,On,On,On,On,,On,On,On,On,On
2026-09-15 05:39:00,On,On,On,On,On,,On,On,On,On,On
2026-09-15 05:39:20,On,On,On,On,On,,On,On,On,On,On
2026-09-15 05:39:40,On,On,On,On,On,,On,On,On,On,On
2026-09-15 05:40:00,On,On,On,On,On,,On,On,On,On,On
2026-09-15 05:40:20,On,On,On,On,On,,On,On,On,On,On
2026-09-15 05:40:40,On,On,On,On,On,,On,On,On,On,On
2026-09-15 05:41:00,On,On,On,On,On,,On,On,On,On,On
2026-09-15 05:41:20,On,On,On,On,On,,On,On,On,On,On
2026-09-15 05:41:40,On,On,On,On,On,,On,On,On,On,On
2026-09-15 05:42:00,On,On,On,On,On,,On,On,On,On,On
2026-09-15 05:42:20,On,On,On,On,On,,On,On,On,On,On
2026-09-15 05:42:40,On,On,On,On,On,,On,On,On,On,On
2026-09-15 05:43:00,On,On,On,On,On,,On,On,On,On,On
2026-09-15 05:43:20,On,On,On,On,On,,On,On,On,On,On
2026-09-15 05:43:40,On,,On,On,On,,On,On,On,On,On
2026-09-15 05:44:00,On,,On,On,On,,On,On,On,On,On
2026-09-15 05:44:20,On,,On,On,On,,On,On,On,On,On
2026-09-15 05:44:40,On,,On,On,On,,On,On,On,On,On
2026-09-15 05:45:00,On,,On,On,On,,On,On,On,Off,On
2026-09-15 05:45:20,On,,On,On,On,,On,On,On,Off,On
2026-09-15 05:45:40,On,,On,On,On,,On,On,On,Off,On
2026-09-15 05:46:00,On,,On,On,On,,On,On,On,Off,On
2026-09-15 05:46:20,On,,On,On,On,,On,On,On,Off,
2026-09-15 05:46:40,On,,On,On,On,,On,On,On,Off,On
2026-09-15 05:47:00,On,,On,On,On,,On,On,On,Off,On
2026-09-15 05:47:20,On,,On,On,On,,On,On,On,Off,On
2026-09-15 05:47:40,On,,On,On,On,,On,On,On,Off,On
2026-09-15 05:48:00,On,On,On,On,On,,On,On,,Off,On
2026-09-15 05:48:20,On,On,On,On,On,,On,On,On,Off,On
2026-09-15 05:48:40,On,On,On,On,On,,On,On,On,Off,On
2026-09-15 05:49:00,On,On,On,On,,,On,On,On,Off,
2026-09-15 05:49:20,On,On,On,On,On,,On,On,,Off,On
2026-09-15 05:49:40,On,On,On,On,On,,On,On,,Off,On
2026-09-15 05:50:00,On,On,On,On,On,,On,On,,On,On
2026-09-15 05:50:20,On,On,On,On,On,,On,On,,On,On
2026-09-15 05:50:40,On,On,On,On,On,,On,On,,On,On
2026-09-15 05:51:00,On,On,On,On,On,,On,On,,On,On
2026-09-15 05:51:20,,,,On,,,On,On,,On,Off
2026-09-15 05:51:40,On,,On,On,On,,On,On,,On,
2026-09-15 05:52:00,On,,On,On,On,,On,On,,On,On
2026-09-15 05:52:20,,,,On,,,On,On,,On,On
2026-09-15 05:52:40,On,,On,On,On,,On,On,,On,On
2026-09-15 05:53:00,,,On,On,On,,On,On,,On,On
2026-09-15 05:53:20,On,,On,On,On,,On,On,,On,On
2026-09-15 05:53:40,On,,On,On,On,,On,On,,On,On
2026-09-15 05:54:00,On,,,On,On,,On,On,,On,On
2026-09-15 05:54:20,On,,,On,On,,On,On,,On,On
2026-09-15 05:54:40,On,,,On,On,,On,On,,On,
2026-09-15 05:55:00,On,,,On,On,,On,On,,On,On
2026-09-15 05:55:20,On,,,On,On,,On,On,,,On
2026-09-15 05:55:40,On,,,On,On,,On,On,,,On
2026-09-15 05:56:00,On,,,On,On,,On,On,,,On
2026-09-15 05:56:20,On,,,On,On,,On,On,,,On
2026-09-15 05:56:40,On,,On,On,On,,On,On,,,On
2026-09-15 05:57:00,On,,On,On,On,,On,On,,,On
2026-09-15 05:57:20,On,,On,On,On,,On,On,,,
2026-09-15 05:57:40,On,,On,On,On,On,On,On,,,
2026-09-15 05:58:00,On,,On,On,On,On,On,On,,,
2026-09-15 05:58:20,On,,On,On,On,On,On,On,,,
2026-09-15 05:58:40,On,,On,On,On,On,On,On,,,
2026-09-15 05:59:00,On,,On,On,On,On,On,On,,,
2026-09-15 05:59:20,On,,On,On,On,On,On,On,,,
2026-09-15 05:59:40,On,,On,On,On,On,On,On,,,
2026-09-15 06:00:00,On,,On,On,On,On,On,On,,,
2026-09-15 06:00:20,On,,On,On,On,On,On,On,,,
2026-09-15 06:00:40,On,,On,On,On,On,On,On,,,
2026-09-15 06:01:00,On,,On,On,On,,On,On,,,
2026-09-15 06:01:20,On,,On,On,On,,On,On,,,
2026-09-15 06:01:40,On,,On,On,On,,On,On,,,
2026-09-15 06:02:00,On,,On,On,On,,On,On,,,
2026-09-15 06:02:20,On,,On,On,On,,On,On,,,
2026-09-15 06:02:40,,,On,On,,,On,On,,,
2026-09-15 06:03:00,On,,On,On,On,On,On,On,,,
2026-09-15 06:03:20,,,On,On,On,On,On,On,,,
2026-09-15 06:03:40,On,,On,On,On,On,On,On,On,,
2026-09-15 06:04:00,On,,On,On,On,On,On,On,On,,
2026-09-15 06:04:20,On,,On,On,On,On,On,On,On,,
2026-09-15 06:04:40,On,,On,On,On,On,On,On,On,,
2026-09-15 06:05:00,On,,On,On,On,On,On,On,On,,
2026-09-15 06:05:20,On,On,On,On,On,On,On,On,On,,
2026-09-15 06:05:40,On,On,On,On,On,On,On,On,On,,
2026-09-15 06:06:00,On,On,On,On,On,On,On,On,On,,
2026-09-15 06:06:20,On,On,On,On,On,On,On,On,On,,
2026-09-15 06:06:40,On,On,On,On,On,On,On,On,On,,
2026-09-15 06:07:00,On,On,On,On,On,On,On,On,On,,
2026-09-15 06:07:20,On,On,On,On,On,On,On,On,On,,
2026-09-15 06:07:40,On,On,On,On,On,On,On,On,On,,
2026-09-15 06:08:00,On,On,On,On,On,On,On,On,On,,
2026-09-15 06:08:20,On,On,On,On,On,On,On,On,On,,
2026-09-15 06:08:40,On,,On,On,On,On,On,On,On,,
2026-09-15 06:09:00,On,,On,On,On,On,On,On,On,,
2026-09-15 06:09:20,On,,On,On,On,On,On,On,On,,On
2026-09-15 06:09:40,On,,On,On,On,On,On,On,On,,On
2026-09-15 06:10:00,On,,On,On,On,On,On,On,On,,On
2026-09-15 06:10:20,On,On,On,On,On,On,On,On,On,,On
2026-09-15 06:10:40,On,On,On,On,On,On,On,On,On,,On
2026-09-15 06:11:00,On,,On,On,On,On,On,On,On,,On
2026-09-15 06:11:20,On,,On,On,On,On,On,On,On,On,On
2026-09-15 06:11:40,On,,On,On,On,On,On,On,On,On,On
2026-09-15 06:12:00,On,,On,On,On,On,On,On,On,On,On
2026-09-15 06:12:20,On,,On,On,On,On,On,On,On,On,On
2026-09-15 06:12:40,On,,On,On,On,On,On,On,On,On,On
2026-09-15 06:13:00,On,,On,On,On,On,On,On,On,On,On
2026-09-15 06:13:20,On,,On,On,On,On,On,On,On,On,On
2026-09-15 06:13:40,On,,On,On,On,On,On,On,On,On,On
2026-09-15 06:14:00,On,,On,On,On,On,On,On,On,On,On
2026-09-15 06:14:20,On,,On,On,On,On,On,On,On,On,On
2026-09-15 06:14:40,On,,On,On,On,On,On,On,On,On,On
2026-09-15 06:15:00,On,,On,On,On,On,On,On,On,On,On
2026-09-15 06:15:20,On,On,On,On,On,On,On,On,On,On,On
2026-09-15 06:15:40,On,On,On,On,On,On,On,On,On,On,On
2026-09-15 06:16:00,On,On,On,On,On,On,On,On,On,On,On
2026-09-15 06:16:20,On,On,On,On,On,On,On,On,On,On,On
2026-09-15 06:16:40,On,On,On,On,On,On,On,On,On,On,On
2026-09-15 06:17:00,On,On,On,On,On,On,On,On,On,On,On
2026-09-15 06:17:20,On,,On,On,On,On,On,On,On,On,On
2026-09-15 06:17:40,On,,On,On,On,On,On,On,On,On,On
2026-09-15 06:18:00,On,,On,On,On,On,On,On,On,On,On
2026-09-15 06:18:20,On,,On,On,On,On,On,On,On,On,On
2026-09-15 06:18:40,On,,On,On,On,On,On,On,On,On,On
2026-09-15 06:19:00,On,,On,On,On,On,On,On,On,On,On
2026-09-15 06:19:20,On,,On,On,On,On,On,On,On,On,On
2026-09-15 06:19:40,On,,On,On,On,On,On,On,On,On,On
2026-09-15 06:20:00,On,On,On,On,On,On,On,On,On,On,On
2026-09-15 06:20:20,On,On,On,On,On,On,On,On,On,On,On
2026-09-15 06:20:40,On,On,On,On,On,On,On,On,On,On,On
2026-09-15 06:21:00,On,On,On,On,On,On,On,On,On,On,On
2026-09-15 06:21:20,On,On,On,On,On,On,On,On,On,On,On
2026-09-15 06:21:40,On,On,On,On,On,On,On,On,On,On,On
2026-09-15 06:22:00,On,On,On,On,On,On,On,On,On,On,On
2026-09-15 06:22:20,On,On,,On,On,,On,On,On,On,On
2026-09-15 06:22:40,On,,,On,On,On,On,On,On,On,On
2026-09-15 06:23:00,On,,,On,On,On,On,On,On,On,On
2026-09-15 06:23:20,On,,,On,On,On,On,On,On,On,On
2026-09-15 06:23:40,On,,,On,On,On,On,On,On,On,On
2026-09-15 06:24:00,On,,,On,On,On,On,On,On,On,On
2026-09-15 06:24:20,On,,,On,On,On,On,On,On,On,On
2026-09-15 06:24:40,On,,,On,On,On,On,On,On,On,On
2026-09-15 06:25:00,On,,,On,On,On,On,On,On,On,On
2026-09-15 06:25:20,On,On,,On,On,On,On,On,On,On,On
2026-09-15 06:25:40,On,On,,On,On,On,On,On,On,On,On
2026-09-15 06:26:00,On,On,,On,On,On,On,On,On,On,On
2026-09-15 06:26:20,On,On,,On,On,On,On,On,On,On,On
2026-09-15 06:26:40,On,On,On,On,On,On,On,On,On,On,On
2026-09-15 06:27:00,On,On,,On,On,On,On,On,On,On,On
2026-09-15 06:27:20,On,On,,On,On,On,On,On,On,On,On
2026-09-15 06:27:40,On,On,,On,On,On,On,On,On,On,On
2026-09-15 06:28:00,On,On,,On,On,On,On,On,On,On,On
2026-09-15 06:28:20,On,On,,On,On,On,On,On,On,On,On
2026-09-15 06:28:40,On,On,,On,On,On,On,On,On,On,On
2026-09-15 06:29:00,On,On,,On,On,On,On,On,On,On,On
2026-09-15 06:29:20,On,On,,On,On,On,On,On,On,On,On
2026-09-15 06:29:40,On,On,,On,On,On,On,On,On,On,On
2026-09-15 06:30:00,On,On,,On,On,On,On,On,On,On,On
2026-09-15 06:30:20,On,On,,On,On,On,On,On,On,On,On
2026-09-15 06:30:40,On,On,,On,On,On,On,On,On,On,On
2026-09-15 06:31:00,On,On,,On,On,On,On,On,On,On,On
2026-09-15 06:31:20,On,On,,On,On,On,On,On,On,On,On
2026-09-15 06:31:40,On,On,On,On,On,On,On,On,On,On,On
2026-09-15 06:32:00,On,On,On,On,On,On,On,On,On,On,On
2026-09-15 06:32:20,On,On,On,On,On,On,On,On,On,On,On
2026-09-15 06:32:40,On,On,On,On,On,On,On,On,On,On,On
2026-09-15 06:33:00,On,On,On,On,On,On,On,On,On,On,On
2026-09-15 06:33:20,On,On,On,On,On,On,On,On,On,On,On
2026-09-15 06:33:40,On,On,On,On,On,On,On,On,On,On,On
2026-09-15 06:34:00,On,On,On,On,On,On,On,On,On,On,On
2026-09-15 06:34:20,On,On,On,On,On,On,On,On,On,On,On
2026-09-15 06:34:40,On,On,On,On,On,On,On,On,On,On,On
2026-09-15 06:35:00,On,On,On,On,On,On,On,On,On,On,On
2026-09-15 06:35:20,,On,,On,,On,On,On,,On,
2026-09-15 06:35:40,On,On,On,On,On,On,On,On,On,On,On
2026-09-15 06:36:00,On,On,On,On,On,On,On,On,On,On,On
2026-09-15 06:36:20,On,On,On,On,On,On,On,On,On,On,On
2026-09-15 06:36:40,On,On,On,On,On,On,On,On,On,On,On
2026-09-15 06:37:00,On,On,On,On,On,On,On,On,On,On,On
2026-09-15 06:37:20,On,On,On,On,On,On,On,On,On,On,On
2026-09-15 06:37:40,On,On,On,On,On,On,On,On,On,On,On
2026-09-15 06:38:00,On,,On,On,On,On,On,On,On,On,On
2026-09-15 06:38:20,On,,On,On,On,,On,On,On,On,On
2026-09-15 06:38:40,On,,On,On,On,,On,On,On,On,On
2026-09-15 06:39:00,On,,On,On,On,,On,On,On,On,On
2026-09-15 06:39:20,On,,On,On,On,,On,On,On,On,On
2026-09-15 06:39:40,On,,On,On,On,,On,On,On,On,On
2026-09-15 06:40:00,On,,On,On,On,,On,On,On,On,On
2026-09-15 06:40:20,On,On,On,On,On,,On,On,On,On,On
2026-09-15 06:40:40,On,On,On,On,On,,On,On,On,On,On
2026-09-15 06:41:00,On,On,On,On,On,,On,On,On,On,On
2026-09-15 06:41:20,On,On,On,On,On,,On,On,On,On,On
2026-09-15 06:41:40,On,On,On,On,On,,On,On,On,On,On
2026-09-15 06:42:00,On,On,On,On,On,,On,On,On,On,On
2026-09-15 06:42:20,On,On,On,On,On,,On,On,On,On,On
2026-09-15 06:42:40,On,On,On,On,On,On,On,On,On,On,On
2026-09-15 06:43:00,On,On,On,On,On,On,On,On,On,On,On
2026-09-15 06:43:20,On,On,On,On,On,On,On,On,On,On,On
2026-09-15 06:43:40,On,On,On,On,On,On,On,On,On,On,On
2026-09-15 06:44:00,On,On,On,On,On,On,On,On,On,On,On
2026-09-15 06:44:20,On,,On,On,On,On,On,On,On,On,On
2026-09-15 06:44:40,On,,On,On,On,On,On,On,On,On,On
2026-09-15 06:45:00,On,,On,On,On,On,On,On,On,On,On
2026-09-15 06:45:20,On,On,On,On,On,On,On,On,On,On,On
2026-09-15 06:45:40,On,On,On,On,On,On,On,On,On,On,On
2026-09-15 06:46:00,On,On,On,On,On,On,On,On,On,On,On
2026-09-15 06:46:20,On,On,,On,On,On,On,On,On,On,On
2026-09-15 06:46:40,On,On,On,On,On,On,On,On,On,On,On
2026-09-15 06:47:00,On,On,On,On,On,On,On,On,On,On,On
2026-09-15 06:47:20,On,On,On,On,On,On,On,On,On,On,On
2026-09-15 06:47:40,On,On,On,On,On,On,On,On,On,On,On
2026-09-15 06:48:00,On,On,On,On,On,On,On,On,On,On,On
2026-09-15 06:48:20,On,On,On,On,On,On,On,On,On,On,On
2026-09-15 06:48:40,On,On,On,On,On,On,On,On,On,On,On
2026-09-15 06:49:00,On,On,On,On,On,On,On,On,On,On,On
2026-09-15 06:49:20,On,On,On,On,On,On,On,On,On,On,On
2026-09-15 06:49:40,On,On,On,On,On,On,On,On,On,On,On
2026-09-15 06:50:00,On,On,On,On,On,On,On,On,On,On,On
2026-09-15 06:50:20,On,On,On,On,On,On,On,On,On,On,On
2026-09-15 06:50:40,On,On,On,On,On,On,On,On,On,On,On
2026-09-15 06:51:00,On,On,,On,On,On,On,On,On,On,On
2026-09-15 06:51:20,On,On,,On,On,On,On,On,On,On,On
2026-09-15 06:51:40,On,On,On,On,On,On,On,On,On,On,On
2026-09-15 06:52:00,On,On,On,On,On,On,On,On,On,On,On
2026-09-15 06:52:20,On,On,On,On,On,On,On,On,On,On,On
2026-09-15 06:52:40,On,On,On,On,On,On,On,On,On,On,On
2026-09-15 06:53:00,On,On,On,On,On,On,On,On,On,On,On
2026-09-15 06:53:20,On,On,On,On,On,,On,On,On,On,On
2026-09-15 06:53:40,On,On,On,On,On,,On,On,On,On,On
2026-09-15 06:54:00,On,On,On,On,On,,On,On,On,On,On
2026-09-15 06:54:20,On,On,On,On,On,,On,On,On,On,On
2026-09-15 06:54:40,On,On,On,On,On,,On,On,On,On,On
2026-09-15 06:55:00,On,On,On,On,On,,On,On,On,On,On
2026-09-15 06:55:20,On,On,On,On,On,,On,On,On,On,On
2026-09-15 06:55:40,On,On,On,On,On,,On,On,On,On,On
2026-09-15 06:56:00,On,On,On,On,On,,On,On,On,On,On
2026-09-15 06:56:20,On,On,On,On,On,,On,On,On,On,On
2026-09-15 06:56:40,On,On,On,On,On,,On,On,On,On,On
2026-09-15 06:57:00,On,On,On,On,On,,On,On,On,On,On
2026-09-15 06:57:20,On,On,On,On,On,,On,On,On,On,On
2026-09-15 06:57:40,On,On,On,On,On,On,On,On,On,On,On
2026-09-15 06:58:00,On,On,On,On,On,On,On,On,On,On,On
2026-09-15 06:58:20,On,On,On,On,On,On,On,On,On,On,On
2026-09-15 06:58:40,On,On,On,On,On,On,On,On,On,On,On
2026-09-15 06:59:00,On,,On,On,On,On,On,On,On,On,On
2026-09-15 06:59:20,On,,On,On,On,On,On,On,On,On,On
2026-09-15 06:59:40,On,,On,On,On,On,On,On,On,On,On
2026-09-15 07:00:00,On,,On,On,On,On,On,On,On,On,On
2026-09-15 07:00:20,On,On,On,On,On,On,On,On,On,On,On
2026-09-15 07:00:40,On,On,On,On,On,On,On,On,On,On,On
2026-09-15 07:01:00,On,On,On,On,On,On,On,On,On,On,On
2026-09-15 07:01:20,On,On,On,On,On,On,On,On,On,On,On
2026-09-15 07:01:40,On,On,On,On,On,On,On,On,On,On,On
2026-09-15 07:02:00,On,On,On,On,On,On,On,On,On,On,On
2026-09-15 07:02:20,On,On,On,On,On,On,On,On,On,On,On
2026-09-15 07:02:40,On,On,On,On,On,On,On,On,On,On,On
2026-09-15 07:03:00,On,On,On,On,On,On,On,On,On,On,On
2026-09-15 07:03:20,On,On,On,On,On,On,On,On,On,On,On
2026-09-15 07:03:40,On,On,On,On,On,On,On,On,On,On,On
2026-09-15 07:04:00,On,On,On,On,On,On,On,On,On,On,On
2026-09-15 07:04:20,On,On,On,On,On,On,On,On,On,On,On
2026-09-15 07:04:40,On,On,On,On,On,On,On,On,On,On,On
2026-09-15 07:05:00,On,On,On,On,On,On,On,On,On,On,On
2026-09-15 07:05:20,On,On,On,On,On,On,On,On,On,On,On
2026-09-15 07:05:40,On,On,On,On,On,On,On,On,On,On,On
2026-09-15 07:06:00,On,On,On,On,On,On,On,On,On,On,On
2026-09-15 07:06:20,On,On,On,On,On,On,On,On,On,On,On
2026-09-15 07:06:40,On,On,On,On,On,On,On,On,On,On,On
2026-09-15 07:07:00,On,On,On,On,On,On,On,On,On,On,On
2026-09-15 07:07:20,On,On,,On,On,On,On,On,On,On,On
2026-09-15 07:07:40,On,On,,On,On,On,On,On,On,On,On
2026-09-15 07:08:00,On,On,,On,On,On,On,On,On,On,On
2026-09-15 07:08:20,On,On,,On,On,On,On,On,On,On,On
2026-09-15 07:08:40,On,,,On,On,On,On,On,On,On,On
2026-09-15 07:09:00,On,,,On,On,On,On,On,On,On,On
2026-09-15 07:09:20,On,,,On,On,On,On,On,On,On,On
2026-09-15 07:09:40,On,,,On,On,On,On,On,On,On,On
2026-09-15 07:10:00,On,,,On,On,On,On,On,On,On,On
2026-09-15 07:10:20,On,On,,On,On,,On,On,On,On,On
2026-09-15 07:10:40,On,On,,On,On,,On,On,On,On,On
2026-09-15 07:11:00,On,On,,On,On,,On,On,On,On,On
2026-09-15 07:11:20,On,On,,On,On,,On,On,On,On,On
2026-09-15 07:11:40,On,On,On,On,On,,On,On,On,On,On
2026-09-15 07:12:00,,On,,On,,,On,On,,On,
2026-09-15 07:12:20,On,On,On,On,On,,On,On,On,On,On
2026-09-15 07:12:40,,On,On,On,On,On,On,On,On,On,On
2026-09-15 07:13:00,On,On,On,On,On,On,On,On,On,On,On
2026-09-15 07:13:20,On,,On,On,On,On,On,On,On,On,On
2026-09-15 07:13:40,On,,On,On,On,On,On,On,On,On,On
2026-09-15 07:14:00,On,,On,On,On,On,On,On,On,On,On
2026-09-15 07:14:20,On,,On,On,On,On,On,On,On,On,On
2026-09-15 07:14:40,On,,On,On,On,On,On,On,On,On,On
2026-09-15 07:15:00,On,,On,On,On,On,On,On,On,On,On
2026-09-15 07:15:20,On,On,On,On,On,On,On,On,On,On,On
2026-09-15 07:15:40,On,On,On,On,On,On,On,On,On,On,On
2026-09-15 07:16:00,On,On,On,On,On,On,On,On,On,On,On
2026-09-15 07:16:20,On,On,On,On,On,On,On,On,On,On,On
2026-09-15 07:16:40,On,On,On,On,On,On,On,On,On,On,On
2026-09-15 07:17:00,On,On,On,On,On,,On,On,On,On,On
2026-09-15 07:17:20,On,On,On,On,On,,On,On,On,On,On
2026-09-15 07:17:40,On,On,On,On,On,On,On,On,On,On,On
2026-09-15 07:18:00,On,On,On,On,On,On,On,On,On,On,On
2026-09-15 07:18:20,On,On,On,On,On,On,On,On,On,On,On
2026-09-15 07:18:40,On,On,On,On,On,On,On,On,On,On,On
2026-09-15 07:19:00,On,On,On,On,On,,On,On,On,On,On
2026-09-15 07:19:20,On,On,On,On,On,,On,On,On,On,On
2026-09-15 07:19:40,On,On,On,On,On,,On,On,On,On,On
2026-09-15 07:20:00,On,On,On,On,On,,On,On,On,On,On
2026-09-15 07:20:20,On,On,On,On,On,,On,On,On,On,On
2026-09-15 07:20:40,On,On,,On,On,,On,On,On,On,On
2026-09-15 07:21:00,On,On,,On,On,,On,On,On,On,On
2026-09-15 07:21:20,On,On,,On,On,,On,On,On,On,On
2026-09-15 07:21:40,On,On,,On,On,,On,On,On,On,On
2026-09-15 07:22:00,On,On,,On,On,,On,On,On,On,On
2026-09-15 07:22:20,On,On,,On,On,,On,On,On,On,On
2026-09-15 07:22:40,On,On,,On,On,On,On,On,On,On,On
2026-09-15 07:23:00,On,On,,On,On,On,On,On,On,On,On
2026-09-15 07:23:20,On,On,,On,On,On,On,On,On,On,On
2026-09-15 07:23:40,On,On,,On,On,On,On,On,On,On,On
2026-09-15 07:24:00,On,On,,On,On,On,On,On,On,On,On
2026-09-15 07:24:20,On,On,,On,On,On,On,On,On,On,On
2026-09-15 07:24:40,On,On,,On,On,On,On,On,On,On,On
2026-09-15 07:25:00,On,On,,On,On,On,On,On,On,On,On
2026-09-15 07:25:20,On,On,,On,On,On,On,On,On,On,On
2026-09-15 07:25:40,On,On,,On,On,On,On,On,On,On,On
2026-09-15 07:26:00,On,On,,On,On,On,On,On,On,On,On
2026-09-15 07:26:20,On,On,,On,On,On,On,On,On,On,On
2026-09-15 07:26:40,On,On,On,On,On,On,On,On,On,On,On
2026-09-15 07:27:00,On,,On,On,On,On,On,On,On,On,On
2026-09-15 07:27:20,On,,On,On,On,On,On,On,On,On,On
2026-09-15 07:27:40,On,,On,On,On,On,On,On,On,On,On
2026-09-15 07:28:00,On,,On,On,On,On,On,On,On,On,On
2026-09-15 07:28:20,On,,On,On,On,On,On,On,On,On,On
2026-09-15 07:28:40,On,,On,On,On,On,On,On,On,On,On
2026-09-15 07:29:00,On,,On,On,On,On,On,On,On,On,On
2026-09-15 07:29:20,On,,On,On,On,On,On,On,On,On,On
2026-09-15 07:29:40,On,,On,On,On,On,On,On,On,On,On
2026-09-15 07:30:00,On,,On,On,On,On,On,On,On,On,On
2026-09-15 07:30:20,On,On,On,On,On,On,On,On,On,On,On
2026-09-15 07:30:40,On,On,On,On,On,On,On,On,On,On,On
2026-09-15 07:31:00,On,On,On,On,On,On,On,On,On,On,On
2026-09-15 07:31:20,On,On,On,On,On,On,On,On,On,On,On
2026-09-15 07:31:40,On,On,On,On,On,On,On,On,On,On,On
2026-09-15 07:32:00,On,On,On,On,On,On,On,On,On,On,On
2026-09-15 07:32:20,On,On,On,On,On,On,On,On,On,On,On
2026-09-15 07:32:40,On,On,On,On,On,On,On,On,On,On,On
2026-09-15 07:33:00,On,,On,On,On,On,On,On,On,On,On
2026-09-15 07:33:20,On,,On,On,On,On,On,On,On,On,On
2026-09-15 07:33:40,On,,On,On,On,On,On,On,On,On,On
2026-09-15 07:34:00,On,,On,On,On,On,On,On,On,On,On
2026-09-15 07:34:20,On,,On,On,On,On,On,On,On,On,On
2026-09-15 07:34:40,On,,On,On,On,On,On,On,On,On,On
2026-09-15 07:35:00,On,,On,On,On,,On,On,On,On,On
2026-09-15 07:35:20,On,On,On,On,On,,On,On,On,On,On
2026-09-15 07:35:40,On,On,On,On,On,,On,On,On,On,On
2026-09-15 07:36:00,On,On,On,On,On,,On,On,On,On,On
2026-09-15 07:36:20,On,On,On,On,On,,On,On,On,On,On
2026-09-15 07:36:40,On,On,On,On,On,,On,On,On,On,On
2026-09-15 07:37:00,On,,On,On,On,,On,On,On,On,On
2026-09-15 07:37:20,On,,On,On,On,,On,On,On,On,On
2026-09-15 07:37:40,On,,On,On,On,On,On,On,On,On,On
2026-09-15 07:38:00,On,,On,On,On,On,On,On,On,On,On
2026-09-15 07:38:20,On,,On,On,On,On,On,On,On,On,On
2026-09-15 07:38:40,On,,On,On,On,On,On,On,On,On,On
2026-09-15 07:39:00,On,,On,On,On,On,On,On,On,On,On
2026-09-15 07:39:20,On,,,On,On,On,On,On,On,On,On
2026-09-15 07:39:40,On,,,On,On,On,On,On,On,On,On
2026-09-15 07:40:00,On,,,On,On,On,On,On,On,On,On
2026-09-15 07:40:20,On,On,,On,On,On,On,On,On,On,On
2026-09-15 07:40:40,On,On,,On,On,On,On,On,On,On,On
2026-09-15 07:41:00,On,On,,On,On,On,On,On,On,On,On
2026-09-15 07:41:20,On,On,,On,On,On,On,On,On,On,On
2026-09-15 07:41:40,On,On,On,On,On,On,On,On,On,On,On
2026-09-15 07:42:00,On,On,On,On,On,On,On,On,On,On,On
2026-09-15 07:42:20,On,On,,On,On,On,On,On,On,On,On
2026-09-15 07:42:40,On,On,,On,On,On,On,On,On,On,On
2026-09-15 07:43:00,On,On,,On,On,On,On,On,On,On,On
2026-09-15 07:43:20,On,On,,On,On,On,On,On,On,On,On
2026-09-15 07:43:40,,On,,On,,On,On,On,,On,
2026-09-15 07:44:00,On,On,,On,On,On,On,On,On,On,On
2026-09-15 07:44:20,On,On,,On,On,On,On,On,On,On,On
2026-09-15 07:44:40,On,On,,On,On,On,On,On,On,On,On
2026-09-15 07:45:00,On,On,,On,On,On,On,On,On,On,On
2026-09-15 07:45:20,On,On,,On,On,On,On,On,On,On,On
2026-09-15 07:45:40,On,On,,On,On,On,On,On,On,On,On
2026-09-15 07:46:00,On,On,,On,On,On,On,On,On,On,On
2026-09-15 07:46:20,On,On,,On,On,On,On,On,On,On,On
2026-09-15 07:46:40,On,On,On,On,On,On,On,On,On,On,On
2026-09-15 07:47:00,On,On,On,On,On,On,On,On,On,On,On
2026-09-15 07:47:20,On,On,On,On,On,On,On,On,On,On,On
2026-09-15 07:47:40,On,,On,On,On,On,On,On,On,On,On
2026-09-15 07:48:00,On,,On,On,On,On,On,On,On,On,On
2026-09-15 07:48:20,On,,On,On,On,On,On,On,On,On,On
2026-09-15 07:48:40,On,,On,On,On,On,On,On,On,On,On
2026-09-15 07:49:00,On,,On,On,On,On,On,On,On,On,On
2026-09-15 07:49:20,On,,On,On,On,On,On,On,On,On,On
2026-09-15 07:49:40,On,,On,On,On,On,On,On,On,On,On
2026-09-15 07:50:00,On,,,On,On,,On,On,On,On,On
2026-09-15 07:50:20,On,On,,On,On,,On,On,On,On,On
2026-09-15 07:50:40,On,On,,On,On,,On,On,On,On,On
2026-09-15 07:51:00,On,On,,On,On,,On,On,On,On,On
2026-09-15 07:51:20,On,On,,On,On,,On,On,On,On,On
2026-09-15 07:51:40,On,,On,On,On,,On,On,On,On,On
2026-09-15 07:52:00,On,,On,On,On,,On,On,On,On,On
2026-09-15 07:52:20,On,,,On,On,,On,On,On,On,On
2026-09-15 07:52:40,On,,,On,On,On,On,On,On,On,On
2026-09-15 07:53:00,On,,,On,On,On,On,On,On,On,On
2026-09-15 07:53:20,On,,,On,On,On,On,On,On,On,On
2026-09-15 07:53:40,On,,,On,On,On,On,On,On,On,On
2026-09-15 07:54:00,On,,,On,On,On,On,On,On,On,On
2026-09-15 07:54:20,On,,,On,On,On,On,On,On,On,On
2026-09-15 07:54:40,On,,,On,On,On,On,On,On,On,On
2026-09-15 07:55:00,On,,,On,On,On,On,On,On,On,On
2026-09-15 07:55:20,On,On,,On,On,On,On,On,On,On,On
2026-09-15 07:55:40,On,On,,On,On,On,On,On,On,On,On
2026-09-15 07:56:00,On,On,,On,On,On,On,On,On,On,On
2026-09-15 07:56:20,On,On,,On,On,On,On,On,On,On,On
2026-09-15 07:56:40,On,On,On,On,On,On,On,On,On,On,On
2026-09-15 07:57:00,On,On,On,On,On,On,On,On,On,On,On
2026-09-15 07:57:20,On,On,On,On,On,On,On,On,On,On,On
2026-09-15 07:57:40,On,On,On,On,On,On,On,On,On,On,On
2026-09-15 07:58:00,On,On,On,On,On,On,On,On,On,On,On
2026-09-15 07:58:20,On,On,On,On,On,On,On,On,On,On,On
2026-09-15 07:58:40,On,On,,On,On,On,On,On,On,On,On
2026-09-15 07:59:00,On,On,,On,On,On,On,On,On,On,On
2026-09-15 07:59:20,On,On,,On,On,On,On,On,On,On,On
2026-09-15 07:59:40,On,On,,On,On,On,On,On,On,On,On
2026-09-15 08:00:00,On,On,,On,On,On,On,On,On,On,On
2026-09-15 08:00:20,On,On,,On,On,On,On,On,On,On,On
2026-09-15 08:00:40,On,On,,On,On,On,On,On,On,On,On
2026-09-15 08:01:00,On,On,,On,On,On,On,On,On,On,On
2026-09-15 08:01:20,On,On,,On,On,On,On,On,On,On,On
2026-09-15 08:01:40,On,On,,On,On,On,On,On,On,On,On
2026-09-15 08:02:00,On,On,On,On,On,On,On,On,On,On,On
2026-09-15 08:02:20,On,On,On,On,On,On,On,On,On,On,On
2026-09-15 08:02:40,On,On,On,On,On,On,On,On,On,On,On
2026-09-15 08:03:00,On,On,On,On,On,On,On,On,On,On,On
2026-09-15 08:03:20,On,On,On,On,On,On,On,On,On,On,On
2026-09-15 08:03:40,On,On,On,On,On,On,On,On,On,On,On
2026-09-15 08:04:00,On,On,On,On,On,On,On,On,,On,On
2026-09-15 08:04:20,On,On,On,On,On,On,On,On,,On,On
2026-09-15 08:04:40,On,On,On,On,On,On,On,On,,On,On
2026-09-15 08:05:00,On,On,On,On,On,On,On,On,,On,On
2026-09-15 08:05:20,On,On,On,On,On,On,On,On,,On,On
2026-09-15 08:05:40,On,On,On,On,On,On,On,On,,On,On
2026-09-15 08:06:00,On,On,On,On,On,On,On,On,,On,On
2026-09-15 08:06:20,On,On,On,On,On,On,On,On,,On,On
2026-09-15 08:06:40,On,On,On,On,On,On,On,On,,On,On
2026-09-15 08:07:00,On,On,On,On,On,On,On,On,,On,On
2026-09-15 08:07:20,On,On,On,On,On,On,On,On,,On,On
2026-09-15 08:07:40,On,,On,On,On,On,On,On,,On,On
2026-09-15 08:08:00,On,,On,On,On,On,On,On,,On,On
2026-09-15 08:08:20,On,,On,On,On,On,On,On,,On,On
2026-09-15 08:08:40,On,,On,On,On,On,On,On,,On,On
2026-09-15 08:09:00,On,,On,On,On,On,On,On,On,On,On
2026-09-15 08:09:20,On,,On,On,On,On,On,On,On,On,On
2026-09-15 08:09:40,On,,On,On,On,On,On,On,On,On,On
2026-09-15 08:10:00,On,,On,On,On,On,On,On,On,On,On
2026-09-15 08:10:20,On,On,On,On,On,On,On,On,On,On,On
2026-09-15 08:10:40,On,On,On,On,On,On,On,On,On,On,On
2026-09-15 08:11:00,On,On,On,On,On,On,On,On,On,On,On
2026-09-15 08:11:20,On,,On,On,On,On,On,On,On,On,On
2026-09-15 08:11:40,On,,On,On,On,,On,On,On,On,On
2026-09-15 08:12:00,On,,On,On,On,,On,On,On,On,On
2026-09-15 08:12:20,On,,On,On,On,,On,On,On,On,On
2026-09-15 08:12:40,On,,On,On,On,On,On,On,On,On,On
2026-09-15 08:13:00,On,,On,On,On,On,On,On,On,On,On
2026-09-15 08:13:20,On,,On,On,On,On,On,On,On,On,On
2026-09-15 08:13:40,On,,On,On,On,On,On,On,On,On,On
2026-09-15 08:14:00,On,,On,On,On,On,On,On,On,On,On
2026-09-15 08:14:20,On,,On,On,On,On,On,On,On,On,On
2026-09-15 08:14:40,On,,On,On,On,On,On,On,On,On,On
2026-09-15 08:15:00,On,,On,On,On,On,On,On,On,On,On
2026-09-15 08:15:20,On,On,On,On,On,On,On,On,On,On,On
2026-09-15 08:15:40,On,,On,On,On,On,On,On,On,On,On
2026-09-15 08:16:00,On,,On,On,On,,On,On,On,On,On
2026-09-15 08:16:20,On,,On,On,On,,On,On,On,On,On
2026-09-15 08:16:40,On,,On,On,On,,On,On,On,,On
2026-09-15 08:17:00,On,,On,On,On,,On,On,On,,On
2026-09-15 08:17:20,On,,On,On,On,,On,On,On,,On
2026-09-15 08:17:40,On,,On,On,On,On,On,On,On,,On
2026-09-15 08:18:00,On,,On,On,On,On,On,On,On,,On
2026-09-15 08:18:20,On,,On,On,On,On,On,On,On,,On
2026-09-15 08:18:40,On,,On,On,On,On,On,On,On,,On
2026-09-15 08:19:00,On,,On,On,On,On,On,On,On,,On
2026-09-15 08:19:20,On,,On,On,On,On,On,On,On,,On
2026-09-15 08:19:40,On,,On,On,On,On,On,On,On,,On
2026-09-15 08:20:00,On,,On,On,On,On,On,On,On,,On
2026-09-15 08:20:20,On,On,On,On,On,On,On,On,On,,On
2026-09-15 08:20:40,On,On,On,On,On,On,On,On,On,,On
2026-09-15 08:21:00,On,On,On,On,On,On,On,On,On,,On
2026-09-15 08:21:20,On,On,On,On,On,On,On,On,On,On,On
2026-09-15 08:21:40,,On,,On,,,On,On,,On,
2026-09-15 08:22:00,On,On,On,On,On,,On,On,On,On,On
2026-09-15 08:22:20,On,On,On,On,On,,On,On,On,On,On
2026-09-15 08:22:40,On,On,On,On,On,On,On,On,On,On,On
2026-09-15 08:23:00,On,On,On,On,On,On,On,On,On,On,On
2026-09-15 08:23:20,On,,On,On,On,On,On,On,On,On,On
2026-09-15 08:23:40,On,,On,On,On,On,On,On,On,On,On
2026-09-15 08:24:00,On,,On,On,On,On,On,On,On,On,On
2026-09-15 08:24:20,On,,On,On,On,On,On,On,On,On,On
2026-09-15 08:24:40,,,,On,,On,On,On,,On,
2026-09-15 08:25:00,On,,On,On,On,,On,On,On,On,On
2026-09-15 08:25:20,,On,On,On,On,On,On,On,On,On,On
2026-09-15 08:25:40,On,On,On,On,On,On,On,On,On,On,On
2026-09-15 08:26:00,On,On,On,On,On,On,On,On,On,On,On
2026-09-15 08:26:20,On,On,On,On,On,On,On,On,On,On,On
2026-09-15 08:26:40,On,On,On,On,On,On,On,On,On,On,On
2026-09-15 08:27:00,On,On,On,On,On,On,On,On,On,On,On
2026-09-15 08:27:20,On,On,On,On,On,On,On,On,On,On,On
2026-09-15 08:27:40,On,On,On,On,On,On,On,On,On,On,On
2026-09-15 08:28:00,On,On,On,On,On,,On,On,On,On,On
2026-09-15 08:28:20,On,On,On,On,On,,On,On,On,On,On
2026-09-15 08:28:40,On,On,On,On,On,,On,On,On,On,On
2026-09-15 08:29:00,On,On,On,On,On,,On,On,On,On,On
2026-09-15 08:29:20,On,On,On,On,On,,On,On,On,On,On
2026-09-15 08:29:40,On,On,On,On,On,,On,On,On,On,On
2026-09-15 08:30:00,On,On,On,On,On,,On,On,On,On,On
2026-09-15 08:30:20,On,On,On,On,On,,On,On,On,On,On
2026-09-15 08:30:40,On,On,On,On,On,,On,On,On,On,On
2026-09-15 08:31:00,On,On,On,On,On,,On,On,On,On,On
2026-09-15 08:31:20,On,,On,On,On,,On,On,On,On,On
2026-09-15 08:31:40,On,,On,On,On,,On,On,On,On,On
2026-09-15 08:32:00,On,,On,On,On,,On,On,On,On,On
2026-09-15 08:32:20,On,,On,On,On,,On,On,On,On,On
2026-09-15 08:32:40,On,,On,On,On,On,On,On,On,On,On
2026-09-15 08:33:00,On,,On,On,On,On,On,On,On,On,On
2026-09-15 08:33:20,On,,On,On,On,On,On,On,On,On,On
2026-09-15 08:33:40,On,,On,On,On,On,On,On,On,On,On
2026-09-15 08:34:00,On,,,On,On,On,On,On,On,On,On
2026-09-15 08:34:20,On,,,On,On,On,On,On,On,On,On
2026-09-15 08:34:40,On,,,On,On,On,On,On,On,On,On
2026-09-15 08:35:00,On,,,On,On,On,On,On,On,On,On
2026-09-15 08:35:20,On,On,,On,On,On,On,On,On,On,On
2026-09-15 08:35:40,On,On,,On,On,On,On,On,On,On,On
2026-09-15 08:36:00,On,On,,On,On,On,On,On,On,On,On
2026-09-15 08:36:20,On,On,,On,On,On,On,On,On,On,On
2026-09-15 08:36:40,On,On,,On,On,On,On,On,On,On,On
2026-09-15 08:37:00,On,On,On,On,On,On,On,On,On,On,On
2026-09-15 08:37:20,On,On,On,On,On,On,On,On,On,On,On
2026-09-15 08:37:40,On,,On,On,On,On,On,On,On,On,On
2026-09-15 08:38:00,On,,On,,On,On,On,On,On,On,On
2026-09-15 08:38:20,On,,On,,On,On,On,On,On,On,On
2026-09-15 08:38:40,On,,On,,On,On,On,On,On,On,On
2026-09-15 08:39:00,On,,On,,On,On,On,On,On,On,On
2026-09-15 08:39:20,On,,On,,On,On,On,On,On,On,On
2026-09-15 08:39:40,On,,On,,On,On,On,On,On,On,On
2026-09-15 08:40:00,On,,On,,On,On,On,On,On,On,On
2026-09-15 08:40:20,On,On,On,,On,On,On,On,On,On,On
2026-09-15 08:40:40,On,On,On,,On,On,On,On,On,On,On
2026-09-15 08:41:00,On,,On,,On,On,On,On,On,On,On
2026-09-15 08:41:20,On,,On,,On,On,On,On,On,On,On
2026-09-15 08:41:40,On,,On,,On,On,On,On,On,On,On
2026-09-15 08:42:00,On,,On,,On,On,On,On,On,On,On
2026-09-15 08:42:20,On,,On,,On,On,On,On,On,On,On
2026-09-15 08:42:40,On,,On,On,On,On,On,On,On,On,On
2026-09-15 08:43:00,On,,On,On,On,,On,On,On,On,On
2026-09-15 08:43:20,On,,On,On,On,,On,On,On,On,On
2026-09-15 08:43:40,On,,On,On,On,,On,On,On,On,On
2026-09-15 08:44:00,On,,On,On,On,,On,On,On,On,On
2026-09-15 08:44:20,On,,On,On,On,,On,On,On,On,On
2026-09-15 08:44:40,On,,On,On,On,,On,On,On,On,On
2026-09-15 08:45:00,On,,On,On,On,,On,On,On,On,On
2026-09-15 08:45:20,On,On,On,On,On,,On,On,On,On,On
2026-09-15 08:45:40,On,On,On,On,On,,On,On,On,On,On
2026-09-15 08:46:00,On,On,On,On,On,,On,On,On,On,On
2026-09-15 08:46:20,On,On,On,On,On,,On,On,On,On,On
2026-09-15 08:46:40,On,On,On,On,On,,On,On,On,On,On
2026-09-15 08:47:00,On,On,On,On,On,,On,On,On,On,On
2026-09-15 08:47:20,On,On,On,On,On,,On,On,On,On,On
2026-09-15 08:47:40,On,On,On,On,On,On,On,On,On,On,On
2026-09-15 08:48:00,On,On,On,On,On,On,On,On,On,On,On
2026-09-15 08:48:20,On,On,,On,On,On,On,On,On,On,On
2026-09-15 08:48:40,On,On,,On,On,On,On,On,On,On,On
2026-09-15 08:49:00,On,,,On,On,On,On,On,On,On,On
2026-09-15 08:49:20,On,,,On,On,On,On,On,On,On,On
2026-09-15 08:49:40,On,,,On,On,On,On,On,On,On,On
2026-09-15 08:50:00,On,,,On,On,On,On,On,On,On,On
2026-09-15 08:50:20,On,On,,On,On,On,On,On,On,On,On
2026-09-15 08:50:40,On,On,,On,On,On,On,On,On,On,On
2026-09-15 08:51:00,On,On,,On,On,On,On,On,On,On,On
2026-09-15 08:51:20,On,On,,On,On,On,On,On,On,On,On
2026-09-15 08:51:40,On,On,,On,On,On,On,On,On,On,On
2026-09-15 08:52:00,On,On,On,On,On,On,On,On,On,On,On
2026-09-15 08:52:20,On,,On,On,On,On,On,On,On,On,On
2026-09-15 08:52:40,On,,On,On,On,On,On,On,On,On,On
2026-09-15 08:53:00,On,,On,On,On,On,On,On,On,On,On
2026-09-15 08:53:20,On,,On,On,On,On,On,On,On,On,On
2026-09-15 08:53:40,On,,On,On,On,On,On,On,On,On,On
2026-09-15 08:54:00,On,,On,On,On,On,On,On,On,On,On
2026-09-15 08:54:20,On,,On,On,On,On,On,On,On,On,On
2026-09-15 08:54:40,On,,On,On,On,On,On,On,On,On,On
2026-09-15 08:55:00,On,,On,On,On,On,On,On,On,On,On
2026-09-15 08:55:20,On,On,On,On,On,On,On,On,On,On,On
2026-09-15 08:55:40,On,On,On,On,On,On,On,On,On,On,On
2026-09-15 08:56:00,On,On,,On,On,On,On,On,On,On,On
2026-09-15 08:56:20,On,On,,On,On,On,On,On,On,On,On
2026-09-15 08:56:40,On,On,,On,On,On,On,On,On,On,On
2026-09-15 08:57:00,On,,On,On,On,On,On,On,On,On,On
2026-09-15 08:57:20,On,,On,On,On,On,On,On,On,On,On
2026-09-15 08:57:40,On,,On,On,On,On,On,On,On,On,On
2026-09-15 08:58:00,On,,On,On,On,On,On,On,On,On,On
2026-09-15 08:58:20,On,,On,On,On,On,On,On,On,On,On
2026-09-15 08:58:40,On,,On,On,On,On,On,On,On,On,On
2026-09-15 08:59:00,On,,On,On,On,On,On,On,On,On,On
2026-09-15 08:59:20,On,,On,On,On,On,On,On,On,On,On
2026-09-15 08:59:40,On,,On,On,On,On,On,On,On,On,On
2026-09-15 09:00:00,On,,On,On,On,On,On,On,On,On,On
2026-09-15 09:00:20,On,On,On,On,On,On,On,On,On,On,On
2026-09-15 09:00:40,On,On,On,On,On,On,On,On,On,On,On
2026-09-15 09:01:00,On,On,On,On,On,On,On,On,On,On,On
2026-09-15 09:01:20,On,On,On,On,On,On,On,On,On,On,On
2026-09-15 09:01:40,On,,On,On,On,On,On,On,On,On,On
2026-09-15 09:02:00,On,,On,On,On,On,On,On,On,On,On
2026-09-15 09:02:20,On,,On,On,On,On,On,On,On,On,On
2026-09-15 09:02:40,On,,On,On,On,On,On,On,On,On,On
2026-09-15 09:03:00,On,,On,On,On,On,On,On,On,On,On
2026-09-15 09:03:20,On,,On,On,On,On,On,On,On,On,On
2026-09-15 09:03:40,On,,On,On,On,On,On,On,On,On,On
2026-09-15 09:04:00,On,,On,On,On,On,On,On,On,On,On
2026-09-15 09:04:20,On,,On,On,On,,On,On,On,On,On
2026-09-15 09:04:40,On,,On,On,On,,On,On,On,On,On
2026-09-15 09:05:00,On,,On,On,On,,On,On,On,On,On
2026-09-15 09:05:20,On,On,On,On,On,,On,On,On,On,On
2026-09-15 09:05:40,On,On,On,On,On,,On,On,On,On,On
2026-09-15 09:06:00,On,,On,On,On,,On,On,On,On,On
2026-09-15 09:06:20,On,,,On,On,,On,On,On,On,On
2026-09-15 09:06:40,On,,,On,On,,On,On,On,On,On
2026-09-15 09:07:00,On,,On,On,On,,On,On,On,On,On
2026-09-15 09:07:20,On,,On,On,On,,On,On,On,On,On
2026-09-15 09:07:40,On,,On,On,On,On,On,On,On,On,On
2026-09-15 09:08:00,On,,On,On,On,On,On,On,On,On,On
2026-09-15 09:08:20,On,,On,On,On,On,On,On,On,On,On
2026-09-15 09:08:40,On,,On,On,On,On,On,On,On,On,On
2026-09-15 09:09:00,On,,On,On,On,On,On,On,On,On,On
2026-09-15 09:09:20,On,,On,On,On,On,On,On,On,On,On
2026-09-15 09:09:40,On,,On,On,On,On,On,On,On,On,On
2026-09-15 09:10:00,On,,On,On,On,On,On,On,On,On,On
2026-09-15 09:10:20,On,On,On,On,On,On,On,On,On,On,On
2026-09-15 09:10:40,On,On,On,On,On,On,On,On,On,On,On
2026-09-15 09:11:00,On,On,On,On,On,On,On,On,On,On,On
2026-09-15 09:11:20,On,On,,On,On,On,On,On,On,On,On
2026-09-15 09:11:40,,On,,On,,,On,On,,On,
2026-09-15 09:12:00,On,On,On,On,On,,On,On,On,On,On
2026-09-15 09:12:20,,On,On,On,On,,On,On,,On,On
2026-09-15 09:12:40,On,On,On,On,On,On,On,On,On,On,On
2026-09-15 09:13:00,,On,,On,,On,On,On,,On,
2026-09-15 09:13:20,On,On,On,On,On,On,On,On,On,On,On
2026-09-15 09:13:40,,On,On,On,On,,On,On,On,On,On
2026-09-15 09:14:00,On,On,On,On,On,,On,On,On,On,On
2026-09-15 09:14:20,On,On,On,On,On,,On,On,On,On,On
2026-09-15 09:14:40,On,On,On,On,On,,On,On,On,On,On
2026-09-15 09:15:00,On,On,On,On,On,,On,On,On,On,On
2026-09-15 09:15:20,On,On,On,On,On,,On,On,On,On,On
2026-09-15 09:15:40,On,On,On,On,On,,On,On,On,On,On
2026-09-15 09:16:00,On,On,On,On,On,,On,On,On,On,On
2026-09-15 09:16:20,On,On,On,On,On,,On,On,On,On,On
2026-09-15 09:16:40,On,On,On,On,On,,On,On,On,On,On
2026-09-15 09:17:00,On,On,On,On,On,,On,On,On,On,On
2026-09-15 09:17:20,On,On,On,On,On,,On,On,On,On,On
2026-09-15 09:17:40,On,On,On,On,On,On,On,On,On,On,On
2026-09-15 09:18:00,On,On,On,On,On,On,On,On,On,On,On
2026-09-15 09:18:20,On,,On,On,On,On,On,On,On,On,On
2026-09-15 09:18:40,On,,On,On,On,,On,On,On,On,On
2026-09-15 09:19:00,On,,On,On,On,,On,On,On,On,On
2026-09-15 09:19:20,On,,On,On,On,,On,On,On,On,On
2026-09-15 09:19:40,On,,On,On,On,,On,On,On,On,On
2026-09-15 09:20:00,On,,On,On,On,,On,On,On,On,On
2026-09-15 09:20:20,On,On,On,On,On,,On,On,On,On,On
2026-09-15 09:20:40,On,On,On,On,On,,On,On,On,On,On
2026-09-15 09:21:00,On,On,On,On,On,,On,On,On,On,On
2026-09-15 09:21:20,On,,On,On,On,,On,On,On,On,On
2026-09-15 09:21:40,On,,On,On,On,,On,On,On,On,On
2026-09-15 09:22:00,On,,On,On,On,,On,On,On,On,On
2026-09-15 09:22:20,On,,On,On,On,,On,On,On,On,On
2026-09-15 09:22:40,On,,On,On,On,On,On,On,On,On,On
2026-09-15 09:23:00,On,,On,On,On,On,On,On,On,On,On
2026-09-15 09:23:20,On,,On,On,On,On,On,On,On,On,On
2026-09-15 09:23:40,On,,On,On,On,On,On,On,On,On,On
2026-09-15 09:24:00,On,,On,On,On,On,On,On,On,On,On
2026-09-15 09:24:20,On,,On,On,On,On,On,On,On,On,On
2026-09-15 09:24:40,On,,On,On,On,On,On,On,On,On,On
2026-09-15 09:25:00,On,,On,On,On,On,On,On,On,On,On
2026-09-15 09:25:20,On,On,On,On,On,On,On,On,On,On,On
2026-09-15 09:25:40,On,On,On,On,On,On,On,On,On,On,On
2026-09-15 09:26:00,On,On,On,On,On,On,On,On,On,On,On
2026-09-15 09:26:20,On,On,On,On,On,On,On,On,On,On,On
2026-09-15 09:26:40,On,On,On,On,On,On,On,On,On,On,On
2026-09-15 09:27:00,On,On,On,On,On,On,On,On,On,On,On
2026-09-15 09:27:20,On,On,On,On,On,,On,On,On,On,On
2026-09-15 09:27:40,On,On,On,On,On,On,On,On,On,On,On
2026-09-15 09:28:00,On,On,On,On,On,On,On,On,On,On,On
2026-09-15 09:28:20,On,,On,On,On,On,On,On,On,On,On
2026-09-15 09:28:40,On,,On,On,On,On,On,On,On,On,On
2026-09-15 09:29:00,On,,On,On,On,On,On,On,On,On,On
2026-09-15 09:29:20,On,,,On,On,On,On,On,On,On,On
2026-09-15 09:29:40,,,,On,,On,On,On,,On,
2026-09-15 09:30:00,On,,,On,On,,On,On,On,On,On
2026-09-15 09:30:20,,On,,On,On,On,On,On,On,On,On
2026-09-15 09:30:40,On,On,,On,,On,On,On,,On,
2026-09-15 09:31:00,On,,,On,On,On,On,On,On,On,On
2026-09-15 09:31:20,,,,On,On,On,On,On,On,On,On
2026-09-15 09:31:40,On,,,On,,On,On,On,,On,
2026-09-15 09:32:00,,,On,On,On,On,On,On,On,On,On
2026-09-15 09:32:20,On,,On,On,On,On,On,On,On,On,On
2026-09-15 09:32:40,On,,On,On,,,On,On,,On,
2026-09-15 09:33:00,,,On,On,On,On,On,On,On,On,On
2026-09-15 09:33:20,On,,On,On,On,On,On,On,On,On,On
2026-09-15 09:33:40,On,,On,On,,On,On,On,,On,On
2026-09-15 09:34:00,,,On,On,On,On,On,On,On,On,
2026-09-15 09:34:20,On,,On,On,On,On,On,On,On,On,On
2026-09-15 09:34:40,,,On,On,On,On,On,On,On,On,On
2026-09-15 09:35:00,On,,On,On,On,On,On,On,On,On,On
2026-09-15 09:35:20,On,On,On,On,On,On,On,On,On,On,On
2026-09-15 09:35:40,On,On,On,On,On,On,On,On,On,On,On
2026-09-15 09:36:00,On,On,On,On,On,On,On,On,On,On,On
2026-09-15 09:36:20,On,,On,On,On,On,On,On,On,On,On
2026-09-15 09:36:40,On,,On,On,On,On,On,On,On,On,On
2026-09-15 09:37:00,On,,On,On,On,On,On,On,On,On,On
2026-09-15 09:37:20,On,,On,On,On,On,On,On,On,On,On
2026-09-15 09:37:40,On,,On,On,On,On,On,On,On,On,On
2026-09-15 09:38:00,On,,On,On,On,On,On,On,On,On,On
2026-09-15 09:38:20,On,,On,On,On,On,On,On,On,On,On
2026-09-15 09:38:40,On,,On,On,On,On,On,On,On,On,On
2026-09-15 09:39:00,On,,On,On,On,On,On,On,On,On,On
2026-09-15 09:39:20,On,,On,On,On,On,On,On,On,On,On
2026-09-15 09:39:40,On,,On,On,On,On,On,On,On,On,On
2026-09-15 09:40:00,On,,On,On,On,On,On,On,On,On,On
2026-09-15 09:40:20,On,On,On,On,On,On,On,On,On,On,On
2026-09-15 09:40:40,On,On,On,On,On,On,On,On,On,On,On
2026-09-15 09:41:00,On,On,On,On,On,On,On,On,On,On,On
2026-09-15 09:41:20,On,On,On,On,On,,On,On,On,On,On
2026-09-15 09:41:40,,On,On,On,,,On,On,,On,
2026-09-15 09:42:00,On,On,,On,On,,On,On,On,On,On
2026-09-15 09:42:20,On,On,On,On,On,,On,On,On,On,On
2026-09-15 09:42:40,On,On,On,On,On,On,On,On,On,On,On
2026-09-15 09:43:00,On,On,On,On,On,On,On,On,On,On,On
2026-09-15 09:43:20,On,On,On,On,On,On,On,On,On,On,On
2026-09-15 09:43:40,On,On,On,On,On,On,On,On,On,On,On
2026-09-15 09:44:00,,On,On,On,,,On,On,,On,
2026-09-15 09:44:20,On,On,On,On,On,On,On,On,On,On,On
2026-09-15 09:44:40,,On,On,On,On,On,On,On,,On,
2026-09-15 09:45:00,On,On,On,On,,On,On,On,On,On,On
2026-09-15 09:45:20,On,On,On,On,On,On,On,On,On,On,On
2026-09-15 09:45:40,,On,On,On,,On,On,On,On,On,On
2026-09-15 09:46:00,On,On,On,On,On,On,On,On,,On,
2026-09-15 09:46:20,,On,On,On,On,,On,On,On,On,On
2026-09-15 09:46:40,On,On,,On,On,On,On,On,On,On,On
2026-09-15 09:47:00,On,On,On,On,,On,On,On,,On,
2026-09-15 09:47:20,,On,On,On,On,On,On,On,On,On,On
2026-09-15 09:47:40,On,On,On,On,On,On,On,On,On,On,On
2026-09-15 09:48:00,,On,On,On,On,On,On,On,On,On,On
2026-09-15 09:48:20,On,On,On,On,On,On,On,On,On,On,On
2026-09-15 09:48:40,On,On,On,On,On,On,On,On,On,On,On
2026-09-15 09:49:00,On,On,On,On,On,On,On,On,On,On,On
2026-09-15 09:49:20,On,On,,On,On,On,On,On,On,On,On
2026-09-15 09:49:40,On,On,,On,On,On,On,On,On,On,On
2026-09-15 09:50:00,On,On,,On,On,,On,On,On,On,On
2026-09-15 09:50:20,On,On,,On,On,,On,On,On,On,On
2026-09-15 09:50:40,On,On,,On,On,,On,On,On,On,On
2026-09-15 09:51:00,On,On,,On,On,,On,On,On,On,On
2026-09-15 09:51:20,On,On,,On,On,,On,On,On,On,On
2026-09-15 09:51:40,On,On,,On,On,,On,On,On,On,On
2026-09-15 09:52:00,On,On,,On,On,,On,On,On,On,On
2026-09-15 09:52:20,On,On,,On,On,,On,On,On,On,On
2026-09-15 09:52:40,On,On,,On,On,On,On,On,On,On,On
2026-09-15 09:53:00,On,On,,On,On,On,On,On,On,On,On
2026-09-15 09:53:20,On,,,On,On,On,On,On,On,On,On
2026-09-15 09:53:40,On,,,On,On,On,On,On,On,On,On
2026-09-15 09:54:00,On,,,On,On,On,On,On,On,On,On
2026-09-15 09:54:20,On,,,On,On,On,On,On,On,On,On
2026-09-15 09:54:40,On,,,On,,,On,On,On,,On
2026-09-15 09:55:00,,,,On,,,On,On,,,
2026-09-15 09:55:20,On,On,,On,,,On,,,,On
2026-09-15 09:55:40,On,On,,On,,,On,,,,On
2026-09-15 09:56:00,On,On,,,,,,,,,On
2026-09-15 09:56:20,,,,,,,,,,,

